tick,min_separation_m,overlap_pairs,pairs_inside_margin,plinth_gap_m,post_gap_m,speed_max_mps,speed_mean_mps,arrived,stalled,longest_current_stall,remaining_max_m
1,0.9,0,0,7.026,3.356,1.385,0.412,0,0,0,20.0
2,0.898,0,0,7.003,3.34,1.445,0.768,0,0,0,19.998
3,0.896,0,0,6.98,3.323,1.426,1.03,0,0,0,19.993
4,0.894,0,0,6.957,3.307,1.44,1.241,0,0,0,19.985
5,0.891,0,0,6.934,3.291,1.445,1.404,0,0,0,19.975
6,0.889,0,0,6.911,3.274,1.445,1.403,0,0,0,19.952
7,0.887,0,0,6.888,3.259,1.44,1.391,0,0,0,19.929
8,0.884,0,0,6.866,3.243,1.451,1.408,0,0,0,19.906
9,0.882,0,0,6.843,3.227,1.445,1.397,0,0,0,19.883
10,0.88,0,0,6.82,3.211,1.445,1.401,0,0,0,19.861
11,0.877,0,0,6.797,3.195,1.44,1.4,0,0,0,19.838
12,0.875,0,0,6.774,3.179,1.445,1.399,0,0,0,19.815
13,0.873,0,0,6.751,3.164,1.441,1.396,0,0,0,19.792
14,0.87,0,0,6.728,3.149,1.445,1.407,0,0,0,19.769
15,0.868,0,0,6.705,3.133,1.451,1.396,0,0,0,19.746
16,0.866,0,0,6.682,3.118,1.445,1.392,0,0,0,19.724
17,0.863,0,0,6.659,3.103,1.442,1.407,0,0,0,19.701
18,0.862,0,0,6.636,3.087,1.451,1.401,0,0,0,19.678
19,0.86,0,0,6.613,3.073,1.445,1.389,0,0,0,19.655
20,0.857,0,0,6.59,3.058,1.445,1.411,0,0,0,19.632
21,0.855,0,0,6.568,3.043,1.46,1.399,0,0,0,19.609
22,0.853,0,0,6.545,3.028,1.441,1.388,0,0,0,19.587
23,0.85,0,0,6.522,3.014,1.451,1.41,0,0,0,19.564
24,0.849,0,0,6.499,2.999,1.445,1.405,0,0,0,19.541
25,0.846,0,0,6.476,2.985,1.426,1.388,0,0,0,19.518
26,0.844,0,0,6.453,2.97,1.445,1.408,0,0,0,19.495
27,0.842,0,0,6.43,2.956,1.445,1.402,0,0,0,19.472
28,0.84,0,0,6.407,2.942,1.426,1.388,0,0,0,19.45
29,0.838,0,0,6.384,2.927,1.451,1.407,0,0,0,19.427
30,0.836,0,0,6.361,2.913,1.451,1.402,0,0,0,19.404
31,0.834,0,0,6.338,2.9,1.445,1.393,0,0,0,19.382
32,0.831,0,0,6.315,2.886,1.451,1.406,0,0,0,19.359
33,0.83,0,0,6.292,2.872,1.445,1.397,0,0,0,19.336
34,0.828,0,0,6.269,2.858,1.445,1.39,0,0,0,19.314
35,0.826,0,0,6.246,2.845,1.445,1.404,0,0,0,19.291
36,0.823,0,0,6.224,2.831,1.451,1.402,0,0,0,19.268
37,0.822,0,0,6.201,2.818,1.426,1.391,0,0,0,19.245
38,0.82,0,0,6.178,2.805,1.451,1.404,0,0,0,19.222
39,0.818,0,0,6.155,2.792,1.451,1.405,0,0,0,19.199
40,0.816,0,0,6.132,2.778,1.445,1.39,0,0,0,19.177
41,0.814,0,0,6.109,2.766,1.445,1.403,0,0,0,19.154
42,0.812,0,0,6.086,2.752,1.445,1.398,0,0,0,19.131
43,0.811,0,0,6.063,2.74,1.445,1.395,0,0,0,19.108
44,0.809,0,0,6.04,2.727,1.445,1.405,0,0,0,19.085
45,0.807,0,0,6.017,2.715,1.451,1.401,0,0,0,19.062
46,0.805,0,0,5.994,2.702,1.445,1.39,0,0,0,19.04
47,0.803,0,0,5.971,2.691,1.441,1.402,0,0,0,19.017
48,0.801,0,0,5.948,2.678,1.445,1.399,0,0,0,18.994
49,0.8,0,0,5.925,2.666,1.451,1.392,0,0,0,18.971
50,0.798,0,0,5.902,2.655,1.46,1.409,0,0,0,18.948
51,0.797,0,0,5.879,2.642,1.44,1.397,0,0,0,18.925
52,0.795,0,0,5.856,2.63,1.445,1.388,0,0,0,18.903
53,0.793,0,0,5.833,2.62,1.451,1.408,0,0,0,18.881
54,0.791,0,0,5.81,2.608,1.44,1.397,0,0,0,18.858
55,0.789,0,0,5.787,2.596,1.451,1.389,0,0,0,18.835
56,0.788,0,0,5.764,2.585,1.46,1.405,0,0,0,18.812
57,0.786,0,0,5.741,2.574,1.445,1.404,0,0,0,18.789
58,0.784,0,0,5.718,2.563,1.412,1.383,0,0,0,18.766
59,0.783,0,0,5.695,2.552,1.451,1.398,0,0,0,18.744
60,0.781,0,0,5.672,2.542,1.451,1.412,0,0,0,18.721
61,0.779,0,0,5.649,2.531,1.445,1.388,0,0,0,18.698
62,0.777,0,0,5.626,2.521,1.441,1.396,0,0,0,18.675
63,0.777,0,0,5.603,2.51,1.445,1.401,0,0,0,18.652
64,0.775,0,0,5.58,2.5,1.445,1.382,0,0,0,18.629
65,0.773,0,0,5.558,2.49,1.445,1.403,0,0,0,18.607
66,0.771,0,0,5.535,2.48,1.441,1.399,0,0,0,18.585
67,0.77,0,0,5.512,2.47,1.445,1.391,0,0,0,18.562
68,0.768,0,0,5.489,2.461,1.46,1.399,0,0,0,18.539
69,0.766,0,0,5.466,2.452,1.445,1.4,0,0,0,18.516
70,0.765,0,0,5.443,2.442,1.451,1.392,0,0,0,18.494
71,0.763,0,0,5.42,2.434,1.451,1.398,0,0,0,18.471
72,0.761,0,0,5.397,2.425,1.445,1.398,0,0,0,18.448
73,0.76,0,0,5.374,2.416,1.445,1.386,0,0,0,18.425
74,0.759,0,0,5.351,2.408,1.445,1.398,0,0,0,18.402
75,0.758,0,0,5.328,2.399,1.451,1.401,0,0,0,18.379
76,0.756,0,0,5.305,2.391,1.445,1.387,0,0,0,18.357
77,0.754,0,0,5.282,2.382,1.445,1.402,0,0,0,18.334
78,0.753,0,0,5.259,2.375,1.451,1.396,0,0,0,18.312
79,0.751,0,0,5.236,2.367,1.46,1.39,0,0,0,18.289
80,0.749,0,0,5.213,2.36,1.445,1.396,0,0,0,18.266
81,0.747,0,0,5.19,2.352,1.445,1.396,0,0,0,18.244
82,0.747,0,0,5.167,2.345,1.451,1.391,0,0,0,18.221
83,0.745,0,0,5.144,2.338,1.451,1.4,0,0,0,18.199
84,0.744,0,0,5.121,2.331,1.441,1.394,0,0,0,18.177
85,0.742,0,0,5.098,2.324,1.445,1.389,0,0,0,18.156
86,0.74,0,0,5.075,2.318,1.441,1.392,0,0,0,18.134
87,0.739,0,0,5.052,2.311,1.46,1.404,0,0,0,18.113
88,0.736,0,0,5.029,2.305,1.46,1.385,0,0,0,18.092
89,0.736,0,0,5.005,2.299,1.445,1.394,0,0,0,18.071
90,0.734,0,0,4.982,2.294,1.451,1.397,0,0,0,18.05
91,0.733,0,0,4.959,2.287,1.451,1.389,0,0,0,18.028
92,0.731,0,0,4.936,2.282,1.451,1.395,0,0,0,18.007
93,0.731,0,0,4.913,2.277,1.451,1.4,0,0,0,17.986
94,0.728,0,0,4.89,2.272,1.412,1.379,0,0,0,17.965
95,0.727,0,0,4.867,2.268,1.451,1.4,0,0,0,17.944
96,0.725,0,0,4.844,2.262,1.445,1.4,0,0,0,17.922
97,0.725,0,0,4.821,2.258,1.451,1.388,0,0,0,17.901
98,0.723,0,0,4.798,2.254,1.441,1.388,0,0,0,17.88
99,0.721,0,0,4.775,2.25,1.445,1.395,0,0,0,17.86
100,0.719,0,0,4.752,2.246,1.441,1.388,0,0,0,17.838
101,0.719,0,0,4.729,2.243,1.445,1.393,0,0,0,17.817
102,0.717,0,0,4.706,2.239,1.445,1.388,0,0,0,17.796
103,0.715,0,0,4.683,2.235,1.451,1.4,0,0,0,17.775
104,0.714,0,0,4.66,2.232,1.44,1.388,0,0,0,17.755
105,0.713,0,0,4.637,2.229,1.44,1.388,0,0,0,17.734
106,0.711,0,0,4.614,2.227,1.445,1.388,0,0,0,17.713
107,0.71,0,0,4.591,2.224,1.451,1.4,0,0,0,17.692
108,0.708,0,0,4.568,2.222,1.44,1.383,0,0,0,17.671
109,0.707,0,0,4.545,2.22,1.441,1.381,0,0,0,17.651
110,0.706,0,0,4.523,2.218,1.451,1.402,0,0,0,17.63
111,0.703,0,0,4.5,2.217,1.46,1.395,0,0,0,17.609
112,0.702,0,0,4.477,2.215,1.451,1.384,0,0,0,17.588
113,0.701,0,0,4.454,2.213,1.451,1.39,0,0,0,17.568
114,0.699,0,0,4.431,2.212,1.445,1.392,0,0,0,17.547
115,0.698,0,0,4.408,2.21,1.445,1.386,0,0,0,17.526
116,0.696,0,0,4.385,2.208,1.451,1.387,0,0,0,17.505
117,0.694,0,0,4.362,2.206,1.451,1.393,0,0,0,17.485
118,0.693,0,0,4.339,2.205,1.445,1.386,0,0,0,17.465
119,0.692,0,0,4.316,2.203,1.451,1.391,0,0,0,17.444
120,0.69,0,0,4.293,2.201,1.46,1.393,0,0,0,17.423
121,0.689,0,0,4.269,2.199,1.451,1.386,0,0,0,17.402
122,0.687,0,0,4.246,2.198,1.451,1.387,0,0,0,17.382
123,0.686,0,0,4.223,2.196,1.46,1.394,0,0,0,17.362
124,0.684,0,0,4.201,2.194,1.451,1.386,0,0,0,17.341
125,0.683,0,0,4.178,2.192,1.445,1.392,0,0,0,17.321
126,0.681,0,0,4.155,2.191,1.445,1.386,0,0,0,17.3
127,0.68,0,0,4.132,2.191,1.441,1.377,0,0,0,17.28
128,0.679,0,0,4.109,2.189,1.451,1.391,0,0,0,17.259
129,0.677,0,0,4.086,2.189,1.451,1.391,0,0,0,17.239
130,0.676,0,0,4.063,2.188,1.451,1.383,0,0,0,17.218
131,0.674,0,0,4.04,2.188,1.451,1.396,0,0,0,17.197
132,0.673,0,0,4.017,2.187,1.445,1.385,0,0,0,17.176
133,0.671,0,0,3.995,2.187,1.445,1.378,0,0,0,17.156
134,0.67,0,0,3.972,2.189,1.451,1.392,0,0,0,17.136
135,0.669,0,0,3.949,2.189,1.445,1.386,0,0,0,17.115
136,0.667,0,0,3.926,2.19,1.445,1.384,0,0,0,17.094
137,0.667,0,0,3.903,2.191,1.451,1.382,0,0,0,17.074
138,0.665,0,0,3.88,2.192,1.46,1.393,0,0,0,17.053
139,0.665,0,0,3.856,2.193,1.445,1.383,0,0,0,17.032
140,0.663,0,0,3.834,2.195,1.451,1.38,0,0,0,17.012
141,0.662,0,0,3.811,2.196,1.445,1.387,0,0,0,16.991
142,0.661,0,0,3.788,2.198,1.451,1.384,0,0,0,16.97
143,0.659,0,0,3.765,2.2,1.445,1.38,0,0,0,16.949
144,0.658,0,0,3.742,2.198,1.451,1.381,0,0,0,16.929
145,0.658,0,0,3.719,2.195,1.451,1.386,0,0,0,16.908
146,0.655,0,0,3.697,2.192,1.451,1.39,0,0,0,16.887
147,0.655,0,0,3.674,2.189,1.445,1.378,0,0,0,16.867
148,0.654,0,0,3.651,2.187,1.401,1.369,0,0,0,16.846
149,0.652,0,0,3.628,2.185,1.445,1.388,0,0,0,16.825
150,0.651,0,0,3.605,2.183,1.451,1.376,0,0,0,16.804
151,0.651,0,0,3.583,2.181,1.451,1.378,0,0,0,16.784
152,0.65,0,0,3.56,2.179,1.451,1.379,0,0,0,16.763
153,0.649,0,0,3.537,2.178,1.451,1.39,0,0,0,16.741
154,0.647,0,0,3.513,2.176,1.401,1.364,0,0,0,16.721
155,0.647,0,0,3.491,2.174,1.445,1.373,0,0,0,16.7
156,0.646,0,0,3.468,2.172,1.451,1.379,0,0,0,16.679
157,0.644,0,0,3.445,2.17,1.451,1.366,0,0,0,16.659
158,0.644,0,0,3.422,2.168,1.441,1.366,0,0,0,16.638
159,0.643,0,0,3.4,2.167,1.451,1.375,0,0,0,16.617
160,0.642,0,0,3.377,2.165,1.451,1.368,0,0,0,16.596
161,0.64,0,0,3.354,2.163,1.451,1.369,0,0,0,16.575
162,0.64,0,0,3.332,2.161,1.441,1.361,0,0,0,16.554
163,0.639,0,0,3.309,2.159,1.451,1.369,0,0,0,16.534
164,0.638,0,0,3.286,2.157,1.445,1.366,0,0,0,16.513
165,0.637,0,0,3.263,2.156,1.451,1.367,0,0,0,16.491
166,0.637,0,0,3.24,2.154,1.445,1.36,0,0,0,16.47
167,0.636,0,0,3.217,2.153,1.445,1.363,0,0,0,16.45
168,0.635,0,0,3.194,2.152,1.451,1.371,0,0,0,16.429
169,0.634,0,0,3.172,2.151,1.451,1.359,0,0,0,16.407
170,0.634,0,0,3.149,2.151,1.451,1.357,0,0,0,16.387
171,0.633,0,0,3.126,2.15,1.441,1.364,0,0,0,16.366
172,0.632,0,0,3.104,2.15,1.451,1.356,0,0,0,16.345
173,0.63,0,0,3.081,2.15,1.445,1.352,0,0,0,16.324
174,0.63,0,0,3.058,2.15,1.445,1.364,0,0,0,16.303
175,0.628,0,0,3.035,2.151,1.445,1.352,0,0,0,16.282
176,0.627,0,0,3.012,2.152,1.445,1.354,0,0,0,16.262
177,0.627,0,0,2.989,2.153,1.445,1.352,0,0,0,16.241
178,0.626,0,0,2.967,2.154,1.445,1.347,0,0,0,16.22
179,0.625,0,0,2.944,2.155,1.445,1.355,0,0,0,16.2
180,0.624,0,0,2.92,2.156,1.441,1.347,0,0,0,16.179
181,0.623,0,0,2.898,2.158,1.451,1.354,0,0,0,16.158
182,0.623,0,0,2.875,2.16,1.441,1.345,0,0,0,16.138
183,0.621,0,0,2.852,2.162,1.445,1.344,0,0,0,16.117
184,0.62,0,0,2.83,2.164,1.445,1.347,0,0,0,16.096
185,0.62,0,0,2.806,2.161,1.451,1.345,0,0,0,16.076
186,0.619,0,0,2.783,2.158,1.445,1.344,0,0,0,16.055
187,0.618,0,0,2.761,2.156,1.451,1.344,0,0,0,16.034
188,0.618,0,0,2.737,2.154,1.441,1.348,0,0,0,16.014
189,0.617,0,0,2.714,2.152,1.445,1.34,0,0,0,15.993
190,0.615,0,0,2.692,2.15,1.451,1.339,0,0,0,15.972
191,0.614,0,0,2.669,2.148,1.445,1.337,0,0,0,15.951
192,0.614,0,0,2.645,2.146,1.451,1.337,0,0,0,15.932
193,0.613,0,0,2.622,2.144,1.451,1.335,0,0,0,15.911
194,0.612,0,0,2.6,2.143,1.445,1.325,0,0,0,15.89
195,0.611,0,0,2.577,2.141,1.451,1.335,0,0,0,15.871
196,0.61,0,0,2.553,2.139,1.392,1.32,0,0,0,15.85
197,0.61,0,0,2.531,2.137,1.451,1.329,0,0,0,15.83
198,0.608,0,0,2.508,2.135,1.451,1.328,0,0,0,15.811
199,0.607,0,0,2.484,2.133,1.392,1.314,0,0,0,15.79
200,0.607,0,0,2.462,2.131,1.445,1.318,0,0,0,15.77
201,0.607,0,0,2.439,2.129,1.445,1.322,0,0,0,15.751
202,0.607,0,0,2.415,2.128,1.445,1.315,0,0,0,15.731
203,0.605,0,0,2.393,2.126,1.451,1.314,0,0,0,15.71
204,0.604,0,0,2.37,2.124,1.44,1.303,0,0,0,15.691
205,0.604,0,0,2.347,2.123,1.451,1.322,0,0,0,15.671
206,0.604,0,0,2.324,2.122,1.451,1.311,0,0,0,15.651
207,0.603,0,0,2.301,2.121,1.445,1.306,0,0,0,15.632
208,0.602,0,0,2.278,2.12,1.441,1.304,0,0,0,15.612
209,0.602,0,0,2.255,2.119,1.451,1.307,0,0,0,15.592
210,0.602,0,0,2.232,2.119,1.451,1.308,0,0,0,15.572
211,0.601,0,0,2.209,2.118,1.445,1.299,0,0,0,15.553
212,0.601,0,0,2.186,2.118,1.445,1.302,0,0,0,15.533
213,0.601,0,0,2.163,2.118,1.445,1.303,0,0,0,15.513
214,0.6,0,1,2.14,2.119,1.441,1.297,0,0,0,15.494
215,0.6,0,0,2.117,2.119,1.445,1.313,0,0,0,15.474
216,0.601,0,0,2.094,2.12,1.445,1.312,0,0,0,15.454
217,0.601,0,0,2.072,2.121,1.445,1.316,0,0,0,15.434
218,0.601,0,0,2.049,2.122,1.445,1.317,0,0,0,15.413
219,0.6,0,0,2.026,2.124,1.441,1.312,0,0,0,15.393
220,0.6,0,0,2.004,2.125,1.445,1.309,0,0,0,15.372
221,0.6,0,3,1.981,2.127,1.445,1.309,0,0,0,15.351
222,0.599,0,4,1.959,2.129,1.445,1.304,0,0,0,15.331
223,0.6,0,0,1.936,2.131,1.441,1.305,0,0,0,15.311
224,0.599,0,1,1.913,2.131,1.445,1.301,0,0,0,15.29
225,0.599,0,4,1.891,2.128,1.451,1.314,0,0,0,15.27
226,0.599,0,4,1.869,2.126,1.445,1.305,0,0,0,15.25
227,0.6,0,4,1.845,2.123,1.445,1.301,0,0,0,15.23
228,0.599,0,4,1.823,2.122,1.441,1.297,0,0,0,15.21
229,0.599,0,4,1.801,2.12,1.445,1.296,0,0,0,15.19
230,0.6,0,4,1.779,2.118,1.445,1.306,0,0,0,15.17
231,0.599,0,4,1.756,2.116,1.445,1.299,0,0,0,15.149
232,0.599,0,4,1.734,2.114,1.445,1.29,0,0,0,15.13
233,0.599,0,3,1.711,2.112,1.392,1.291,0,0,0,15.109
234,0.599,0,4,1.689,2.111,1.451,1.289,0,0,0,15.09
235,0.599,0,4,1.667,2.109,1.445,1.295,0,0,0,15.07
236,0.599,0,4,1.646,2.107,1.445,1.276,0,0,0,15.051
237,0.599,0,4,1.623,2.105,1.445,1.289,0,0,0,15.031
238,0.599,0,4,1.601,2.103,1.451,1.284,0,0,0,15.011
239,0.599,0,4,1.579,2.101,1.445,1.279,0,0,0,14.991
240,0.599,0,4,1.558,2.099,1.44,1.273,0,0,0,14.972
241,0.599,0,4,1.537,2.098,1.445,1.296,0,0,0,14.953
242,0.6,0,4,1.515,2.096,1.451,1.285,0,0,0,14.934
243,0.599,0,2,1.493,2.094,1.44,1.288,0,0,0,14.914
244,0.599,0,6,1.472,2.093,1.445,1.275,0,0,0,14.895
245,0.6,0,6,1.45,2.091,1.441,1.284,0,0,0,14.876
246,0.599,0,5,1.429,2.09,1.445,1.272,0,0,0,14.857
247,0.599,0,8,1.407,2.089,1.392,1.274,0,0,0,14.838
248,0.599,0,7,1.387,2.089,1.441,1.269,0,0,0,14.82
249,0.599,0,8,1.366,2.088,1.451,1.276,0,0,0,14.801
250,0.599,0,8,1.345,2.088,1.445,1.263,0,0,0,14.782
251,0.599,0,8,1.324,2.088,1.392,1.262,0,0,0,14.764
252,0.599,0,8,1.303,2.088,1.445,1.269,0,0,0,14.745
253,0.599,0,6,1.282,2.088,1.44,1.256,0,0,0,14.727
254,0.599,0,7,1.261,2.09,1.392,1.26,0,0,0,14.71
255,0.599,0,7,1.241,2.091,1.445,1.252,0,0,0,14.691
256,0.599,0,6,1.22,2.092,1.445,1.254,0,0,0,14.673
257,0.599,0,8,1.199,2.093,1.392,1.242,0,0,0,14.662
258,0.599,0,8,1.179,2.094,1.392,1.245,0,0,0,14.651
259,0.598,0,7,1.158,2.096,1.445,1.24,0,0,0,14.64
260,0.599,0,7,1.138,2.097,1.431,1.241,0,0,0,14.628
261,0.599,0,5,1.118,2.099,1.431,1.233,0,0,0,14.617
262,0.599,0,8,1.097,2.101,1.392,1.233,0,0,0,14.605
263,0.599,0,5,1.077,2.103,1.445,1.231,0,0,0,14.594
264,0.599,0,5,1.056,2.101,1.465,1.228,0,0,0,14.583
265,0.599,0,7,1.036,2.098,1.431,1.216,0,0,0,14.572
266,0.599,0,8,1.016,2.095,1.401,1.219,0,0,0,14.56
267,0.599,0,6,0.996,2.093,1.451,1.219,0,0,0,14.549
268,0.599,0,7,0.977,2.091,1.431,1.208,0,0,0,14.538
269,0.599,0,9,0.959,2.089,1.401,1.203,0,0,0,14.527
270,0.599,0,6,0.94,2.087,1.431,1.202,0,0,0,14.516
271,0.599,0,8,0.922,2.086,1.392,1.194,0,0,0,14.503
272,0.599,0,11,0.904,2.084,1.445,1.195,0,0,0,14.492
273,0.599,0,11,0.886,2.082,1.385,1.197,0,0,0,14.481
274,0.599,0,11,0.869,2.08,1.392,1.189,0,0,0,14.469
275,0.598,0,12,0.852,2.078,1.392,1.182,0,0,0,14.458
276,0.598,0,12,0.835,2.076,1.385,1.18,0,0,0,14.446
277,0.599,0,12,0.819,2.074,1.385,1.175,0,0,0,14.436
278,0.599,0,13,0.803,2.072,1.392,1.171,0,0,0,14.425
279,0.598,0,12,0.788,2.07,1.392,1.17,0,0,0,14.415
280,0.598,0,13,0.772,2.068,1.385,1.163,0,0,0,14.404
281,0.598,0,15,0.757,2.066,1.392,1.161,0,0,0,14.395
282,0.598,0,16,0.742,2.064,1.392,1.159,0,0,0,14.386
283,0.597,0,17,0.728,2.062,1.385,1.15,0,0,0,14.376
284,0.598,0,18,0.714,2.061,1.332,1.141,0,0,0,14.366
285,0.597,0,17,0.701,2.06,1.385,1.14,0,0,0,14.357
286,0.597,0,17,0.687,2.059,1.385,1.136,0,0,0,14.348
287,0.597,0,18,0.675,2.058,1.354,1.133,0,0,0,14.339
288,0.597,0,21,0.662,2.057,1.332,1.114,0,0,0,14.33
289,0.598,0,24,0.65,2.057,1.354,1.12,0,0,0,14.322
290,0.598,0,24,0.638,2.057,1.368,1.112,0,0,0,14.315
291,0.598,0,25,0.625,2.056,1.354,1.104,0,0,0,14.307
292,0.598,0,24,0.615,2.056,1.354,1.101,0,0,0,14.298
293,0.598,0,25,0.604,2.056,1.342,1.091,0,0,0,14.291
294,0.599,0,26,0.592,2.057,1.332,1.091,0,0,0,14.284
295,0.598,0,25,0.582,2.057,1.368,1.082,0,0,0,14.277
296,0.599,0,24,0.572,2.058,1.342,1.083,0,0,0,14.27
297,0.599,0,24,0.562,2.058,1.354,1.076,0,0,0,14.264
298,0.599,0,22,0.552,2.06,1.354,1.069,0,0,0,14.256
299,0.598,0,22,0.543,2.061,1.385,1.07,0,0,0,14.25
300,0.598,0,25,0.534,2.062,1.342,1.06,0,0,0,14.243
301,0.598,0,24,0.525,2.064,1.354,1.059,0,0,0,14.237
302,0.598,0,24,0.517,2.065,1.385,1.057,0,0,0,14.231
303,0.598,0,27,0.509,2.067,1.354,1.051,0,0,0,14.225
304,0.598,0,24,0.501,2.07,1.385,1.043,0,0,0,14.219
305,0.598,0,25,0.493,2.071,1.405,1.045,0,0,0,14.213
306,0.598,0,24,0.486,2.073,1.405,1.034,0,0,0,14.207
307,0.598,0,27,0.479,2.076,1.405,1.035,0,0,0,14.202
308,0.598,0,28,0.472,2.078,1.405,1.028,0,0,0,14.196
309,0.598,0,25,0.464,2.081,1.405,1.025,0,0,0,14.191
310,0.598,0,29,0.457,2.083,1.371,1.017,0,0,0,14.186
311,0.599,0,32,0.45,2.087,1.405,1.015,0,0,0,14.181
312,0.598,0,30,0.444,2.089,1.405,1.012,0,0,0,14.176
313,0.598,0,32,0.438,2.092,1.426,1.005,0,0,0,14.171
314,0.598,0,30,0.431,2.095,1.405,0.998,0,0,0,14.167
315,0.599,0,32,0.425,2.098,1.371,0.998,0,0,0,14.162
316,0.598,0,29,0.419,2.102,1.426,0.994,0,0,0,14.158
317,0.599,0,30,0.412,2.106,1.405,0.993,0,0,0,14.153
318,0.599,0,27,0.407,2.109,1.371,0.986,0,0,0,14.149
319,0.599,0,30,0.4,2.112,1.426,0.978,0,0,0,14.145
320,0.599,0,28,0.394,2.117,1.371,0.983,0,0,0,14.141
321,0.599,0,30,0.389,2.12,1.426,0.976,0,0,0,14.138
322,0.599,0,25,0.382,2.124,1.371,0.977,0,0,0,14.134
323,0.599,0,26,0.378,2.128,1.426,0.966,0,0,0,14.13
324,0.599,0,29,0.372,2.133,1.371,0.971,0,0,0,14.126
325,0.598,0,27,0.366,2.137,1.426,0.964,0,0,0,14.124
326,0.599,0,23,0.361,2.141,1.396,0.957,0,0,0,14.12
327,0.599,0,23,0.356,2.146,1.371,0.956,0,0,0,14.117
328,0.599,0,25,0.351,2.15,1.371,0.949,0,0,0,14.115
329,0.598,0,25,0.345,2.155,1.31,0.944,0,0,0,14.112
330,0.599,0,29,0.341,2.16,1.371,0.94,0,0,0,14.109
331,0.598,0,30,0.336,2.165,1.371,0.938,0,0,0,14.106
332,0.598,0,30,0.331,2.17,1.348,0.935,0,0,0,14.105
333,0.598,0,30,0.326,2.175,1.371,0.928,0,0,0,14.102
334,0.597,0,25,0.321,2.18,1.237,0.918,0,0,0,14.101
335,0.598,0,32,0.316,2.185,1.283,0.917,0,0,0,14.099
336,0.598,0,34,0.312,2.19,1.401,0.932,0,0,0,14.097
337,0.598,0,31,0.308,2.196,1.401,0.935,0,0,0,14.097
338,0.598,0,36,0.303,2.201,1.401,0.929,0,0,0,14.095
339,0.598,0,37,0.298,2.207,1.401,0.929,0,0,0,14.095
340,0.598,0,31,0.293,2.213,1.401,0.925,0,0,0,14.094
341,0.598,0,32,0.288,2.219,1.401,0.922,0,0,0,14.094
342,0.599,0,37,0.283,2.224,1.401,0.916,0,0,0,14.093
343,0.598,0,30,0.279,2.23,1.401,0.918,0,0,0,14.093
344,0.598,0,33,0.274,2.237,1.401,0.911,0,0,0,14.092
345,0.598,0,35,0.269,2.243,1.401,0.908,0,0,0,14.093
346,0.598,0,33,0.264,2.249,1.401,0.908,0,0,0,14.093
347,0.599,0,36,0.259,2.255,1.442,0.905,0,0,0,14.093
348,0.598,0,30,0.254,2.262,1.401,0.905,0,0,0,14.093
349,0.598,0,36,0.25,2.268,1.401,0.903,0,0,0,14.094
350,0.598,0,34,0.244,2.275,1.401,0.899,0,0,0,14.095
351,0.598,0,31,0.24,2.281,1.401,0.897,0,0,0,14.095
352,0.599,0,32,0.235,2.288,1.401,0.902,0,0,0,14.097
353,0.599,0,26,0.23,2.294,1.401,0.894,0,0,0,14.098
354,0.599,0,31,0.225,2.301,1.401,0.895,0,0,0,14.098
355,0.599,0,30,0.221,2.308,1.401,0.889,0,0,0,14.1
356,0.599,0,27,0.216,2.314,1.442,0.889,0,0,0,14.1
357,0.599,0,25,0.211,2.321,1.442,0.889,0,0,0,14.101
358,0.599,0,26,0.207,2.328,1.401,0.884,0,0,0,14.102
359,0.599,0,22,0.204,2.334,1.442,0.882,0,0,0,14.102
360,0.599,0,23,0.199,2.341,1.442,0.877,0,0,0,14.103
361,0.599,0,24,0.194,2.349,1.401,0.883,0,0,0,14.103
362,0.599,0,19,0.189,2.355,1.401,0.875,0,0,0,14.103
363,0.599,0,23,0.186,2.363,1.442,0.874,0,0,0,14.103
364,0.599,0,24,0.182,2.37,1.401,0.873,0,0,0,14.103
365,0.599,0,26,0.177,2.378,1.401,0.87,0,0,0,14.103
366,0.599,0,21,0.173,2.385,1.401,0.869,0,0,0,14.104
367,0.599,0,26,0.17,2.393,1.442,0.869,0,0,0,14.103
368,0.599,0,28,0.165,2.4,1.401,0.867,0,0,0,14.103
369,0.599,0,26,0.161,2.408,1.401,0.864,0,0,0,14.103
370,0.599,0,28,0.157,2.415,1.401,0.864,0,0,0,14.103
371,0.599,0,24,0.153,2.424,1.36,0.858,0,0,0,14.104
372,0.599,0,25,0.148,2.431,1.401,0.865,0,0,0,14.103
373,0.599,0,23,0.145,2.44,1.401,0.856,0,0,0,14.104
374,0.599,0,26,0.141,2.448,1.445,0.864,0,0,0,14.105
375,0.599,0,24,0.137,2.456,1.401,0.854,0,0,0,14.104
376,0.599,0,28,0.134,2.464,1.401,0.857,0,0,0,14.105
377,0.599,0,32,0.129,2.472,1.401,0.85,0,0,0,14.105
378,0.598,0,31,0.125,2.481,1.401,0.856,0,0,0,14.106
379,0.598,0,29,0.121,2.489,1.401,0.851,0,0,0,14.107
380,0.599,0,33,0.117,2.497,1.358,0.847,0,1,1,14.107
381,0.599,0,28,0.112,2.506,1.401,0.849,0,0,0,14.108
382,0.599,0,27,0.108,2.515,1.442,0.852,0,0,0,14.109
383,0.598,0,31,0.105,2.523,1.401,0.847,0,0,0,14.109
384,0.599,0,32,0.101,2.532,1.401,0.844,0,0,0,14.111
385,0.598,0,28,0.098,2.54,1.401,0.842,0,0,0,14.112
386,0.598,0,30,0.095,2.549,1.401,0.844,0,0,0,14.114
387,0.599,0,28,0.094,2.557,1.401,0.843,0,0,0,14.116
388,0.599,0,31,0.091,2.566,1.401,0.842,0,0,0,14.117
389,0.599,0,28,0.09,2.575,1.401,0.845,0,0,0,14.118
390,0.599,0,30,0.089,2.583,1.401,0.838,0,0,0,14.119
391,0.599,0,27,0.088,2.593,1.401,0.846,0,0,0,14.121
392,0.599,0,27,0.088,2.601,1.401,0.838,0,0,0,14.123
393,0.599,0,25,0.088,2.596,1.401,0.839,0,0,0,14.124
394,0.599,0,24,0.088,2.586,1.401,0.837,0,0,0,14.126
395,0.599,0,28,0.089,2.574,1.401,0.833,0,0,0,14.127
396,0.599,0,29,0.091,2.565,1.401,0.838,0,0,0,14.129
397,0.599,0,32,0.092,2.557,1.358,0.836,0,0,0,14.131
398,0.599,0,31,0.094,2.549,1.36,0.849,0,0,0,14.132
399,0.599,0,30,0.096,2.541,1.358,0.841,0,0,0,14.133
400,0.599,0,30,0.099,2.533,1.358,0.844,0,0,0,14.135
401,0.599,0,31,0.102,2.525,1.442,0.849,0,0,0,14.135
402,0.599,0,27,0.105,2.518,1.358,0.847,0,0,0,14.136
403,0.599,0,20,0.108,2.51,1.358,0.845,0,0,0,14.136
404,0.599,0,27,0.113,2.502,1.401,0.845,0,0,0,14.135
405,0.599,0,23,0.113,2.496,1.358,0.846,0,0,0,14.135
406,0.599,0,24,0.11,2.49,1.316,0.842,0,0,0,14.135
407,0.599,0,25,0.106,2.483,1.37,0.848,0,0,0,14.133
408,0.599,0,28,0.103,2.478,1.342,0.837,0,0,0,14.133
409,0.599,0,23,0.1,2.472,1.288,0.843,0,0,0,14.132
410,0.599,0,23,0.098,2.467,1.342,0.842,0,0,0,14.132
411,0.599,0,27,0.095,2.462,1.342,0.838,0,0,0,14.131
412,0.599,0,20,0.094,2.456,1.317,0.843,0,0,0,14.13
413,0.599,0,27,0.093,2.451,1.342,0.838,0,0,0,14.129
414,0.599,0,30,0.094,2.447,1.342,0.84,0,0,0,14.128
415,0.599,0,26,0.094,2.442,1.288,0.839,0,0,0,14.128
416,0.599,0,30,0.096,2.438,1.37,0.846,0,0,0,14.126
417,0.599,0,28,0.098,2.434,1.288,0.838,0,0,0,14.125
418,0.599,0,24,0.101,2.43,1.342,0.839,0,0,0,14.124
419,0.599,0,28,0.105,2.426,1.288,0.839,0,0,0,14.123
420,0.599,0,30,0.106,2.424,1.342,0.842,0,0,0,14.122
421,0.599,0,30,0.102,2.42,1.317,0.844,0,0,0,14.121
422,0.599,0,30,0.098,2.416,1.342,0.84,0,0,0,14.118
423,0.599,0,29,0.095,2.414,1.342,0.838,0,0,0,14.117
424,0.599,0,33,0.091,2.411,1.37,0.844,0,0,0,14.116
425,0.599,0,31,0.087,2.409,1.342,0.84,0,0,0,14.115
426,0.598,0,33,0.083,2.407,1.342,0.841,0,0,0,14.112
427,0.599,0,32,0.08,2.405,1.422,0.843,0,0,0,14.111
428,0.599,0,30,0.076,2.403,1.342,0.845,0,0,0,14.11
429,0.599,0,37,0.073,2.402,1.396,0.846,0,0,0,14.108
430,0.599,0,28,0.071,2.399,1.422,0.847,0,0,0,14.107
431,0.599,0,31,0.068,2.398,1.452,0.85,0,0,0,14.105
432,0.599,0,28,0.065,2.397,1.422,0.847,0,0,0,14.104
433,0.599,0,27,0.063,2.395,1.406,0.854,0,0,0,14.102
434,0.599,0,27,0.06,2.394,1.396,0.856,0,0,0,14.1
435,0.599,0,24,0.058,2.393,1.422,0.857,0,0,0,14.099
436,0.599,0,26,0.057,2.392,1.452,0.859,0,0,0,14.097
437,0.599,0,25,0.055,2.391,1.396,0.86,0,0,0,14.099
438,0.599,0,26,0.054,2.39,1.422,0.862,0,0,0,14.103
439,0.599,0,13,0.052,2.39,1.396,0.868,0,0,0,14.108
440,0.599,0,21,0.051,2.389,1.396,0.866,0,0,0,14.113
441,0.599,0,18,0.051,2.389,1.396,0.863,0,0,0,14.118
442,0.599,0,20,0.05,2.388,1.396,0.867,0,0,0,14.123
443,0.599,0,16,0.05,2.387,1.396,0.867,0,0,0,14.128
444,0.599,0,23,0.05,2.387,1.422,0.874,0,0,0,14.133
445,0.599,0,18,0.05,2.386,1.396,0.867,0,0,0,14.138
446,0.599,0,21,0.05,2.387,1.396,0.872,0,0,0,14.143
447,0.599,0,19,0.05,2.386,1.396,0.876,0,0,0,14.148
448,0.599,0,21,0.05,2.386,1.396,0.877,0,0,0,14.153
449,0.599,0,22,0.05,2.387,1.396,0.885,0,0,0,14.158
450,0.599,0,22,0.05,2.387,1.396,0.888,0,0,0,14.164
451,0.599,0,23,0.05,2.387,1.396,0.883,0,0,0,14.169
452,0.599,0,19,0.051,2.387,1.396,0.894,0,0,0,14.174
453,0.599,0,21,0.05,2.388,1.396,0.895,0,0,0,14.18
454,0.599,0,16,0.05,2.389,1.45,0.904,0,0,0,14.185
455,0.598,0,19,0.05,2.389,1.396,0.901,0,0,0,14.19
456,0.599,0,24,0.05,2.391,1.371,0.911,0,0,0,14.196
457,0.599,0,10,0.05,2.391,1.396,0.917,0,0,0,14.201
458,0.599,0,22,0.05,2.391,1.396,0.918,0,0,0,14.206
459,0.599,0,18,0.05,2.393,1.426,0.925,0,0,0,14.21
460,0.599,0,16,0.05,2.394,1.396,0.92,0,0,0,14.213
461,0.599,0,18,0.05,2.395,1.371,0.927,0,0,0,14.217
462,0.599,0,14,0.05,2.397,1.426,0.927,0,0,0,14.221
463,0.599,0,18,0.05,2.399,1.371,0.924,0,0,0,14.224
464,0.599,0,19,0.05,2.401,1.426,0.933,0,0,0,14.227
465,0.599,0,18,0.05,2.403,1.405,0.925,0,0,0,14.229
466,0.599,0,18,0.05,2.406,1.405,0.929,0,0,0,14.232
467,0.599,0,20,0.05,2.408,1.385,0.93,0,0,0,14.234
468,0.599,0,16,0.05,2.41,1.405,0.931,0,0,0,14.236
469,0.599,0,20,0.05,2.413,1.385,0.934,0,0,0,14.239
470,0.599,0,23,0.05,2.417,1.405,0.937,0,0,0,14.24
471,0.599,0,17,0.05,2.42,1.385,0.934,0,0,0,14.241
472,0.599,0,14,0.05,2.423,1.461,0.943,0,0,0,14.243
473,0.599,0,14,0.05,2.427,1.385,0.942,0,0,0,14.243
474,0.6,0,16,0.05,2.43,1.385,0.947,0,0,0,14.244
475,0.599,0,19,0.05,2.435,1.385,0.947,0,0,0,14.245
476,0.599,0,19,0.05,2.438,1.405,0.953,0,0,0,14.246
477,0.599,0,18,0.05,2.442,1.442,0.948,0,0,0,14.246
478,0.599,0,14,0.05,2.446,1.368,0.951,0,0,0,14.247
479,0.599,0,19,0.05,2.45,1.385,0.959,0,0,0,14.247
480,0.599,0,21,0.05,2.453,1.385,0.958,0,0,0,14.248
481,0.599,0,21,0.05,2.457,1.442,0.955,0,0,0,14.248
482,0.599,0,13,0.05,2.46,1.368,0.963,0,0,0,14.249
483,0.599,0,14,0.05,2.464,1.442,0.965,0,0,0,14.249
484,0.599,0,20,0.05,2.467,1.368,0.962,0,0,0,14.25
485,0.599,0,17,0.049,2.471,1.385,0.965,0,0,0,14.251
486,0.599,0,16,0.049,2.474,1.426,0.969,0,0,0,14.252
487,0.599,0,15,0.049,2.477,1.368,0.972,0,0,0,14.252
488,0.599,0,18,0.049,2.481,1.426,0.972,0,0,0,14.253
489,0.599,0,23,0.049,2.484,1.431,0.971,0,0,0,14.254
490,0.599,0,15,0.049,2.487,1.426,0.976,0,0,0,14.254
491,0.599,0,15,0.049,2.489,1.412,0.973,0,0,0,14.256
492,0.599,0,15,0.049,2.493,1.368,0.975,0,0,0,14.256
493,0.599,0,12,0.049,2.495,1.431,0.983,0,0,0,14.257
494,0.599,0,11,0.049,2.498,1.368,0.97,0,0,0,14.258
495,0.599,0,15,0.049,2.501,1.412,0.981,0,0,0,14.258
496,0.599,0,14,0.049,2.504,1.412,0.981,0,0,0,14.26
497,0.599,0,21,0.049,2.506,1.426,0.976,0,0,0,14.261
498,0.599,0,9,0.049,2.509,1.354,0.974,0,0,0,14.261
499,0.599,0,17,0.049,2.511,1.412,0.975,0,0,0,14.262
500,0.6,0,13,0.049,2.514,1.412,0.975,0,0,0,14.263
501,0.599,0,12,0.049,2.516,1.412,0.981,0,0,0,14.265
502,0.599,0,17,0.05,2.518,1.401,0.98,0,0,0,14.265
503,0.599,0,13,0.05,2.521,1.371,0.98,0,0,0,14.266
504,0.599,0,14,0.05,2.522,1.412,0.981,0,0,0,14.267
505,0.599,0,10,0.05,2.525,1.401,0.982,0,0,0,14.268
506,0.599,0,20,0.05,2.526,1.412,0.978,0,0,0,14.269
507,0.599,0,15,0.05,2.529,1.401,0.981,0,0,0,14.27
508,0.599,0,13,0.05,2.53,1.401,0.986,0,0,0,14.271
509,0.599,0,19,0.05,2.532,1.412,0.98,0,0,0,14.272
510,0.599,0,18,0.05,2.534,1.401,0.983,0,0,0,14.273
511,0.599,0,12,0.05,2.535,1.401,0.984,0,0,0,14.275
512,0.599,0,17,0.05,2.537,1.392,0.988,0,0,0,14.275
513,0.599,0,16,0.05,2.538,1.401,0.99,0,0,0,14.276
514,0.599,0,23,0.05,2.54,1.401,0.982,0,0,0,14.277
515,0.599,0,16,0.05,2.542,1.392,0.987,0,0,0,14.278
516,0.599,0,18,0.05,2.542,1.401,0.991,0,0,0,14.28
517,0.599,0,15,0.05,2.544,1.392,0.984,0,0,0,14.281
518,0.599,0,19,0.05,2.545,1.392,0.99,0,0,0,14.282
519,0.599,0,11,0.05,2.547,1.392,0.992,0,0,0,14.283
520,0.599,0,15,0.05,2.547,1.451,0.993,0,0,0,14.284
521,0.599,0,16,0.05,2.548,1.392,0.995,0,0,0,14.285
522,0.599,0,14,0.05,2.55,1.385,0.993,0,0,0,14.286
523,0.599,0,13,0.05,2.551,1.392,0.997,0,0,0,14.287
524,0.599,0,19,0.05,2.552,1.385,0.998,0,0,0,14.287
525,0.599,0,16,0.05,2.553,1.451,1.0,0,0,0,14.288
526,0.599,0,15,0.05,2.553,1.385,1.001,0,0,0,14.289
527,0.599,0,15,0.049,2.554,1.385,0.999,0,0,0,14.289
528,0.599,0,13,0.05,2.556,1.385,1.007,0,0,0,14.29
529,0.599,0,16,0.05,2.557,1.441,1.012,0,0,0,14.291
530,0.599,0,13,0.05,2.557,1.385,1.012,0,1,1,14.292
531,0.599,0,15,0.049,2.558,1.385,1.016,0,0,0,14.293
532,0.599,0,11,0.05,2.559,1.381,1.013,0,1,1,14.293
533,0.599,0,17,0.05,2.56,1.441,1.022,0,0,0,14.294
534,0.599,0,12,0.05,2.561,1.451,1.027,0,1,1,14.295
535,0.599,0,11,0.05,2.56,1.392,1.028,0,0,0,14.296
536,0.599,0,12,0.05,2.562,1.441,1.032,0,1,1,14.296
537,0.599,0,12,0.05,2.562,1.406,1.032,0,1,2,14.297
538,0.599,0,15,0.05,2.553,1.452,1.042,0,1,3,14.299
539,0.599,0,11,0.05,2.534,1.445,1.042,0,1,4,14.299
540,0.599,0,9,0.05,2.514,1.412,1.044,0,1,5,14.3
541,0.599,0,8,0.05,2.495,1.451,1.049,0,1,6,14.3
542,0.599,0,9,0.05,2.476,1.441,1.052,0,1,7,14.302
543,0.6,0,6,0.051,2.456,1.445,1.051,0,1,8,14.303
544,0.6,0,7,0.05,2.438,1.426,1.055,0,1,9,14.303
545,0.599,0,9,0.05,2.418,1.441,1.059,0,1,10,14.305
546,0.599,0,15,0.05,2.399,1.442,1.053,0,1,11,14.305
547,0.599,0,13,0.05,2.381,1.445,1.062,0,1,12,14.307
548,0.599,0,10,0.05,2.362,1.451,1.059,0,1,13,14.307
549,0.599,0,12,0.051,2.342,1.441,1.062,0,1,14,14.308
550,0.599,0,11,0.052,2.324,1.416,1.065,0,1,15,14.31
551,0.599,0,14,0.053,2.305,1.412,1.067,0,1,16,14.31
552,0.599,0,8,0.054,2.286,1.412,1.076,0,1,17,14.312
553,0.599,0,11,0.055,2.268,1.46,1.082,0,1,18,14.312
554,0.6,0,7,0.056,2.249,1.412,1.078,0,1,19,14.313
555,0.599,0,7,0.056,2.231,1.451,1.089,0,1,20,14.315
556,0.599,0,12,0.057,2.213,1.451,1.086,0,1,21,14.316
557,0.599,0,9,0.057,2.194,1.426,1.092,0,1,22,14.317
558,0.599,0,10,0.057,2.176,1.412,1.102,0,1,23,14.318
559,0.599,0,10,0.058,2.159,1.441,1.106,0,1,24,14.319
560,0.599,0,11,0.058,2.142,1.412,1.101,0,1,25,14.321
561,0.599,0,8,0.058,2.125,1.416,1.103,0,1,26,14.321
562,0.599,0,6,0.057,2.108,1.44,1.11,0,1,27,14.323
563,0.599,0,8,0.057,2.093,1.451,1.104,0,1,28,14.323
564,0.599,0,14,0.057,2.078,1.412,1.106,0,1,29,14.325
565,0.599,0,12,0.057,2.063,1.44,1.109,0,1,30,14.325
566,0.599,0,9,0.056,2.05,1.412,1.11,0,1,31,14.327
567,0.599,0,10,0.056,2.037,1.431,1.106,0,1,32,14.329
568,0.599,0,9,0.056,2.025,1.44,1.112,0,1,33,14.33
569,0.6,0,12,0.056,2.013,1.445,1.115,0,0,0,14.331
570,0.599,0,8,0.055,2.002,1.412,1.117,0,1,1,14.332
571,0.599,0,8,0.055,1.99,1.451,1.124,0,1,2,14.334
572,0.599,0,13,0.055,1.979,1.451,1.125,0,0,0,14.335
573,0.599,0,14,0.054,1.966,1.452,1.125,0,1,1,14.336
574,0.599,0,14,0.054,1.944,1.451,1.134,0,0,0,14.338
575,0.599,0,9,0.054,1.922,1.416,1.132,0,1,1,14.338
576,0.599,0,10,0.053,1.901,1.401,1.13,0,0,0,14.34
577,0.599,0,13,0.052,1.879,1.452,1.135,0,0,0,14.341
578,0.6,0,9,0.051,1.857,1.412,1.13,0,0,0,14.343
579,0.599,0,11,0.05,1.836,1.451,1.138,0,0,0,14.343
580,0.599,0,14,0.05,1.815,1.451,1.138,0,0,0,14.345
581,0.599,0,9,0.05,1.793,1.452,1.142,0,0,0,14.347
582,0.599,0,10,0.051,1.772,1.442,1.144,0,0,0,14.348
583,0.599,0,9,0.052,1.75,1.44,1.146,0,0,0,14.35
584,0.599,0,12,0.051,1.729,1.426,1.15,0,0,0,14.351
585,0.599,0,11,0.051,1.708,1.426,1.148,0,0,0,14.352
586,0.599,0,7,0.051,1.686,1.451,1.158,0,0,0,14.353
587,0.6,0,8,0.051,1.665,1.451,1.156,0,0,0,14.355
588,0.599,0,12,0.05,1.644,1.431,1.152,0,0,0,14.356
589,0.599,0,9,0.05,1.624,1.44,1.162,0,0,0,14.358
590,0.599,0,12,0.05,1.603,1.451,1.163,0,0,0,14.36
591,0.599,0,9,0.05,1.582,1.426,1.16,0,0,0,14.361
592,0.599,0,17,0.05,1.561,1.442,1.169,0,0,0,14.363
593,0.599,0,10,0.051,1.54,1.442,1.17,0,0,0,14.364
594,0.599,0,11,0.052,1.519,1.451,1.171,0,0,0,14.366
595,0.599,0,8,0.055,1.499,1.441,1.169,0,0,0,14.367
596,0.6,0,11,0.059,1.478,1.426,1.171,0,0,0,14.369
597,0.599,0,10,0.065,1.457,1.451,1.169,0,0,0,14.371
598,0.599,0,14,0.073,1.437,1.44,1.174,0,0,0,14.372
599,0.599,0,7,0.082,1.417,1.46,1.174,0,0,0,14.374
600,0.599,0,11,0.093,1.396,1.44,1.175,0,0,0,14.376
601,0.599,0,13,0.105,1.376,1.44,1.174,0,0,0,14.377
602,0.599,0,12,0.116,1.356,1.46,1.176,0,0,0,14.379
603,0.599,0,11,0.128,1.336,1.445,1.181,0,0,0,14.381
604,0.599,0,7,0.14,1.316,1.426,1.176,0,0,0,14.383
605,0.599,0,11,0.151,1.296,1.442,1.184,0,0,0,14.385
606,0.599,0,8,0.163,1.276,1.445,1.184,0,0,0,14.387
607,0.598,0,14,0.175,1.256,1.451,1.181,0,0,0,14.389
608,0.599,0,10,0.187,1.237,1.445,1.188,0,0,0,14.391
609,0.599,0,13,0.198,1.217,1.451,1.189,0,0,0,14.395
610,0.599,0,14,0.21,1.198,1.445,1.186,0,0,0,14.397
611,0.599,0,14,0.221,1.178,1.461,1.184,0,0,0,14.399
612,0.599,0,10,0.233,1.159,1.445,1.186,0,0,0,14.402
613,0.599,0,11,0.245,1.14,1.442,1.186,0,0,0,14.404
614,0.599,0,11,0.256,1.121,1.44,1.186,0,0,0,14.407
615,0.599,0,10,0.268,1.102,1.445,1.185,0,0,0,14.409
616,0.599,0,11,0.279,1.084,1.461,1.185,0,0,0,14.413
617,0.599,0,15,0.291,1.065,1.461,1.186,0,0,0,14.416
618,0.599,0,10,0.303,1.047,1.452,1.187,0,0,0,14.418
619,0.599,0,15,0.315,1.029,1.46,1.187,0,0,0,14.421
620,0.599,0,12,0.326,1.011,1.445,1.182,0,0,0,14.424
621,0.599,0,11,0.338,0.993,1.426,1.188,0,0,0,14.428
622,0.599,0,13,0.349,0.977,1.451,1.185,0,0,0,14.431
623,0.599,0,12,0.361,0.959,1.451,1.188,0,0,0,14.434
624,0.599,0,12,0.36,0.942,1.445,1.189,0,0,0,14.437
625,0.599,0,13,0.357,0.925,1.452,1.181,0,0,0,14.441
626,0.599,0,15,0.353,0.908,1.445,1.186,0,0,0,14.444
627,0.599,0,14,0.348,0.891,1.46,1.187,0,0,0,14.447
628,0.599,0,17,0.344,0.876,1.452,1.181,0,0,0,14.451
629,0.599,0,8,0.339,0.86,1.46,1.185,0,0,0,14.455
630,0.599,0,12,0.334,0.844,1.445,1.181,0,0,0,14.458
631,0.599,0,13,0.328,0.828,1.442,1.186,0,0,0,14.462
632,0.6,0,6,0.324,0.813,1.451,1.182,0,0,0,14.466
633,0.599,0,12,0.319,0.798,1.426,1.178,0,0,0,14.469
634,0.599,0,11,0.315,0.783,1.426,1.184,0,0,0,14.473
635,0.6,0,14,0.313,0.769,1.46,1.183,0,0,0,14.477
636,0.599,0,10,0.311,0.755,1.461,1.187,0,0,0,14.481
637,0.599,0,9,0.311,0.741,1.426,1.181,0,0,0,14.485
638,0.599,0,12,0.312,0.729,1.451,1.184,0,0,0,14.489
639,0.599,0,12,0.313,0.716,1.451,1.183,0,0,0,14.493
640,0.599,0,12,0.315,0.703,1.426,1.186,0,0,0,14.497
641,0.599,0,16,0.319,0.691,1.442,1.181,0,0,0,14.502
642,0.599,0,11,0.323,0.68,1.441,1.182,0,0,0,14.506
643,0.599,0,14,0.327,0.669,1.461,1.184,0,0,0,14.51
644,0.599,0,15,0.334,0.658,1.442,1.186,0,0,0,14.514
645,0.599,0,12,0.341,0.648,1.451,1.185,0,0,0,14.517
646,0.599,0,12,0.349,0.638,1.426,1.184,0,0,0,14.521
647,0.599,0,13,0.357,0.629,1.445,1.186,0,0,0,14.525
648,0.599,0,10,0.367,0.621,1.461,1.191,0,0,0,14.528
649,0.599,0,11,0.377,0.613,1.46,1.189,0,0,0,14.532
650,0.599,0,13,0.387,0.605,1.442,1.19,0,0,0,14.535
651,0.599,0,14,0.399,0.598,1.426,1.19,0,0,0,14.538
652,0.599,0,13,0.411,0.591,1.452,1.187,0,0,0,14.541
653,0.599,0,16,0.423,0.586,1.442,1.191,0,0,0,14.544
654,0.599,0,10,0.422,0.58,1.426,1.192,0,0,0,14.547
655,0.599,0,12,0.415,0.576,1.441,1.191,0,0,0,14.549
656,0.599,0,15,0.408,0.572,1.445,1.191,0,0,0,14.552
657,0.599,0,12,0.401,0.569,1.442,1.193,0,0,0,14.555
658,0.599,0,10,0.394,0.567,1.452,1.193,0,0,0,14.557
659,0.599,0,14,0.387,0.565,1.426,1.19,0,0,0,14.56
660,0.599,0,12,0.379,0.564,1.442,1.192,0,0,0,14.562
661,0.599,0,14,0.373,0.563,1.452,1.191,0,0,0,14.565
662,0.599,0,11,0.367,0.563,1.451,1.189,0,0,0,14.567
663,0.599,0,14,0.362,0.564,1.461,1.192,0,0,0,14.57
664,0.599,0,11,0.358,0.565,1.442,1.193,0,0,0,14.572
665,0.599,0,9,0.355,0.567,1.442,1.197,0,0,0,14.574
666,0.599,0,14,0.352,0.57,1.442,1.194,0,0,0,14.576
667,0.6,0,10,0.351,0.573,1.426,1.195,0,0,0,14.577
668,0.599,0,12,0.351,0.578,1.46,1.199,0,0,0,14.579
669,0.599,0,13,0.351,0.582,1.46,1.2,0,0,0,14.58
670,0.599,0,14,0.351,0.586,1.461,1.197,0,0,0,14.581
671,0.599,0,14,0.354,0.59,1.442,1.197,0,0,0,14.583
672,0.599,0,10,0.357,0.594,1.426,1.2,0,0,0,14.583
673,0.599,0,11,0.361,0.598,1.442,1.198,0,0,0,14.584
674,0.599,0,12,0.365,0.602,1.445,1.201,0,0,0,14.584
675,0.599,0,8,0.371,0.606,1.426,1.201,0,0,0,14.585
676,0.599,0,10,0.378,0.61,1.461,1.204,0,0,0,14.585
677,0.599,0,10,0.385,0.614,1.451,1.202,0,0,0,14.585
678,0.599,0,10,0.393,0.619,1.426,1.201,0,0,0,14.584
679,0.599,0,7,0.401,0.623,1.442,1.201,0,0,0,14.583
680,0.599,0,7,0.411,0.627,1.46,1.205,0,0,0,14.581
681,0.599,0,12,0.421,0.631,1.451,1.205,0,0,0,14.58
682,0.599,0,11,0.431,0.636,1.442,1.205,0,0,0,14.579
683,0.599,0,11,0.442,0.641,1.442,1.209,0,0,0,14.585
684,0.599,0,9,0.453,0.646,1.426,1.202,0,0,0,14.59
685,0.599,0,7,0.464,0.653,1.46,1.202,0,0,0,14.597
686,0.599,0,7,0.474,0.659,1.442,1.21,0,0,0,14.602
687,0.599,0,9,0.485,0.667,1.451,1.204,0,0,0,14.607
688,0.599,0,11,0.496,0.676,1.461,1.207,0,0,0,14.612
689,0.599,0,8,0.507,0.684,1.442,1.208,0,0,0,14.618
690,0.599,0,8,0.518,0.693,1.461,1.209,0,0,0,14.623
691,0.599,0,10,0.527,0.702,1.442,1.208,0,0,0,14.629
692,0.599,0,15,0.538,0.712,1.442,1.207,0,0,0,14.633
693,0.599,0,9,0.549,0.722,1.461,1.213,0,0,0,14.637
694,0.599,0,9,0.56,0.733,1.451,1.213,0,0,0,14.642
695,0.599,0,14,0.571,0.744,1.442,1.208,0,0,0,14.646
696,0.599,0,10,0.581,0.756,1.442,1.215,0,0,0,14.65
697,0.599,0,14,0.592,0.768,1.46,1.214,0,0,0,14.653
698,0.599,0,9,0.603,0.781,1.451,1.217,0,0,0,14.656
699,0.599,0,16,0.614,0.794,1.426,1.21,0,0,0,14.657
700,0.599,0,15,0.624,0.807,1.442,1.219,0,0,0,14.658
701,0.599,0,12,0.634,0.821,1.451,1.214,0,0,0,14.659
702,0.599,0,14,0.646,0.835,1.451,1.22,0,0,0,14.659
703,0.6,0,11,0.656,0.849,1.442,1.209,0,0,0,14.658
704,0.599,0,13,0.667,0.863,1.442,1.22,0,0,0,14.657
705,0.599,0,11,0.677,0.878,1.445,1.22,0,0,0,14.655
706,0.599,0,13,0.689,0.893,1.461,1.214,0,0,0,14.653
707,0.599,0,9,0.699,0.908,1.426,1.218,0,0,0,14.65
708,0.599,0,17,0.71,0.924,1.451,1.219,0,0,0,14.647
709,0.599,0,10,0.72,0.94,1.461,1.217,0,0,0,14.644
710,0.599,0,17,0.731,0.956,1.461,1.219,0,0,0,14.64
711,0.599,0,16,0.742,0.973,1.442,1.227,0,0,0,14.636
712,0.599,0,15,0.752,0.989,1.442,1.236,0,0,0,14.632
713,0.599,0,10,0.763,1.006,1.426,1.245,0,0,0,14.628
714,0.599,0,13,0.773,1.023,1.442,1.241,0,0,0,14.624
715,0.599,0,10,0.785,1.017,1.451,1.25,0,0,0,14.62
716,0.599,0,12,0.795,1.011,1.46,1.245,0,0,0,14.615
717,0.599,0,10,0.806,1.005,1.442,1.245,0,0,0,14.611
718,0.599,0,10,0.817,0.999,1.442,1.249,0,0,0,14.608
719,0.599,0,6,0.828,0.993,1.46,1.245,0,0,0,14.604
720,0.6,0,11,0.839,0.988,1.451,1.245,0,0,0,14.6
721,0.6,0,10,0.851,0.983,1.451,1.246,0,0,0,14.596
722,0.599,0,8,0.862,0.978,1.451,1.25,0,0,0,14.592
723,0.599,0,12,0.874,0.974,1.442,1.246,0,0,0,14.589
724,0.599,0,13,0.887,0.97,1.426,1.247,0,0,0,14.585
725,0.599,0,10,0.9,0.966,1.445,1.245,0,0,0,14.581
726,0.599,0,12,0.913,0.962,1.426,1.247,0,0,0,14.578
727,0.599,0,13,0.927,0.958,1.442,1.249,0,0,0,14.575
728,0.599,0,8,0.941,0.955,1.451,1.247,0,0,0,14.571
729,0.599,0,12,0.955,0.952,1.461,1.251,0,0,0,14.567
730,0.599,0,11,0.97,0.949,1.445,1.248,0,0,0,14.565
731,0.599,0,13,0.984,0.947,1.442,1.249,0,0,0,14.561
732,0.599,0,9,1.0,0.944,1.442,1.244,0,0,0,14.559
733,0.599,0,8,1.014,0.942,1.46,1.251,0,0,0,14.555
734,0.599,0,10,1.03,0.94,1.442,1.248,0,0,0,14.552
735,0.599,0,8,1.045,0.939,1.451,1.25,0,0,0,14.549
736,0.599,0,9,1.061,0.937,1.451,1.254,0,0,0,14.546
737,0.599,0,14,1.078,0.937,1.461,1.25,0,0,0,14.543
738,0.599,0,9,1.094,0.935,1.441,1.245,0,0,0,14.54
739,0.599,0,10,1.111,0.936,1.426,1.252,0,0,0,14.537
740,0.599,0,15,1.127,0.935,1.445,1.252,0,0,0,14.534
741,0.599,0,9,1.145,0.935,1.451,1.253,0,0,0,14.532
742,0.599,0,10,1.162,0.936,1.442,1.253,0,0,0,14.528
743,0.599,0,14,1.179,0.935,1.461,1.257,0,0,0,14.526
744,0.599,0,11,1.196,0.936,1.426,1.251,0,0,0,14.524
745,0.599,0,14,1.214,0.937,1.451,1.263,0,0,0,14.521
746,0.599,0,10,1.198,0.939,1.426,1.257,0,0,0,14.518
747,0.599,0,12,1.183,0.94,1.442,1.256,0,0,0,14.516
748,0.599,0,12,1.167,0.942,1.451,1.261,0,0,0,14.513
749,0.599,0,14,1.151,0.943,1.442,1.26,0,0,0,14.511
750,0.599,0,12,1.136,0.946,1.451,1.263,0,0,0,14.509
751,0.599,0,10,1.121,0.949,1.451,1.264,0,0,0,14.505
752,0.599,0,9,1.104,0.951,1.451,1.261,0,0,0,14.503
753,0.599,0,10,1.089,0.954,1.461,1.263,0,0,0,14.501
754,0.6,0,9,1.073,0.958,1.442,1.265,0,0,0,14.499
755,0.599,0,12,1.057,0.961,1.451,1.263,0,0,0,14.497
756,0.599,0,10,1.041,0.965,1.431,1.265,0,0,0,14.494
757,0.599,0,7,1.026,0.952,1.461,1.264,0,0,0,14.492
758,0.599,0,14,1.01,0.938,1.461,1.274,0,0,0,14.49
759,0.599,0,12,0.994,0.925,1.442,1.27,0,0,0,14.488
760,0.599,0,13,0.979,0.911,1.451,1.277,0,0,0,14.485
761,0.599,0,13,0.963,0.898,1.461,1.275,0,0,0,14.482
762,0.599,0,14,0.947,0.885,1.442,1.278,0,0,0,14.48
763,0.599,0,16,0.932,0.872,1.426,1.271,0,0,0,14.477
764,0.599,0,14,0.916,0.859,1.442,1.277,0,0,0,14.474
765,0.599,0,12,0.9,0.847,1.445,1.279,0,0,0,14.472
766,0.599,0,14,0.885,0.835,1.442,1.272,0,0,0,14.47
767,0.599,0,10,0.869,0.823,1.445,1.276,0,0,0,14.467
768,0.599,0,13,0.853,0.812,1.451,1.28,0,0,0,14.465
769,0.599,0,16,0.837,0.799,1.46,1.278,0,0,0,14.463
770,0.599,0,16,0.822,0.788,1.445,1.279,0,0,0,14.46
771,0.599,0,14,0.806,0.779,1.442,1.278,0,0,0,14.458
772,0.599,0,14,0.79,0.769,1.451,1.277,0,0,0,14.456
773,0.599,0,9,0.774,0.759,1.451,1.28,0,0,0,14.454
774,0.599,0,15,0.759,0.75,1.442,1.281,0,0,0,14.452
775,0.599,0,17,0.742,0.742,1.461,1.282,0,0,0,14.45
776,0.599,0,17,0.728,0.734,1.431,1.279,0,0,0,14.448
777,0.599,0,14,0.712,0.727,1.461,1.283,0,0,0,14.446
778,0.599,0,15,0.696,0.72,1.451,1.284,0,0,0,14.444
779,0.599,0,17,0.68,0.714,1.442,1.282,0,0,0,14.442
780,0.599,0,19,0.665,0.708,1.461,1.283,0,0,0,14.44
781,0.599,0,12,0.648,0.704,1.451,1.286,0,0,0,14.438
782,0.599,0,16,0.633,0.698,1.442,1.283,0,0,0,14.437
783,0.599,0,15,0.617,0.696,1.442,1.285,0,0,0,14.435
784,0.599,0,10,0.602,0.691,1.461,1.285,0,0,0,14.433
785,0.598,0,18,0.585,0.69,1.451,1.288,0,0,0,14.431
786,0.599,0,14,0.57,0.688,1.46,1.29,0,0,0,14.431
787,0.598,0,15,0.555,0.686,1.441,1.286,0,0,0,14.428
788,0.599,0,16,0.539,0.685,1.445,1.291,0,0,0,14.427
789,0.599,0,11,0.525,0.686,1.451,1.288,0,0,0,14.426
790,0.599,0,15,0.511,0.687,1.461,1.29,0,0,0,14.424
791,0.598,0,13,0.497,0.688,1.461,1.288,0,0,0,14.423
792,0.6,0,13,0.484,0.689,1.461,1.288,0,0,0,14.421
793,0.599,0,15,0.471,0.692,1.441,1.29,0,0,0,14.42
794,0.599,0,14,0.459,0.695,1.451,1.291,0,0,0,14.419
795,0.598,0,13,0.447,0.7,1.461,1.292,0,0,0,14.417
796,0.599,0,8,0.436,0.703,1.442,1.291,0,0,0,14.416
797,0.598,0,14,0.426,0.709,1.442,1.293,0,0,0,14.414
798,0.599,0,8,0.416,0.714,1.451,1.29,0,0,0,14.414
799,0.598,0,8,0.407,0.72,1.451,1.294,0,0,0,14.413
800,0.599,0,11,0.398,0.724,1.442,1.292,0,0,0,14.411
801,0.597,0,11,0.39,0.731,1.451,1.291,0,0,0,14.411
802,0.599,0,8,0.385,0.736,1.461,1.296,0,0,0,14.409
803,0.597,0,9,0.379,0.743,1.445,1.293,0,0,0,14.408
804,0.599,0,11,0.373,0.747,1.46,1.295,0,0,0,14.407
805,0.597,0,12,0.369,0.754,1.442,1.293,0,0,0,14.406
806,0.599,0,7,0.365,0.759,1.451,1.294,0,0,0,14.405
807,0.597,0,14,0.362,0.766,1.461,1.298,0,0,0,14.405
808,0.599,0,10,0.36,0.77,1.451,1.292,0,0,0,14.403
809,0.597,0,13,0.359,0.778,1.451,1.297,0,0,0,14.403
810,0.599,0,12,0.359,0.782,1.442,1.297,0,0,0,14.402
811,0.597,0,14,0.36,0.79,1.442,1.294,0,0,0,14.401
812,0.599,0,12,0.361,0.795,1.451,1.297,0,0,0,14.401
813,0.597,0,14,0.362,0.804,1.442,1.293,0,0,0,14.401
814,0.599,0,9,0.363,0.81,1.445,1.301,0,0,0,14.399
815,0.597,0,10,0.365,0.819,1.461,1.298,0,0,0,14.398
816,0.599,0,13,0.366,0.827,1.441,1.295,0,0,0,14.398
817,0.597,0,13,0.367,0.837,1.442,1.299,0,0,0,14.397
818,0.599,0,14,0.368,0.845,1.445,1.298,0,0,0,14.397
819,0.597,0,13,0.369,0.857,1.461,1.299,0,0,0,14.397
820,0.599,0,16,0.37,0.866,1.451,1.295,0,0,0,14.396
821,0.596,0,15,0.371,0.878,1.46,1.301,0,0,0,14.396
822,0.599,0,14,0.372,0.887,1.442,1.3,0,0,0,14.395
823,0.597,0,17,0.373,0.901,1.451,1.297,0,0,0,14.395
824,0.599,0,11,0.374,0.911,1.461,1.301,0,0,0,14.394
825,0.597,0,15,0.375,0.926,1.451,1.296,0,0,0,14.394
826,0.599,0,15,0.376,0.936,1.442,1.297,0,0,0,14.394
827,0.597,0,16,0.376,0.952,1.442,1.294,0,0,0,14.393
828,0.599,0,11,0.376,0.963,1.451,1.302,0,0,0,14.393
829,0.597,0,19,0.376,0.979,1.451,1.294,0,0,0,14.394
830,0.599,0,12,0.375,0.99,1.442,1.298,0,0,0,14.391
831,0.597,0,11,0.374,1.006,1.461,1.3,0,0,0,14.389
832,0.599,0,13,0.372,1.018,1.445,1.299,0,0,0,14.384
833,0.597,0,12,0.37,1.028,1.442,1.289,0,0,0,14.38
834,0.599,0,14,0.368,1.028,1.461,1.302,0,0,0,14.378
835,0.596,0,16,0.365,1.03,1.451,1.299,0,0,0,14.375
836,0.599,0,12,0.362,1.03,1.451,1.306,0,0,0,14.372
837,0.597,0,14,0.359,1.033,1.461,1.31,0,0,0,14.368
838,0.599,0,12,0.355,1.033,1.442,1.309,0,0,0,14.365
839,0.597,0,12,0.352,1.036,1.461,1.31,0,0,0,14.361
840,0.599,0,12,0.347,1.037,1.442,1.314,0,0,0,14.357
841,0.598,0,13,0.343,1.041,1.451,1.311,0,0,0,14.351
842,0.599,0,14,0.337,1.043,1.442,1.316,0,0,0,14.349
843,0.597,0,14,0.332,1.047,1.451,1.309,0,0,0,14.35
844,0.599,0,12,0.326,1.05,1.451,1.313,0,0,0,14.351
845,0.598,0,9,0.321,1.055,1.442,1.309,0,0,0,14.351
846,0.599,0,9,0.316,1.059,1.451,1.318,0,0,0,14.352
847,0.597,0,12,0.312,1.065,1.442,1.306,0,0,0,14.353
848,0.6,0,7,0.308,1.069,1.451,1.315,0,0,0,14.354
849,0.597,0,14,0.306,1.076,1.451,1.311,0,0,0,14.355
850,0.599,0,15,0.303,1.081,1.442,1.312,0,0,0,14.356
851,0.598,0,16,0.302,1.088,1.442,1.313,0,0,0,14.356
852,0.599,0,12,0.301,1.094,1.461,1.314,0,0,0,14.358
853,0.598,0,13,0.301,1.104,1.442,1.311,0,0,0,14.359
854,0.599,0,14,0.301,1.111,1.442,1.317,0,0,0,14.359
855,0.598,0,11,0.303,1.122,1.451,1.313,0,0,0,14.36
856,0.599,0,10,0.307,1.131,1.461,1.323,0,0,0,14.362
857,0.598,0,11,0.31,1.145,1.442,1.317,0,0,0,14.363
858,0.599,0,14,0.315,1.157,1.461,1.319,0,0,0,14.364
859,0.599,0,11,0.321,1.174,1.426,1.319,0,0,0,14.366
860,0.599,0,13,0.328,1.191,1.442,1.318,0,0,0,14.367
861,0.599,0,13,0.335,1.209,1.451,1.32,0,0,0,14.368
862,0.599,0,16,0.343,1.226,1.442,1.315,0,0,0,14.369
863,0.599,0,15,0.346,1.244,1.451,1.318,0,0,0,14.371
864,0.599,0,14,0.338,1.262,1.461,1.32,0,0,0,14.372
865,0.599,0,14,0.331,1.266,1.431,1.315,0,0,0,14.373
866,0.599,0,16,0.324,1.246,1.461,1.318,0,0,0,14.375
867,0.599,0,13,0.318,1.226,1.442,1.316,0,0,0,14.377
868,0.599,0,9,0.313,1.206,1.451,1.314,0,0,0,14.377
869,0.599,0,8,0.309,1.187,1.46,1.32,0,0,0,14.38
870,0.599,0,13,0.305,1.168,1.431,1.314,0,0,0,14.381
871,0.599,0,9,0.303,1.15,1.461,1.314,0,0,0,14.383
872,0.599,0,12,0.301,1.131,1.442,1.313,0,0,0,14.385
873,0.599,0,13,0.301,1.113,1.461,1.317,0,0,0,14.386
874,0.599,0,11,0.301,1.096,1.46,1.317,0,0,0,14.388
875,0.599,0,11,0.302,1.078,1.451,1.317,0,0,0,14.39
876,0.599,0,16,0.304,1.061,1.442,1.309,0,0,0,14.391
877,0.599,0,12,0.307,1.044,1.431,1.309,0,0,0,14.393
878,0.598,0,14,0.311,1.028,1.461,1.31,0,0,0,14.396
879,0.599,0,15,0.316,1.011,1.451,1.311,0,0,0,14.397
880,0.599,0,9,0.323,0.995,1.451,1.309,0,0,0,14.399
881,0.599,0,12,0.33,0.979,1.451,1.309,0,0,0,14.402
882,0.6,0,15,0.336,0.964,1.451,1.314,0,0,0,14.403
883,0.599,0,8,0.338,0.945,1.442,1.312,0,0,0,14.406
884,0.599,0,13,0.338,0.925,1.461,1.317,0,0,0,14.417
885,0.599,0,14,0.339,0.906,1.442,1.315,0,0,0,14.429
886,0.599,0,14,0.34,0.887,1.451,1.313,0,0,0,14.439
887,0.599,0,13,0.342,0.868,1.431,1.311,0,0,0,14.451
888,0.599,0,12,0.345,0.848,1.451,1.314,0,0,0,14.463
889,0.599,0,14,0.348,0.829,1.461,1.313,0,0,0,14.474
890,0.599,0,11,0.35,0.81,1.461,1.315,0,0,0,14.485
891,0.599,0,15,0.353,0.791,1.442,1.312,0,0,0,14.497
892,0.599,0,10,0.356,0.771,1.451,1.318,0,0,0,14.508
893,0.599,0,16,0.358,0.752,1.451,1.313,0,0,0,14.52
894,0.599,0,14,0.361,0.733,1.461,1.316,0,0,0,14.531
895,0.599,0,16,0.364,0.713,1.451,1.31,0,0,0,14.543
896,0.599,0,17,0.367,0.694,1.442,1.317,0,0,0,14.554
897,0.599,0,7,0.369,0.675,1.445,1.313,0,0,0,14.566
898,0.599,0,14,0.371,0.656,1.465,1.319,0,0,0,14.577
899,0.599,0,13,0.373,0.636,1.442,1.316,0,0,0,14.589
900,0.599,0,11,0.374,0.617,1.451,1.312,0,0,0,14.601
901,0.599,0,12,0.375,0.598,1.451,1.314,0,0,0,14.612
902,0.599,0,15,0.376,0.58,1.461,1.309,0,0,0,14.623
903,0.599,0,13,0.376,0.561,1.442,1.316,0,0,0,14.635
904,0.599,0,12,0.376,0.543,1.442,1.315,0,0,0,14.647
905,0.599,0,13,0.376,0.525,1.46,1.311,0,0,0,14.659
906,0.599,0,12,0.375,0.507,1.442,1.313,0,0,0,14.671
907,0.599,0,14,0.374,0.489,1.461,1.319,0,0,0,14.682
908,0.599,0,11,0.372,0.473,1.451,1.314,0,0,0,14.694
909,0.599,0,11,0.37,0.456,1.451,1.31,0,0,0,14.705
910,0.599,0,12,0.368,0.439,1.442,1.318,0,0,0,14.717
911,0.599,0,10,0.366,0.423,1.461,1.313,0,0,0,14.729
912,0.6,0,13,0.363,0.408,1.442,1.31,0,0,0,14.74
913,0.599,0,5,0.36,0.394,1.442,1.312,0,0,0,14.752
914,0.599,0,10,0.356,0.378,1.461,1.315,0,0,0,14.764
915,0.599,0,11,0.352,0.365,1.451,1.313,0,0,0,14.776
916,0.599,0,6,0.348,0.351,1.451,1.308,0,0,0,14.788
917,0.599,0,11,0.343,0.339,1.465,1.313,0,0,0,14.799
918,0.599,0,15,0.338,0.327,1.442,1.308,0,0,0,14.811
919,0.599,0,11,0.333,0.315,1.46,1.316,0,0,0,14.823
920,0.599,0,10,0.328,0.305,1.442,1.307,0,0,0,14.834
921,0.599,0,8,0.323,0.294,1.451,1.313,0,0,0,14.847
922,0.6,0,8,0.317,0.286,1.451,1.312,1,0,0,14.858
923,0.599,0,8,0.313,0.278,1.451,1.312,1,0,0,14.87
924,0.599,0,15,0.31,0.271,1.461,1.31,1,0,0,14.882
925,0.599,0,10,0.306,0.264,1.461,1.309,1,0,0,14.894
926,0.599,0,7,0.304,0.259,1.442,1.308,1,0,0,14.906
927,0.599,0,9,0.302,0.255,1.46,1.303,0,0,0,14.918
928,0.599,0,8,0.3,0.252,1.451,1.309,0,0,0,14.93
929,0.599,0,11,0.3,0.249,1.461,1.311,0,0,0,14.942
930,0.599,0,9,0.3,0.249,1.451,1.309,0,0,0,14.953
931,0.599,0,11,0.301,0.249,1.461,1.306,0,0,0,14.966
932,0.599,0,13,0.303,0.25,1.46,1.307,0,0,0,14.977
933,0.599,0,11,0.305,0.252,1.461,1.303,0,0,0,14.99
934,0.599,0,14,0.309,0.256,1.442,1.316,0,0,0,15.001
935,0.599,0,6,0.314,0.26,1.451,1.306,0,0,0,15.013
936,0.599,0,9,0.319,0.265,1.46,1.312,0,0,0,15.025
937,0.6,0,9,0.326,0.272,1.451,1.31,0,0,0,15.037
938,0.599,0,11,0.334,0.279,1.461,1.309,0,0,0,15.05
939,0.599,0,10,0.342,0.288,1.431,1.31,1,0,0,15.062
940,0.6,0,11,0.351,0.296,1.45,1.306,1,0,0,15.073
941,0.599,0,11,0.359,0.306,1.451,1.306,1,0,0,15.085
942,0.599,0,8,0.368,0.317,1.442,1.31,0,0,0,15.098
943,0.599,0,7,0.377,0.329,1.442,1.304,0,0,0,15.109
944,0.599,0,8,0.385,0.341,1.451,1.305,1,0,0,15.122
945,0.599,0,8,0.394,0.354,1.46,1.308,2,0,0,15.133
946,0.6,0,9,0.403,0.367,1.442,1.298,3,0,0,15.146
947,0.599,0,10,0.412,0.38,1.442,1.289,3,0,0,15.157
948,0.599,0,11,0.421,0.393,1.451,1.285,4,0,0,15.17
949,0.599,0,5,0.429,0.407,1.442,1.286,4,0,0,15.181
950,0.599,0,7,0.438,0.42,1.451,1.279,3,0,0,15.194
951,0.6,0,7,0.447,0.433,1.442,1.272,4,0,0,15.206
952,0.599,0,8,0.455,0.446,1.461,1.271,2,0,0,15.218
953,0.599,0,10,0.464,0.459,1.451,1.26,2,0,0,15.229
954,0.599,0,8,0.473,0.472,1.442,1.26,2,0,0,15.242
955,0.599,0,8,0.481,0.485,1.451,1.258,1,0,0,15.254
956,0.599,0,11,0.491,0.499,1.442,1.247,1,0,0,15.267
957,0.599,0,9,0.498,0.512,1.442,1.24,1,0,0,15.278
958,0.599,0,10,0.508,0.525,1.431,1.247,1,1,1,15.291
959,0.599,0,13,0.516,0.538,1.442,1.245,2,0,0,15.303
960,0.598,0,9,0.525,0.551,1.451,1.257,3,0,0,15.315
961,0.599,0,9,0.534,0.564,1.465,1.243,3,0,0,15.327
962,0.599,0,8,0.543,0.578,1.461,1.239,5,0,0,15.339
963,0.599,0,7,0.551,0.592,1.451,1.242,5,0,0,15.351
964,0.599,0,12,0.561,0.607,1.461,1.235,7,0,0,15.363
965,0.599,0,10,0.568,0.621,1.431,1.229,6,0,0,15.375
966,0.599,0,11,0.578,0.636,1.442,1.214,6,0,0,15.387
967,0.599,0,9,0.586,0.652,1.451,1.228,6,0,0,15.399
968,0.599,0,11,0.595,0.668,1.431,1.214,5,0,0,15.411
969,0.599,0,10,0.604,0.667,1.442,1.212,3,0,0,15.424
970,0.599,0,10,0.613,0.684,1.465,1.22,3,0,0,15.436
971,0.599,0,12,0.621,0.701,1.431,1.219,3,0,0,15.447
972,0.599,0,14,0.631,0.718,1.442,1.217,3,0,0,15.46
973,0.599,0,9,0.638,0.735,1.442,1.223,3,0,0,15.471
974,0.599,0,10,0.647,0.754,1.461,1.217,4,0,0,15.483
975,0.599,0,9,0.656,0.771,1.451,1.219,5,0,0,15.496
976,0.599,0,8,0.665,0.789,1.431,1.21,4,0,0,15.507
977,0.599,0,7,0.675,0.808,1.442,1.204,4,0,0,15.52
978,0.599,0,9,0.685,0.827,1.442,1.21,4,0,0,15.531
979,0.6,0,10,0.696,0.845,1.426,1.197,5,0,0,15.543
980,0.599,0,11,0.707,0.864,1.451,1.194,5,0,0,15.556
981,0.599,0,12,0.719,0.882,1.465,1.2,5,0,0,15.567
982,0.599,0,8,0.73,0.903,1.451,1.192,5,0,0,15.577
983,0.599,0,13,0.743,0.922,1.451,1.185,5,0,0,15.587
984,0.6,0,10,0.756,0.941,1.442,1.189,7,0,0,15.597
985,0.599,0,11,0.769,0.96,1.431,1.181,8,0,0,15.607
986,0.599,0,10,0.783,0.981,1.442,1.184,10,0,0,15.618
987,0.599,0,11,0.797,1.001,1.442,1.169,10,0,0,15.628
988,0.6,0,11,0.811,1.02,1.45,1.152,13,0,0,15.638
989,0.599,0,11,0.825,1.041,1.426,1.136,15,0,0,15.648
990,0.599,0,11,0.84,1.061,1.451,1.129,15,0,0,15.658
991,0.599,0,11,0.855,1.081,1.461,1.121,13,0,0,15.668
992,0.6,0,10,0.87,1.101,1.431,1.097,11,0,0,15.678
993,0.599,0,11,0.887,1.123,1.441,1.086,10,0,0,15.689
994,0.599,0,12,0.902,1.143,1.461,1.098,10,1,1,15.699
995,0.599,0,11,0.918,1.163,1.442,1.089,10,0,0,15.709
996,0.599,0,10,0.935,1.184,1.465,1.099,11,1,1,15.719
997,0.599,0,13,0.951,1.206,1.461,1.104,13,0,0,15.729
998,0.599,0,10,0.968,1.226,1.451,1.072,14,1,1,15.739
999,0.599,0,12,0.985,1.247,1.442,1.065,14,0,0,15.749
1000,0.599,0,7,1.003,1.268,1.442,1.044,15,2,1,15.759
1001,0.599,0,10,1.02,1.289,1.445,1.049,15,0,0,15.763
1002,0.599,0,12,1.038,1.311,1.445,1.036,15,1,1,15.769
1003,0.599,0,6,1.055,1.332,1.442,1.032,14,1,2,15.772
1004,0.599,0,14,1.074,1.353,1.442,1.022,15,1,3,15.776
1005,0.6,0,8,1.091,1.374,1.451,1.017,13,0,0,15.78
1006,0.599,0,9,1.11,1.396,1.445,1.004,15,1,1,15.783
1007,0.599,0,9,1.128,1.417,1.431,0.996,16,0,0,15.787
1008,0.599,0,10,1.147,1.438,1.442,0.989,14,1,1,15.788
1009,0.599,0,11,1.166,1.46,1.442,0.985,14,1,2,15.784
1010,0.599,0,7,1.185,1.469,1.431,0.977,14,1,3,15.78
1011,0.599,0,8,1.204,1.479,1.445,0.974,16,1,4,15.777
1012,0.599,0,10,1.223,1.489,1.451,0.938,16,0,0,15.773
1013,0.599,0,9,1.242,1.507,1.442,0.943,16,1,1,15.769
1014,0.6,0,5,1.261,1.527,1.426,0.956,15,1,2,15.766
1015,0.599,0,4,1.281,1.548,1.445,0.949,15,1,3,15.762
1016,0.599,0,8,1.3,1.57,1.445,0.929,15,0,0,15.758
1017,0.599,0,7,1.32,1.592,1.451,0.928,14,2,1,15.754
1018,0.599,0,6,1.34,1.613,1.442,0.92,16,1,2,15.75
1019,0.597,0,11,1.36,1.635,1.461,0.902,16,1,3,15.747
1020,0.599,0,8,1.379,1.656,1.45,0.892,18,1,4,15.743
1021,0.599,0,7,1.4,1.678,1.451,0.893,20,1,1,15.739
1022,0.6,0,7,1.42,1.699,1.426,0.872,22,1,1,15.736
1023,0.599,0,5,1.44,1.708,1.442,0.873,22,1,2,15.732
1024,0.599,0,8,1.46,1.725,1.442,0.864,24,1,3,15.729
1025,0.599,0,5,1.481,1.747,1.426,0.863,25,0,0,15.725
1026,0.599,0,4,1.501,1.759,1.445,0.886,24,1,1,15.721
1027,0.599,0,4,1.522,1.777,1.451,0.868,23,1,2,15.719
1028,0.599,0,5,1.542,1.798,1.451,0.859,22,1,3,15.715
1029,0.6,0,6,1.564,1.819,1.445,0.844,21,1,4,15.711
1030,0.6,0,5,1.584,1.841,1.442,0.845,21,0,0,15.708
1031,0.599,0,10,1.605,1.862,1.442,0.854,21,1,1,15.704
1032,0.599,0,5,1.626,1.884,1.451,0.838,21,1,2,15.701
1033,0.6,0,6,1.638,1.905,1.442,0.834,21,1,3,15.697
1034,0.599,0,5,1.639,1.926,1.451,0.824,21,1,4,15.694
1035,0.599,0,8,1.641,1.948,1.442,0.831,22,0,0,15.691
1036,0.6,0,3,1.642,1.968,1.451,0.818,21,1,1,15.687
1037,0.599,0,5,1.644,1.99,1.445,0.806,21,1,2,15.684
1038,0.599,0,3,1.647,2.011,1.431,0.796,21,2,3,15.681
1039,0.599,0,5,1.649,2.032,1.442,0.807,22,1,4,15.686
1040,0.599,0,5,1.652,2.054,1.461,0.819,23,0,0,15.694
1041,0.599,0,5,1.655,2.074,1.451,0.799,23,0,0,15.703
1042,0.599,0,7,1.659,2.095,1.451,0.79,24,0,0,15.711
1043,0.599,0,6,1.663,2.117,1.445,0.783,24,1,1,15.72
1044,0.6,0,6,1.666,2.137,1.46,0.78,24,1,2,15.728
1045,0.599,0,7,1.671,2.158,1.445,0.765,24,1,3,15.736
1046,0.599,0,5,1.675,2.179,1.431,0.757,23,1,4,15.745
1047,0.599,0,4,1.679,2.2,1.445,0.764,23,1,5,15.753
1048,0.599,0,5,1.684,2.221,1.451,0.761,22,1,6,15.761
1049,0.599,0,8,1.689,2.242,1.461,0.766,22,1,7,15.769
1050,0.599,0,7,1.695,2.262,1.452,0.757,23,2,8,15.776
1051,0.599,0,7,1.701,2.283,1.445,0.756,22,1,9,15.785
1052,0.599,0,11,1.707,2.304,1.445,0.751,22,1,10,15.793
1053,0.599,0,4,1.713,2.324,1.442,0.754,22,1,11,15.8
1054,0.599,0,4,1.72,2.345,1.426,0.752,22,1,12,15.808
1055,0.599,0,7,1.727,2.366,1.451,0.743,22,1,13,15.815
1056,0.599,0,5,1.734,2.385,1.431,0.74,22,1,14,15.824
1057,0.599,0,3,1.741,2.406,1.451,0.753,22,1,15,15.831
1058,0.596,0,7,1.749,2.426,1.445,0.747,22,1,16,15.838
1059,0.599,0,5,1.757,2.446,1.445,0.743,23,1,17,15.845
1060,0.599,0,4,1.765,2.466,1.45,0.743,23,1,18,15.852
1061,0.599,0,7,1.773,2.487,1.452,0.744,23,1,19,15.86
1062,0.599,0,3,1.782,2.507,1.445,0.73,24,1,20,15.867
1063,0.599,0,8,1.791,2.526,1.426,0.727,23,1,21,15.873
1064,0.599,0,10,1.8,2.546,1.451,0.732,24,1,22,15.88
1065,0.599,0,6,1.809,2.566,1.451,0.738,24,1,23,15.888
1066,0.6,0,4,1.819,2.585,1.445,0.739,24,1,24,15.894
1067,0.599,0,8,1.829,2.604,1.46,0.735,24,2,25,15.901
1068,0.599,0,7,1.838,2.624,1.451,0.734,23,1,26,15.908
1069,0.599,0,8,1.848,2.644,1.442,0.726,24,1,27,15.914
1070,0.599,0,8,1.859,2.663,1.445,0.72,26,1,28,15.919
1071,0.599,0,6,1.869,2.682,1.451,0.707,26,1,29,15.926
1072,0.599,0,6,1.88,2.701,1.426,0.688,26,1,30,15.932
1073,0.599,0,6,1.884,2.719,1.445,0.69,26,3,31,15.938
1074,0.599,0,5,1.873,2.738,1.451,0.685,26,1,32,15.943
1075,0.599,0,6,1.862,2.757,1.442,0.686,27,2,33,15.939
1076,0.599,0,10,1.851,2.775,1.442,0.68,27,2,34,15.939
1077,0.599,0,7,1.839,2.793,1.45,0.675,27,2,35,15.938
1078,0.599,0,9,1.828,2.812,1.431,0.675,27,1,2,15.934
1079,0.598,0,6,1.817,2.829,1.465,0.686,27,1,3,15.935
1080,0.598,0,7,1.806,2.847,1.442,0.666,27,1,4,15.931
1081,0.599,0,7,1.796,2.865,1.445,0.675,28,1,5,15.93
1082,0.599,0,6,1.784,2.883,1.442,0.647,28,1,6,15.926
1083,0.599,0,6,1.774,2.899,1.426,0.646,28,1,7,15.925
1084,0.6,0,5,1.764,2.916,1.431,0.637,28,1,8,15.923
1085,0.599,0,7,1.754,2.932,1.45,0.634,28,1,9,15.921
1086,0.599,0,4,1.744,2.949,1.451,0.634,28,1,10,15.918
1087,0.599,0,10,1.735,2.965,1.426,0.623,28,1,11,15.917
1088,0.599,0,9,1.725,2.981,1.442,0.624,28,2,12,15.914
1089,0.6,0,4,1.717,2.997,1.451,0.614,29,2,13,15.913
1090,0.598,0,9,1.707,3.012,1.431,0.598,29,1,14,15.909
1091,0.599,0,4,1.699,3.027,1.442,0.594,29,1,15,15.908
1092,0.6,0,8,1.69,3.042,1.426,0.599,30,1,16,15.905
1093,0.599,0,6,1.683,3.057,1.451,0.599,30,1,17,15.904
1094,0.599,0,8,1.674,3.071,1.451,0.597,32,1,18,15.899
1095,0.599,0,6,1.667,3.085,1.426,0.588,32,1,19,15.898
1096,0.599,0,6,1.659,3.097,1.431,0.587,32,1,20,15.895
1097,0.599,0,8,1.653,3.111,1.416,0.593,33,1,21,15.889
1098,0.6,0,6,1.645,3.123,1.426,0.567,33,1,22,15.877
1099,0.599,0,7,1.639,3.136,1.465,0.564,33,1,23,15.863
1100,0.599,0,8,1.632,3.148,1.426,0.557,32,1,24,15.85
1101,0.599,0,7,1.627,3.159,1.451,0.554,32,1,25,15.836
1102,0.599,0,4,1.62,3.17,1.431,0.546,32,1,26,15.823
1103,0.599,0,6,1.615,3.181,1.416,0.539,33,1,27,15.809
1104,0.599,0,8,1.61,3.177,1.426,0.548,34,2,28,15.797
1105,0.599,0,8,1.605,3.166,1.431,0.545,34,2,29,15.783
1106,0.6,0,4,1.6,3.155,1.426,0.545,34,1,30,15.77
1107,0.599,0,5,1.595,3.144,1.422,0.548,34,2,31,15.757
1108,0.599,0,6,1.592,3.134,1.451,0.555,33,1,32,15.744
1109,0.599,0,6,1.588,3.123,1.451,0.558,33,2,33,15.73
1110,0.6,0,2,1.584,3.113,1.426,0.537,34,1,1,15.718
1111,0.599,0,9,1.581,3.102,1.431,0.544,34,2,1,15.704
1112,0.599,0,6,1.578,3.092,1.426,0.544,34,1,2,15.69
1113,0.599,0,6,1.576,3.082,1.451,0.555,34,2,3,15.673
1114,0.599,0,8,1.573,3.073,1.431,0.557,34,1,1,15.657
1115,0.599,0,6,1.571,3.063,1.426,0.571,34,1,1,15.64
1116,0.599,0,6,1.569,3.054,1.451,0.558,35,2,1,15.618
1117,0.599,0,11,1.568,3.044,1.45,0.552,35,3,2,15.595
1118,0.599,0,5,1.566,3.034,1.422,0.547,35,1,3,15.572
1119,0.598,0,10,1.566,3.025,1.426,0.551,35,2,4,15.563
1120,0.599,0,6,1.565,3.016,1.431,0.538,34,2,5,15.566
1121,0.598,0,7,1.565,3.008,1.426,0.542,34,1,2,15.57
1122,0.6,0,3,1.564,2.999,1.422,0.529,34,2,1,15.574
1123,0.598,0,6,1.565,2.99,1.451,0.531,33,2,1,15.578
1124,0.599,0,7,1.566,2.981,1.422,0.539,32,0,0,15.582
1125,0.598,0,9,1.567,2.973,1.451,0.544,31,3,1,15.586
1126,0.599,0,5,1.568,2.966,1.431,0.533,32,2,1,15.59
1127,0.599,0,7,1.569,2.958,1.426,0.537,33,1,1,15.593
1128,0.599,0,10,1.571,2.95,1.416,0.536,35,0,0,15.597
1129,0.599,0,8,1.573,2.943,1.451,0.535,35,2,1,15.602
1130,0.599,0,7,1.576,2.935,1.422,0.529,35,1,2,15.606
1131,0.599,0,7,1.578,2.928,1.451,0.523,35,1,1,15.61
1132,0.599,0,6,1.582,2.92,1.422,0.518,35,1,1,15.614
1133,0.6,0,5,1.585,2.913,1.45,0.517,34,1,1,15.618
1134,0.599,0,8,1.588,2.906,1.431,0.511,34,1,1,15.622
1135,0.599,0,6,1.592,2.9,1.422,0.521,33,2,1,15.627
1136,0.6,0,8,1.596,2.893,1.426,0.511,33,4,2,15.631
1137,0.599,0,6,1.601,2.887,1.431,0.516,33,1,2,15.635
1138,0.599,0,5,1.606,2.88,1.451,0.52,33,2,1,15.64
1139,0.6,0,4,1.611,2.874,1.416,0.517,33,3,2,15.644
1140,0.6,0,6,1.616,2.868,1.431,0.521,33,3,3,15.648
1141,0.599,0,8,1.622,2.862,1.442,0.521,34,1,4,15.653
1142,0.599,0,4,1.628,2.857,1.426,0.525,34,4,5,15.658
1143,0.599,0,3,1.633,2.851,1.431,0.526,35,1,6,15.663
1144,0.599,0,5,1.64,2.846,1.442,0.523,37,2,1,15.667
1145,0.599,0,7,1.646,2.841,1.422,0.521,36,1,2,15.671
1146,0.599,0,7,1.653,2.836,1.451,0.526,37,2,1,15.676
1147,0.599,0,9,1.659,2.831,1.426,0.527,36,2,2,15.681
1148,0.599,0,5,1.666,2.826,1.426,0.518,36,1,2,15.685
1149,0.599,0,2,1.672,2.822,1.431,0.528,37,2,1,15.69
1150,0.6,0,4,1.679,2.818,1.426,0.524,37,0,0,15.695
1151,0.599,0,6,1.685,2.814,1.426,0.528,37,1,1,15.7
1152,0.6,0,4,1.691,2.81,1.431,0.534,38,1,1,15.704
1153,0.599,0,4,1.698,2.807,1.451,0.531,38,2,2,15.709
1154,0.6,0,3,1.705,2.803,1.451,0.531,39,0,0,15.714
1155,0.599,0,6,1.711,2.8,1.431,0.518,39,0,0,15.719
1156,0.6,0,7,1.717,2.796,1.422,0.514,38,1,1,15.723
1157,0.597,0,4,1.725,2.793,1.45,0.512,39,1,1,15.728
1158,0.599,0,4,1.731,2.79,1.465,0.503,39,1,1,15.733
1159,0.598,0,5,1.737,2.788,1.426,0.485,39,0,0,15.737
1160,0.6,0,5,1.744,2.785,1.451,0.475,39,2,1,15.737
1161,0.599,0,3,1.75,2.783,1.431,0.466,38,1,2,15.738
1162,0.599,0,3,1.757,2.781,1.422,0.463,37,1,1,15.737
1163,0.599,0,6,1.763,2.779,1.426,0.466,38,2,1,15.738
1164,0.599,0,3,1.77,2.777,1.431,0.462,38,1,2,15.739
1165,0.6,0,0,1.776,2.775,1.45,0.462,38,4,3,15.737
1166,0.599,0,4,1.783,2.774,1.416,0.455,38,4,4,15.735
1167,0.599,0,5,1.789,2.772,1.431,0.464,39,3,5,15.733
1168,0.6,0,4,1.796,2.771,1.451,0.456,39,1,6,15.732
1169,0.6,0,5,1.802,2.77,1.431,0.448,39,4,7,15.728
1170,0.599,0,3,1.809,2.769,1.451,0.445,39,3,8,15.724
1171,0.6,0,4,1.815,2.769,1.426,0.451,39,2,3,15.721
1172,0.6,0,4,1.821,2.768,1.431,0.45,39,2,1,15.718
1173,0.6,0,5,1.828,2.768,1.45,0.446,38,2,2,15.715
1174,0.599,0,5,1.835,2.768,1.451,0.455,36,3,3,15.712
1175,0.599,0,2,1.841,2.768,1.451,0.46,36,2,4,15.708
1176,0.6,0,2,1.848,2.769,1.426,0.464,36,1,1,15.705
1177,0.599,0,5,1.855,2.769,1.416,0.457,37,1,1,15.702
1178,0.599,0,4,1.861,2.77,1.465,0.463,37,1,1,15.699
1179,0.599,0,5,1.867,2.772,1.422,0.462,37,1,1,15.695
1180,0.599,0,4,1.874,2.773,1.416,0.461,37,2,2,15.691
1181,0.599,0,6,1.881,2.773,1.442,0.456,37,1,1,15.688
1182,0.599,0,6,1.889,2.774,1.416,0.455,37,2,1,15.685
1183,0.599,0,6,1.896,2.776,1.451,0.452,37,1,2,15.682
1184,0.599,0,8,1.904,2.778,1.442,0.45,37,1,1,15.679
1185,0.599,0,3,1.912,2.78,1.422,0.45,37,1,1,15.675
1186,0.599,0,4,1.92,2.781,1.405,0.452,37,0,0,15.672
1187,0.6,0,4,1.928,2.783,1.442,0.45,37,2,1,15.669
1188,0.599,0,5,1.937,2.786,1.451,0.449,37,1,2,15.666
1189,0.6,0,5,1.946,2.788,1.416,0.452,38,0,0,15.663
1190,0.6,0,3,1.955,2.79,1.451,0.445,38,1,1,15.659
1191,0.599,0,10,1.964,2.793,1.416,0.434,39,1,2,15.655
1192,0.599,0,6,1.973,2.796,1.422,0.431,39,1,1,15.652
1193,0.599,0,11,1.984,2.798,1.442,0.435,39,3,2,15.649
1194,0.599,0,7,1.993,2.801,1.426,0.432,39,1,3,15.645
1195,0.598,0,9,2.004,2.803,1.416,0.428,39,3,1,15.642
1196,0.599,0,6,2.013,2.806,1.442,0.432,38,2,2,15.639
1197,0.599,0,8,2.024,2.808,1.426,0.433,38,1,2,15.635
1198,0.6,0,5,2.035,2.811,1.416,0.444,38,1,1,15.632
1199,0.599,0,7,2.045,2.813,1.451,0.443,38,1,2,15.628
1200,0.599,0,6,2.056,2.816,1.426,0.447,38,0,0,15.624
1201,0.599,0,7,2.067,2.818,1.422,0.441,38,1,1,15.62
1202,0.599,0,6,2.079,2.821,1.442,0.448,38,1,2,15.616
1203,0.599,0,8,2.091,2.823,1.451,0.45,38,0,0,15.612
1204,0.599,0,8,2.103,2.826,1.431,0.466,38,0,0,15.608
1205,0.599,0,4,2.114,2.829,1.442,0.47,38,1,1,15.604
1206,0.599,0,6,2.126,2.832,1.431,0.462,38,0,0,15.6
1207,0.598,0,5,2.139,2.835,1.431,0.469,38,1,1,15.595
1208,0.599,0,7,2.151,2.839,1.442,0.475,39,0,0,15.591
1209,0.598,0,6,2.164,2.842,1.445,0.474,39,1,1,15.586
1210,0.599,0,4,2.176,2.845,1.431,0.469,39,1,2,15.581
1211,0.599,0,5,2.19,2.85,1.442,0.472,39,0,0,15.572
1212,0.6,0,4,2.202,2.854,1.452,0.471,40,0,0,15.563
1213,0.599,0,5,2.216,2.858,1.431,0.465,41,0,0,15.555
1214,0.599,0,5,2.229,2.862,1.442,0.459,42,0,0,15.546
1215,0.6,0,3,2.242,2.867,1.451,0.462,43,1,1,15.537
1216,0.598,0,6,2.256,2.872,1.452,0.451,43,0,0,15.528
1217,0.599,0,4,2.269,2.877,1.442,0.446,43,1,1,15.52
1218,0.598,0,5,2.284,2.881,1.45,0.451,42,1,2,15.511
1219,0.599,0,5,2.298,2.887,1.451,0.444,42,1,3,15.502
1220,0.597,0,3,2.312,2.893,1.452,0.449,42,0,0,15.494
1221,0.599,0,4,2.326,2.897,1.451,0.452,42,1,1,15.485
1222,0.598,0,5,2.341,2.903,1.431,0.45,42,1,2,15.477
1223,0.599,0,3,2.355,2.91,1.426,0.456,42,0,0,15.468
1224,0.597,0,5,2.369,2.916,1.452,0.456,41,1,1,15.459
1225,0.6,0,4,2.385,2.921,1.431,0.458,41,1,2,15.45
1226,0.597,0,3,2.399,2.928,1.451,0.454,41,0,0,15.442
1227,0.6,0,1,2.415,2.935,1.442,0.452,42,1,1,15.433
1228,0.597,0,3,2.43,2.942,1.431,0.454,42,1,2,15.424
1229,0.599,0,3,2.445,2.948,1.416,0.447,42,0,0,15.415
1230,0.596,0,3,2.461,2.955,1.442,0.453,42,1,1,15.407
1231,0.599,0,1,2.477,2.963,1.452,0.453,42,1,2,15.398
1232,0.599,0,4,2.492,2.969,1.451,0.453,41,0,0,15.389
1233,0.599,0,3,2.507,2.977,1.442,0.448,40,0,0,15.38
1234,0.599,0,3,2.524,2.985,1.431,0.441,40,0,0,15.372
1235,0.599,0,3,2.539,2.993,1.452,0.425,41,1,1,15.363
1236,0.6,0,2,2.556,3.0,1.452,0.44,41,0,0,15.354
1237,0.6,0,2,2.571,3.008,1.431,0.455,41,0,0,15.346
1238,0.599,0,4,2.588,3.017,1.451,0.457,42,0,0,15.338
1239,0.599,0,2,2.604,3.026,1.452,0.466,42,0,0,15.329
1240,0.6,0,1,2.621,3.033,1.431,0.462,43,0,0,15.321
1241,0.6,0,2,2.637,3.042,1.426,0.467,43,0,0,15.312
1242,0.599,0,1,2.654,3.051,1.442,0.474,44,1,1,15.304
1243,0.599,0,1,2.671,3.059,1.452,0.483,45,0,0,15.295
1244,0.599,0,2,2.687,3.069,1.451,0.495,45,1,1,15.286
1245,0.599,0,1,2.705,3.078,1.442,0.501,46,1,2,15.278
1246,0.599,0,1,2.721,3.088,1.452,0.496,46,1,3,15.269
1247,0.599,0,1,2.739,3.097,1.426,0.491,46,0,0,15.26
1248,0.6,0,1,2.756,3.106,1.452,0.508,45,0,0,15.251
1249,0.6,0,1,2.773,3.116,1.451,0.501,47,0,0,15.243
1250,0.6,0,2,2.79,3.127,1.416,0.492,49,0,0,15.234
1251,0.6,0,2,2.807,3.136,1.442,0.477,49,1,1,15.225
1252,0.599,0,2,2.826,3.146,1.426,0.467,50,0,0,15.217
1253,0.599,0,3,2.842,3.157,1.45,0.451,50,1,1,15.208
1254,0.599,0,4,2.861,3.166,1.452,0.449,50,2,2,15.199
1255,0.599,0,2,2.878,3.177,1.452,0.453,52,1,3,15.19
1256,0.6,0,2,2.896,3.188,1.416,0.451,51,2,4,15.182
1257,0.599,0,3,2.914,3.199,1.442,0.441,52,2,5,15.173
1258,0.6,0,3,2.932,3.209,1.452,0.441,53,3,3,15.164
1259,0.599,0,3,2.95,3.221,1.416,0.451,53,0,0,15.155
1260,0.6,0,1,2.968,3.232,1.451,0.454,52,0,0,15.135
1261,0.599,0,5,2.986,3.243,1.445,0.435,52,0,0,15.121
1262,0.599,0,4,3.004,3.254,1.422,0.433,52,0,0,15.105
1263,0.6,0,3,3.023,3.266,1.452,0.433,53,0,0,15.091
1264,0.599,0,3,3.041,3.278,1.451,0.435,53,0,0,15.074
1265,0.6,0,4,3.06,3.289,1.416,0.423,54,0,0,15.058
1266,0.6,0,1,3.078,3.301,1.452,0.419,54,1,1,15.043
1267,0.599,0,5,3.097,3.313,1.451,0.42,54,0,0,15.024
1268,0.599,0,4,3.115,3.326,1.406,0.408,54,1,1,15.006
1269,0.6,0,1,3.133,3.337,1.431,0.414,54,0,0,14.989
1270,0.598,0,6,3.152,3.345,1.452,0.403,54,1,1,14.97
1271,0.6,0,5,3.171,3.322,1.422,0.399,54,1,2,14.953
1272,0.597,0,4,3.19,3.299,1.431,0.405,54,0,0,14.932
1273,0.6,0,3,3.208,3.276,1.451,0.406,55,1,1,14.918
1274,0.597,0,3,3.228,3.253,1.416,0.385,55,1,1,14.896
1275,0.6,0,2,3.247,3.23,1.431,0.39,56,1,1,14.892
1276,0.596,0,3,3.266,3.207,1.442,0.365,56,0,0,14.881
1277,0.599,0,4,3.285,3.185,1.465,0.374,55,0,0,14.878
1278,0.599,0,2,3.303,3.162,1.451,0.372,55,1,1,14.87
1279,0.599,0,3,3.323,3.138,1.442,0.375,55,0,0,14.864
1280,0.599,0,2,3.342,3.115,1.451,0.377,55,1,1,14.859
1281,0.599,0,3,3.362,3.092,1.405,0.379,55,0,0,14.853
1282,0.6,0,1,3.381,3.07,1.452,0.371,55,2,1,14.847
1283,0.599,0,4,3.401,3.047,1.431,0.363,55,1,1,14.84
1284,0.6,0,3,3.42,3.024,1.451,0.373,55,1,1,14.833
1285,0.599,0,4,3.44,3.001,1.442,0.375,56,0,0,14.827
1286,0.599,0,3,3.459,2.979,1.431,0.364,57,1,1,14.821
1287,0.597,0,4,3.478,2.955,1.422,0.341,56,0,0,14.815
1288,0.6,0,1,3.498,2.932,1.452,0.332,57,0,0,14.809
1289,0.599,0,3,3.517,2.909,1.431,0.336,58,0,0,14.802
1290,0.599,0,3,3.537,2.887,1.445,0.337,58,0,0,14.797
1291,0.6,0,3,3.557,2.864,1.442,0.333,58,0,0,14.79
1292,0.6,0,3,3.577,2.841,1.431,0.325,59,1,1,14.784
1293,0.6,0,1,3.596,2.818,1.422,0.321,59,0,0,14.778
1294,0.599,0,2,3.617,2.795,1.442,0.316,59,1,1,14.772
1295,0.599,0,2,3.636,2.773,1.431,0.313,59,1,1,14.765
1296,0.599,0,4,3.656,2.75,1.451,0.317,59,0,0,14.759
1297,0.599,0,5,3.676,2.727,1.452,0.316,59,1,1,14.752
1298,0.599,0,2,3.696,2.704,1.431,0.309,59,2,2,14.746
1299,0.599,0,4,3.716,2.682,1.416,0.306,59,0,0,14.74
1300,0.6,0,4,3.736,2.659,1.451,0.318,59,0,0,14.733
1301,0.599,0,5,3.757,2.636,1.452,0.333,59,0,0,14.727
1302,0.599,0,3,3.776,2.613,1.422,0.329,59,0,0,14.721
1303,0.6,0,0,3.797,2.59,1.442,0.336,60,0,0,14.715
1304,0.599,0,1,3.817,2.568,1.416,0.327,60,1,1,14.709
1305,0.6,0,1,3.837,2.545,1.452,0.332,61,0,0,14.703
1306,0.6,0,1,3.857,2.522,1.416,0.33,61,0,0,14.697
1307,0.6,0,2,3.877,2.499,1.442,0.319,61,0,0,14.691
1308,0.599,0,1,3.898,2.477,1.451,0.312,61,0,0,14.685
1309,0.599,0,3,3.918,2.454,1.452,0.309,61,1,1,14.679
1310,0.6,0,3,3.939,2.431,1.442,0.311,62,0,0,14.673
1311,0.599,0,1,3.959,2.408,1.431,0.314,63,1,1,14.667
1312,0.599,0,3,3.98,2.386,1.452,0.307,62,1,1,14.662
1313,0.6,0,1,4.0,2.363,1.442,0.305,62,1,1,14.656
1314,0.6,0,1,4.02,2.341,1.422,0.306,61,0,0,14.65
1315,0.6,0,1,4.041,2.318,1.406,0.306,61,0,0,14.644
1316,0.6,0,1,4.061,2.296,1.452,0.311,62,1,1,14.639
1317,0.599,0,2,4.081,2.273,1.416,0.305,62,1,1,14.633
1318,0.6,0,2,4.101,2.25,1.416,0.312,62,1,2,14.628
1319,0.599,0,3,4.121,2.228,1.445,0.312,62,1,3,14.622
1320,0.599,0,3,4.141,2.205,1.452,0.313,62,1,4,14.616
1321,0.6,0,2,4.161,2.183,1.416,0.31,62,0,0,14.611
1322,0.6,0,1,4.181,2.16,1.44,0.316,63,0,0,14.605
1323,0.6,0,3,4.201,2.137,1.416,0.314,63,0,0,14.597
1324,0.6,0,1,4.221,2.115,1.452,0.318,63,0,0,14.589
1325,0.599,0,3,4.24,2.093,1.46,0.317,62,0,0,14.58
1326,0.599,0,2,4.26,2.07,1.416,0.317,62,0,0,14.571
1327,0.599,0,2,4.28,2.048,1.416,0.317,61,0,0,14.562
1328,0.6,0,1,4.3,2.025,1.441,0.319,62,0,0,14.552
1329,0.6,0,1,4.32,2.003,1.416,0.319,62,0,0,14.541
1330,0.6,0,0,4.34,1.981,1.445,0.32,62,1,1,14.53
1331,0.599,0,2,4.338,1.958,1.441,0.316,61,0,0,14.517
1332,0.6,0,2,4.333,1.935,1.406,0.309,61,2,1,14.504
1333,0.6,0,1,4.329,1.914,1.445,0.314,61,3,2,14.491
1334,0.6,0,0,4.324,1.891,1.416,0.315,60,2,3,14.477
1335,0.599,0,3,4.321,1.869,1.445,0.308,61,3,4,14.461
1336,0.6,0,2,4.316,1.846,1.416,0.31,61,2,5,14.445
1337,0.6,0,0,4.33,1.824,1.416,0.308,61,3,6,14.428
1338,0.6,0,1,4.343,1.802,1.445,0.315,62,1,5,14.41
1339,0.6,0,1,4.357,1.78,1.416,0.302,62,4,6,14.392
1340,0.6,0,1,4.37,1.757,1.416,0.3,61,2,7,14.373
1341,0.599,0,1,4.385,1.735,1.445,0.309,62,2,8,14.355
1342,0.6,0,2,4.399,1.714,1.426,0.316,62,3,9,14.336
1343,0.599,0,2,4.412,1.692,1.452,0.303,62,3,10,14.315
1344,0.6,0,4,4.427,1.669,1.445,0.305,63,2,11,14.294
1345,0.6,0,4,4.44,1.647,1.431,0.294,63,4,12,14.273
1346,0.599,0,2,4.455,1.626,1.445,0.296,64,2,13,14.252
1347,0.6,0,1,4.47,1.603,1.416,0.294,63,2,14,14.23
1348,0.6,0,1,4.483,1.581,1.416,0.285,63,2,15,14.208
1349,0.6,0,2,4.498,1.559,1.445,0.297,63,1,16,14.186
1350,0.6,0,0,4.512,1.537,1.445,0.29,63,3,17,14.162
1351,0.6,0,2,4.527,1.516,1.416,0.288,63,1,18,14.14
1352,0.6,0,2,4.542,1.494,1.416,0.287,63,1,19,14.116
1353,0.599,0,2,4.556,1.472,1.445,0.289,63,2,20,14.093
1354,0.6,0,1,4.572,1.45,1.416,0.279,65,2,21,14.069
1355,0.599,0,2,4.586,1.429,1.416,0.29,65,2,22,14.046
1356,0.6,0,0,4.601,1.408,1.445,0.286,65,2,23,14.023
1357,0.6,0,1,4.616,1.386,1.445,0.282,65,1,24,14.0
1358,0.6,0,1,4.631,1.364,1.416,0.265,65,2,25,13.976
1359,0.599,0,1,4.647,1.343,1.416,0.265,65,1,1,13.954
1360,0.6,0,1,4.661,1.322,1.445,0.262,65,1,1,13.931
1361,0.6,0,1,4.677,1.3,1.416,0.272,65,1,1,13.907
1362,0.6,0,1,4.692,1.279,1.431,0.276,66,1,1,13.884
1363,0.6,0,1,4.707,1.257,1.452,0.277,66,1,1,13.861
1364,0.6,0,4,4.723,1.237,1.416,0.264,65,0,0,13.838
1365,0.599,0,3,4.738,1.216,1.445,0.263,66,1,1,13.814
1366,0.6,0,3,4.754,1.194,1.416,0.257,66,3,1,13.791
1367,0.599,0,3,4.769,1.173,1.452,0.268,66,0,0,13.767
1368,0.6,0,2,4.785,1.153,1.416,0.25,66,1,1,13.745
1369,0.6,0,1,4.801,1.132,1.431,0.255,66,2,2,13.721
1370,0.6,0,1,4.816,1.111,1.416,0.251,67,1,3,13.698
1371,0.599,0,1,4.832,1.09,1.452,0.255,66,1,4,13.675
1372,0.6,0,2,4.848,1.07,1.452,0.253,66,1,5,13.652
1373,0.6,0,2,4.863,1.05,1.416,0.267,66,1,1,13.628
1374,0.6,0,1,4.879,1.029,1.445,0.274,66,2,2,13.606
1375,0.6,0,1,4.894,1.009,1.416,0.259,66,0,0,13.582
1376,0.6,0,1,4.909,0.989,1.445,0.254,66,3,1,13.559
1377,0.6,0,2,4.899,0.969,1.416,0.248,66,1,2,13.536
1378,0.6,0,1,4.89,0.949,1.452,0.261,67,0,0,13.513
1379,0.6,0,3,4.879,0.929,1.431,0.251,67,2,1,13.489
1380,0.6,0,1,4.871,0.909,1.416,0.256,67,1,2,13.466
1381,0.6,0,1,4.861,0.89,1.416,0.261,69,1,1,13.442
1382,0.599,0,2,4.852,0.871,1.452,0.271,70,0,0,13.419
1383,0.6,0,2,4.842,0.851,1.416,0.263,70,0,0,13.396
1384,0.599,0,2,4.833,0.832,1.442,0.249,70,0,0,13.373
1385,0.599,0,2,4.824,0.814,1.445,0.247,72,0,0,13.35
1386,0.6,0,2,4.815,0.795,1.416,0.234,72,0,0,13.327
1387,0.6,0,3,4.806,0.776,1.445,0.226,72,0,0,13.304
1388,0.6,0,1,4.798,0.757,1.452,0.231,72,0,0,13.28
1389,0.6,0,3,4.789,0.739,1.416,0.23,73,0,0,13.257
1390,0.6,0,2,4.78,0.72,1.445,0.23,72,0,0,13.234
1391,0.6,0,2,4.772,0.701,1.416,0.228,72,0,0,13.211
1392,0.6,0,2,4.763,0.682,1.406,0.224,71,0,0,13.188
1393,0.599,0,2,4.755,0.663,1.416,0.224,71,0,0,13.164
1394,0.599,0,2,4.747,0.645,1.416,0.222,71,0,0,13.141
1395,0.6,0,1,4.739,0.626,1.431,0.217,72,0,0,13.118
1396,0.599,0,2,4.731,0.607,1.451,0.213,72,0,0,13.094
1397,0.6,0,2,4.723,0.588,1.416,0.201,73,0,0,13.071
1398,0.6,0,0,4.715,0.57,1.445,0.204,72,1,1,13.048
1399,0.6,0,2,4.708,0.551,1.416,0.201,72,0,0,13.025
1400,0.6,0,1,4.699,0.532,1.416,0.201,72,0,0,13.001
1401,0.6,0,1,4.692,0.513,1.445,0.2,72,1,1,12.979
1402,0.6,0,1,4.685,0.495,1.416,0.196,72,0,0,12.955
1403,0.6,0,3,4.678,0.476,1.416,0.205,72,0,0,12.932
1404,0.599,0,3,4.67,0.457,1.452,0.204,73,1,1,12.909
1405,0.6,0,4,4.664,0.438,1.416,0.199,73,0,0,12.886
1406,0.6,0,1,4.656,0.419,1.452,0.198,73,0,0,12.863
1407,0.6,0,0,4.649,0.401,1.445,0.195,73,0,0,12.839
1408,0.6,0,1,4.642,0.382,1.416,0.19,73,0,0,12.816
1409,0.6,0,2,4.635,0.364,1.431,0.189,73,1,1,12.793
1410,0.6,0,0,4.629,0.346,1.416,0.187,74,0,0,12.77
1411,0.6,0,1,4.622,0.329,1.422,0.182,75,1,1,12.746
1412,0.6,0,1,4.616,0.312,1.445,0.181,75,0,0,12.723
1413,0.599,0,3,4.61,0.295,1.431,0.178,76,1,1,12.7
1414,0.6,0,1,4.604,0.279,1.416,0.176,76,0,0,12.677
1415,0.6,0,1,4.597,0.264,1.445,0.178,76,0,0,12.653
1416,0.6,0,2,4.591,0.249,1.416,0.177,77,0,0,12.631
1417,0.599,0,1,4.586,0.235,1.445,0.177,76,1,1,12.607
1418,0.6,0,2,4.58,0.221,1.416,0.177,76,0,0,12.584
1419,0.6,0,2,4.574,0.208,1.406,0.176,76,0,0,12.561
1420,0.6,0,2,4.568,0.197,1.416,0.177,76,1,1,12.538
1421,0.6,0,2,4.564,0.186,1.445,0.18,76,0,0,12.514
1422,0.6,0,2,4.558,0.176,1.416,0.17,76,1,1,12.491
1423,0.6,0,1,4.553,0.167,1.445,0.173,76,1,1,12.468
1424,0.6,0,2,4.548,0.16,1.416,0.177,76,0,0,12.445
1425,0.6,0,1,4.542,0.153,1.422,0.169,76,1,1,12.421
1426,0.6,0,2,4.537,0.148,1.445,0.164,76,1,1,12.398
1427,0.599,0,4,4.533,0.144,1.406,0.165,76,1,1,12.374
1428,0.6,0,1,4.528,0.142,1.465,0.171,76,0,0,12.351
1429,0.6,0,0,4.523,0.141,1.431,0.169,76,2,1,12.327
1430,0.599,0,1,4.519,0.14,1.416,0.173,76,0,0,12.304
1431,0.6,0,2,4.514,0.142,1.445,0.168,76,1,1,12.28
1432,0.599,0,2,4.511,0.145,1.416,0.167,76,1,1,12.257
1433,0.599,0,3,4.506,0.15,1.416,0.178,76,1,1,12.234
1434,0.6,0,2,4.501,0.155,1.416,0.174,76,1,2,12.211
1435,0.599,0,1,4.498,0.162,1.416,0.167,76,2,3,12.187
1436,0.6,0,0,4.494,0.171,1.416,0.17,76,1,4,12.164
1437,0.6,0,0,4.49,0.179,1.445,0.168,76,1,5,12.141
1438,0.6,0,0,4.487,0.189,1.416,0.165,77,2,6,12.118
1439,0.6,0,1,4.484,0.201,1.445,0.165,77,0,0,12.094
1440,0.6,0,1,4.48,0.213,1.416,0.162,77,1,1,12.071
1441,0.6,0,2,4.477,0.226,1.416,0.165,77,2,2,12.047
1442,0.6,0,1,4.474,0.24,1.445,0.166,77,1,3,12.024
1443,0.6,0,1,4.471,0.232,1.401,0.167,77,1,4,12.001
1444,0.599,0,1,4.468,0.22,1.416,0.164,77,1,5,11.978
1445,0.599,0,2,4.464,0.209,1.422,0.165,77,2,6,11.954
1446,0.599,0,1,4.463,0.198,1.431,0.161,77,0,0,11.931
1447,0.6,0,2,4.459,0.186,1.416,0.16,77,2,1,11.907
1448,0.599,0,5,4.457,0.175,1.445,0.166,77,2,2,11.884
1449,0.6,0,3,4.455,0.164,1.416,0.16,76,2,3,11.861
1450,0.6,0,2,4.452,0.152,1.416,0.163,76,1,4,11.838
1451,0.6,0,0,4.451,0.141,1.416,0.159,76,3,5,11.815
1452,0.6,0,2,4.448,0.129,1.431,0.157,76,2,6,11.791
1453,0.599,0,2,4.447,0.118,1.445,0.16,76,0,0,11.767
1454,0.599,0,3,4.445,0.107,1.406,0.155,76,2,1,11.744
1455,0.6,0,1,4.443,0.095,1.416,0.155,76,3,2,11.721
1456,0.599,0,2,4.441,0.085,1.406,0.151,76,3,3,11.697
1457,0.599,0,1,4.441,0.075,1.416,0.154,76,3,4,11.674
1458,0.599,0,3,4.438,0.067,1.406,0.158,76,4,5,11.651
1459,0.599,0,2,4.436,0.06,1.416,0.155,75,3,6,11.628
1460,0.6,0,2,4.436,0.055,1.416,0.157,76,3,7,11.604
1461,0.6,0,4,4.433,0.051,1.416,0.154,76,4,8,11.581
1462,0.6,0,5,4.433,0.05,1.416,0.153,76,4,9,11.557
1463,0.6,0,3,4.431,0.051,1.431,0.157,76,4,10,11.534
1464,0.599,0,3,4.429,0.05,1.445,0.159,76,3,11,11.511
1465,0.599,0,5,4.428,0.05,1.416,0.154,76,5,12,11.488
1466,0.599,0,5,4.426,0.051,1.406,0.151,76,4,13,11.464
1467,0.6,0,4,4.424,0.055,1.445,0.152,75,4,14,11.441
1468,0.6,0,3,4.423,0.06,1.406,0.15,75,5,15,11.417
1469,0.6,0,4,4.421,0.066,1.445,0.153,75,3,16,11.394
1470,0.6,0,4,4.42,0.074,1.406,0.149,75,4,17,11.371
1471,0.6,0,4,4.419,0.084,1.416,0.151,75,4,18,11.348
1472,0.6,0,3,4.417,0.094,1.416,0.16,75,3,17,11.324
1473,0.6,0,5,4.416,0.106,1.416,0.15,75,4,18,11.301
1474,0.6,0,2,4.414,0.119,1.406,0.159,75,4,19,11.278
1475,0.6,0,5,4.412,0.133,1.465,0.156,75,3,20,11.255
1476,0.599,0,5,4.411,0.149,1.406,0.155,75,3,21,11.23
1477,0.599,0,1,4.409,0.165,1.416,0.152,74,4,22,11.207
1478,0.599,0,5,4.407,0.182,1.445,0.154,74,3,23,11.184
1479,0.599,0,3,4.406,0.198,1.416,0.153,74,3,24,11.161
1480,0.6,0,3,4.404,0.216,1.445,0.154,73,3,25,11.137
1481,0.599,0,6,4.403,0.234,1.452,0.153,74,3,26,11.114
1482,0.599,0,3,4.402,0.252,1.416,0.154,74,3,27,11.091
1483,0.6,0,6,4.4,0.27,1.445,0.156,74,3,28,11.067
1484,0.599,0,4,4.398,0.288,1.452,0.155,74,3,29,11.044
1485,0.6,0,3,4.397,0.306,1.406,0.152,74,3,30,11.021
1486,0.6,0,5,4.395,0.324,1.416,0.153,75,3,31,10.998
1487,0.599,0,4,4.394,0.342,1.416,0.153,75,2,32,10.974
1488,0.599,0,5,4.392,0.36,1.416,0.151,75,4,33,10.951
1489,0.599,0,4,4.39,0.378,1.445,0.154,75,3,34,10.927
1490,0.599,0,3,4.389,0.396,1.416,0.154,75,2,35,10.904
1491,0.599,0,3,4.387,0.414,1.406,0.153,75,4,36,10.881
1492,0.6,0,4,4.387,0.432,1.416,0.153,75,3,37,10.858
1493,0.599,0,5,4.385,0.45,1.416,0.149,75,3,38,10.834
1494,0.599,0,5,4.384,0.468,1.445,0.151,75,3,39,10.811
1495,0.599,0,3,4.384,0.486,1.406,0.148,75,2,40,10.788
1496,0.599,0,4,4.383,0.504,1.416,0.151,75,4,41,10.765
1497,0.599,0,5,4.382,0.522,1.431,0.153,75,3,42,10.741
1498,0.6,0,5,4.382,0.54,1.416,0.152,76,2,37,10.718
1499,0.6,0,3,4.381,0.558,1.431,0.147,76,3,38,10.694
1500,0.6,0,4,4.381,0.576,1.416,0.144,76,2,39,10.671
1501,0.599,0,4,4.381,0.593,1.416,0.144,76,4,40,10.647
1502,0.6,0,2,4.381,0.612,1.416,0.141,76,3,41,10.624
1503,0.6,0,2,4.382,0.63,1.406,0.138,76,3,42,10.6
1504,0.599,0,3,4.381,0.649,1.416,0.147,76,3,43,10.577
1505,0.599,0,4,4.382,0.668,1.445,0.147,76,3,44,10.554
1506,0.599,0,3,4.383,0.687,1.416,0.137,76,2,45,10.531
1507,0.599,0,4,4.383,0.706,1.406,0.137,76,4,46,10.507
1508,0.6,0,1,4.383,0.725,1.452,0.143,76,1,47,10.484
1509,0.6,0,0,4.384,0.746,1.406,0.139,76,2,48,10.461
1510,0.6,0,5,4.385,0.765,1.416,0.16,76,1,49,10.437
1511,0.6,0,4,4.386,0.785,1.445,0.17,76,1,50,10.414
1512,0.599,0,5,4.388,0.805,1.416,0.167,76,3,51,10.391
1513,0.599,0,3,4.389,0.825,1.416,0.163,76,2,52,10.368
1514,0.599,0,6,4.391,0.846,1.44,0.165,76,1,53,10.344
1515,0.6,0,4,4.392,0.866,1.416,0.164,76,1,54,10.321
1516,0.599,0,3,4.393,0.887,1.452,0.166,76,2,55,10.298
1517,0.6,0,3,4.395,0.908,1.44,0.165,76,4,56,10.275
1518,0.6,0,3,4.397,0.929,1.406,0.163,76,2,57,10.251
1519,0.599,0,5,4.399,0.949,1.445,0.161,76,4,58,10.228
1520,0.598,0,5,4.401,0.97,1.44,0.163,76,2,59,10.204
1521,0.599,0,4,4.403,0.991,1.416,0.161,76,3,60,10.181
1522,0.598,0,5,4.405,1.011,1.406,0.161,77,6,61,10.158
1523,0.599,0,7,4.409,1.033,1.465,0.166,77,2,62,10.135
1524,0.596,0,7,4.411,1.053,1.445,0.168,77,3,63,10.11
1525,0.599,0,6,4.413,1.074,1.416,0.171,77,3,64,10.087
1526,0.597,0,6,4.416,1.096,1.44,0.167,77,3,65,10.064
1527,0.599,0,4,4.419,1.117,1.416,0.165,77,2,66,10.041
1528,0.597,0,7,4.423,1.138,1.406,0.158,77,4,67,10.017
1529,0.599,0,6,4.425,1.159,1.416,0.158,77,3,68,9.994
1530,0.598,0,5,4.428,1.181,1.445,0.155,77,3,69,9.971
1531,0.6,0,5,4.432,1.202,1.431,0.159,77,2,70,9.948
1532,0.599,0,5,4.436,1.224,1.445,0.16,77,4,71,9.924
1533,0.599,0,5,4.439,1.246,1.416,0.157,76,4,72,9.901
1534,0.599,0,7,4.443,1.267,1.416,0.16,76,3,73,9.877
1535,0.6,0,6,4.446,1.29,1.445,0.165,76,2,74,9.854
1536,0.6,0,6,4.451,1.312,1.406,0.163,76,4,75,9.831
1537,0.6,0,5,4.455,1.334,1.416,0.16,76,3,76,9.808
1538,0.599,0,5,4.458,1.354,1.406,0.158,76,4,77,9.784
1539,0.6,0,4,4.463,1.367,1.416,0.158,76,3,78,9.761
1540,0.6,0,6,4.467,1.381,1.431,0.161,76,4,79,9.737
1541,0.599,0,6,4.471,1.395,1.416,0.16,76,3,80,9.714
1542,0.6,0,4,4.477,1.409,1.416,0.158,76,4,81,9.691
1543,0.6,0,3,4.481,1.424,1.416,0.161,76,4,82,9.668
1544,0.599,0,5,4.486,1.438,1.465,0.158,76,3,83,9.644
1545,0.6,0,4,4.491,1.453,1.406,0.154,76,4,84,9.621
1546,0.599,0,2,4.496,1.467,1.465,0.157,75,5,85,9.598
1547,0.599,0,4,4.501,1.483,1.416,0.153,75,4,86,9.574
1548,0.599,0,4,4.507,1.498,1.431,0.151,75,5,87,9.551
1549,0.6,0,3,4.511,1.514,1.445,0.15,75,4,88,9.527
1550,0.6,0,6,4.517,1.53,1.416,0.146,76,6,89,9.504
1551,0.6,0,4,4.523,1.545,1.406,0.143,76,5,90,9.481
1552,0.6,0,4,4.528,1.562,1.416,0.138,76,4,91,9.458
1553,0.599,0,4,4.535,1.577,1.431,0.139,75,6,92,9.434
1554,0.599,0,6,4.54,1.594,1.416,0.143,75,4,93,9.411
1555,0.6,0,4,4.547,1.61,1.416,0.144,75,5,94,9.387
1556,0.599,0,4,4.552,1.627,1.416,0.142,75,7,95,9.364
1557,0.6,0,7,4.559,1.643,1.445,0.142,75,5,96,9.341
1558,0.599,0,4,4.565,1.66,1.416,0.145,75,6,97,9.318
1559,0.599,0,5,4.571,1.678,1.399,0.14,75,6,98,9.294
1560,0.599,0,4,4.578,1.694,1.445,0.142,76,5,99,9.271
1561,0.599,0,5,4.585,1.712,1.431,0.139,76,7,100,9.247
1562,0.6,0,2,4.591,1.729,1.416,0.147,76,5,101,9.224
1563,0.599,0,3,4.598,1.747,1.416,0.145,76,6,102,9.201
1564,0.6,0,5,4.605,1.764,1.416,0.139,77,7,103,9.178
1565,0.599,0,4,4.612,1.782,1.431,0.139,76,5,104,9.154
1566,0.6,0,3,4.62,1.799,1.416,0.125,76,5,105,9.131
1567,0.599,0,4,4.627,1.817,1.399,0.128,76,6,106,9.108
1568,0.599,0,3,4.634,1.834,1.416,0.125,76,5,107,9.085
1569,0.599,0,4,4.641,1.852,1.399,0.126,76,6,108,9.061
1570,0.599,0,6,4.648,1.869,1.465,0.128,75,5,109,9.038
1571,0.599,0,3,4.656,1.886,1.406,0.126,75,7,110,9.014
1572,0.599,0,1,4.663,1.904,1.416,0.124,75,6,111,8.991
1573,0.599,0,5,4.672,1.921,1.406,0.122,73,8,112,8.967
1574,0.599,0,3,4.679,1.939,1.416,0.119,73,9,113,8.944
1575,0.6,0,4,4.687,1.956,1.445,0.121,73,7,114,8.92
1576,0.599,0,5,4.696,1.974,1.416,0.12,73,8,115,8.897
1577,0.6,0,3,4.704,1.991,1.406,0.121,73,7,116,8.874
1578,0.599,0,3,4.711,2.009,1.401,0.121,73,6,117,8.851
1579,0.6,0,1,4.721,2.026,1.416,0.121,73,8,118,8.828
1580,0.6,0,4,4.729,2.044,1.399,0.123,73,5,119,8.804
1581,0.599,0,5,4.737,2.061,1.416,0.122,73,6,120,8.781
1582,0.599,0,5,4.746,2.078,1.431,0.123,73,7,121,8.757
1583,0.599,0,3,4.754,2.095,1.416,0.122,73,4,122,8.734
1584,0.6,0,2,4.763,2.113,1.399,0.125,73,6,123,8.711
1585,0.6,0,3,4.772,2.13,1.416,0.126,74,5,124,8.688
1586,0.599,0,4,4.78,2.148,1.399,0.125,73,5,125,8.664
1587,0.599,0,3,4.789,2.164,1.416,0.124,73,6,126,8.641
1588,0.599,0,6,4.798,2.181,1.399,0.125,74,4,127,8.618
1589,0.6,0,4,4.806,2.199,1.416,0.127,74,4,22,8.595
1590,0.599,0,4,4.815,2.216,1.399,0.129,74,5,23,8.571
1591,0.599,0,3,4.824,2.233,1.416,0.13,74,5,24,8.548
1592,0.6,0,2,4.833,2.251,1.399,0.132,74,2,25,8.524
1593,0.6,0,3,4.842,2.269,1.465,0.131,74,4,26,8.501
1594,0.599,0,6,4.851,2.286,1.399,0.129,75,5,27,8.477
1595,0.6,0,6,4.861,2.303,1.416,0.137,76,2,28,8.454
1596,0.599,0,4,4.869,2.321,1.399,0.131,76,3,29,8.43
1597,0.599,0,3,4.879,2.338,1.416,0.125,76,5,30,8.407
1598,0.599,0,5,4.888,2.355,1.431,0.124,76,3,31,8.384
1599,0.6,0,4,4.897,2.372,1.416,0.12,76,2,32,8.361
1600,0.599,0,3,4.906,2.389,1.399,0.119,76,3,33,8.337
1601,0.599,0,3,4.916,2.406,1.416,0.118,76,4,34,8.314
1602,0.599,0,3,4.925,2.424,1.399,0.12,76,6,35,8.291
1603,0.599,0,2,4.935,2.441,1.416,0.121,76,5,36,8.267
1604,0.6,0,4,4.944,2.459,1.399,0.123,76,4,37,8.244
1605,0.599,0,3,4.953,2.476,1.416,0.119,76,5,38,8.221
1606,0.599,0,3,4.963,2.493,1.399,0.109,76,7,39,8.197
1607,0.599,0,1,4.973,2.51,1.416,0.119,76,4,40,8.174
1608,0.6,0,3,4.983,2.527,1.399,0.116,76,3,41,8.151
1609,0.6,0,3,4.992,2.545,1.416,0.116,76,3,42,8.128
1610,0.6,0,4,5.002,2.561,1.399,0.115,77,3,43,8.104
1611,0.6,0,3,5.012,2.578,1.399,0.111,77,5,44,8.081
1612,0.599,0,2,5.022,2.596,1.416,0.11,77,6,45,8.058
1613,0.6,0,4,5.032,2.613,1.399,0.113,77,5,46,8.034
1614,0.6,0,4,5.042,2.63,1.416,0.106,77,5,47,8.011
1615,0.6,0,5,5.051,2.646,1.431,0.111,77,5,48,7.988
1616,0.599,0,3,5.062,2.663,1.416,0.105,76,4,49,7.965
1617,0.599,0,3,5.071,2.68,1.431,0.106,76,5,50,7.941
1618,0.6,0,3,5.081,2.698,1.416,0.107,76,3,51,7.917
1619,0.599,0,3,5.091,2.715,1.399,0.104,76,5,52,7.894
1620,0.599,0,3,5.101,2.731,1.416,0.107,76,5,53,7.871
1621,0.599,0,6,5.111,2.748,1.399,0.11,76,5,54,7.847
1622,0.599,0,4,5.121,2.766,1.416,0.104,76,8,55,7.824
1623,0.6,0,5,5.131,2.783,1.399,0.102,76,6,56,7.801
1624,0.6,0,4,5.142,2.799,1.416,0.103,76,6,57,7.777
1625,0.599,0,7,5.152,2.816,1.451,0.109,76,6,58,7.754
1626,0.599,0,6,5.162,2.833,1.416,0.104,76,7,59,7.731
1627,0.6,0,4,5.172,2.85,1.381,0.102,76,6,60,7.707
1628,0.599,0,5,5.183,2.866,1.416,0.101,76,5,61,7.684
1629,0.599,0,6,5.194,2.883,1.399,0.106,76,5,62,7.661
1630,0.599,0,4,5.205,2.899,1.416,0.102,75,7,63,7.638
1631,0.599,0,6,5.215,2.916,1.399,0.104,75,4,64,7.614
1632,0.599,0,6,5.227,2.932,1.416,0.109,75,6,65,7.591
1633,0.599,0,5,5.238,2.949,1.451,0.103,75,7,66,7.567
1634,0.599,0,4,5.248,2.964,1.416,0.102,75,6,67,7.544
1635,0.599,0,6,5.26,2.981,1.399,0.103,76,5,68,7.521
1636,0.599,0,4,5.271,2.997,1.416,0.107,76,7,69,7.498
1637,0.6,0,5,5.283,3.013,1.381,0.099,76,6,70,7.474
1638,0.599,0,6,5.295,3.029,1.416,0.102,76,7,71,7.451
1639,0.599,0,5,5.307,3.046,1.451,0.103,76,5,72,7.428
1640,0.599,0,5,5.319,3.062,1.416,0.106,76,6,73,7.405
1641,0.599,0,5,5.331,3.078,1.431,0.104,76,5,74,7.381
1642,0.6,0,4,5.343,3.094,1.399,0.101,77,6,75,7.357
1643,0.599,0,2,5.356,3.11,1.416,0.107,77,7,76,7.334
1644,0.6,0,5,5.368,3.126,1.381,0.105,77,5,77,7.311
1645,0.599,0,3,5.38,3.142,1.451,0.102,77,6,78,7.288
1646,0.599,0,5,5.392,3.158,1.399,0.103,77,6,79,7.264
1647,0.599,0,6,5.405,3.175,1.416,0.112,77,5,80,7.241
1648,0.599,0,5,5.417,3.191,1.399,0.097,77,7,81,7.217
1649,0.599,0,4,5.412,3.206,1.416,0.108,77,7,82,7.194
1650,0.6,0,5,5.408,3.227,1.399,0.111,77,5,83,7.171
1651,0.597,0,4,5.413,3.25,1.442,0.117,77,4,84,7.148
1652,0.598,0,6,5.417,3.274,1.399,0.108,77,6,85,7.124
1653,0.599,0,5,5.422,3.297,1.416,0.106,77,7,86,7.101
1654,0.599,0,7,5.428,3.321,1.385,0.109,76,4,87,7.077
1655,0.599,0,7,5.433,3.344,1.416,0.101,76,7,88,7.054
1656,0.599,0,7,5.438,3.356,1.405,0.116,76,4,89,7.031
1657,0.599,0,6,5.444,3.356,1.451,0.104,76,5,85,7.008
1658,0.599,0,3,5.45,3.356,1.405,0.106,76,5,86,6.984
1659,0.599,0,3,5.457,3.356,1.416,0.105,76,4,87,6.961
1660,0.599,0,5,5.463,3.356,1.405,0.106,76,5,88,6.938
1661,0.599,0,5,5.47,3.356,1.416,0.121,76,4,89,6.915
1662,0.599,0,3,5.476,3.356,1.399,0.121,76,5,90,6.891
1663,0.6,0,5,5.483,3.356,1.451,0.121,76,4,91,6.868
1664,0.599,0,4,5.49,3.356,1.431,0.126,76,4,92,6.844
1665,0.599,0,6,5.497,3.356,1.416,0.12,77,4,93,6.821
1666,0.599,0,4,5.504,3.356,1.399,0.128,77,6,94,6.797
1667,0.6,0,4,5.511,3.356,1.44,0.117,77,4,95,6.774
1668,0.599,0,5,5.51,3.356,1.381,0.126,77,3,96,6.75
1669,0.599,0,4,5.51,3.353,1.451,0.122,77,7,97,6.727
1670,0.599,0,3,5.516,3.348,1.399,0.131,77,4,98,6.704
1671,0.599,0,4,5.523,3.343,1.416,0.125,77,4,99,6.681
1672,0.599,0,7,5.53,3.339,1.399,0.134,77,5,100,6.657
1673,0.599,0,2,5.537,3.333,1.416,0.124,77,3,101,6.634
1674,0.599,0,5,5.545,3.328,1.381,0.126,76,5,102,6.61
1675,0.6,0,5,5.552,3.323,1.399,0.117,76,5,103,6.587
1676,0.599,0,8,5.56,3.318,1.451,0.115,76,5,104,6.564
1677,0.6,0,5,5.566,3.313,1.399,0.118,76,4,105,6.541
1678,0.6,0,9,5.574,3.308,1.381,0.119,76,4,22,6.519
1679,0.599,0,7,5.581,3.303,1.399,0.119,76,2,23,6.496
1680,0.6,0,5,5.582,3.301,1.445,0.124,76,5,3,6.473
1681,0.6,0,7,5.584,3.299,1.381,0.13,76,4,4,6.45
1682,0.599,0,4,5.585,3.303,1.399,0.128,75,3,5,6.427
1683,0.6,0,2,5.587,3.306,1.385,0.128,75,3,4,6.405
1684,0.599,0,4,5.589,3.304,1.451,0.132,75,3,5,6.382
1685,0.6,0,2,5.592,3.298,1.385,0.133,75,4,6,6.361
1686,0.598,0,5,5.594,3.292,1.392,0.128,75,2,7,6.338
1687,0.6,0,3,5.597,3.285,1.392,0.124,75,5,8,6.316
1688,0.6,0,3,5.6,3.28,1.392,0.149,75,1,9,6.294
1689,0.6,0,6,5.603,3.274,1.392,0.129,75,3,10,6.271
1690,0.599,0,4,5.606,3.27,1.401,0.146,75,2,2,6.25
1691,0.599,0,3,5.61,3.267,1.392,0.148,75,4,3,6.227
1692,0.599,0,4,5.613,3.264,1.431,0.149,75,3,4,6.204
1693,0.599,0,3,5.617,3.261,1.412,0.145,75,2,5,6.18
1694,0.599,0,2,5.622,3.258,1.431,0.143,75,2,1,6.158
1695,0.599,0,4,5.626,3.257,1.412,0.143,75,2,1,6.134
1696,0.599,0,5,5.631,3.255,1.431,0.144,75,2,2,6.112
1697,0.599,0,7,5.636,3.252,1.348,0.139,76,4,3,6.088
1698,0.599,0,4,5.642,3.249,1.381,0.141,76,1,4,6.065
1699,0.599,0,7,5.648,3.246,1.431,0.139,75,2,1,6.042
1700,0.599,0,5,5.655,3.244,1.348,0.142,75,4,2,6.018
1701,0.599,0,6,5.662,3.242,1.431,0.141,75,2,3,5.996
1702,0.6,0,2,5.669,3.239,1.348,0.127,74,3,4,5.972
1703,0.599,0,3,5.677,3.236,1.431,0.134,74,3,5,5.95
1704,0.599,0,4,5.684,3.234,1.381,0.129,73,2,6,5.926
1705,0.599,0,4,5.692,3.231,1.399,0.128,73,1,7,5.903
1706,0.599,0,3,5.699,3.228,1.381,0.141,72,2,8,5.88
1707,0.599,0,5,5.706,3.225,1.399,0.138,72,2,9,5.857
1708,0.599,0,4,5.714,3.223,1.381,0.138,72,3,10,5.833
1709,0.599,0,3,5.721,3.219,1.412,0.143,72,2,11,5.81
1710,0.598,0,2,5.728,3.216,1.399,0.16,72,1,5,5.787
1711,0.598,0,2,5.736,3.213,1.452,0.151,73,0,0,5.764
1712,0.598,0,5,5.743,3.21,1.348,0.151,73,2,1,5.741
1713,0.599,0,3,5.75,3.207,1.399,0.137,73,1,2,5.719
1714,0.598,0,3,5.757,3.204,1.381,0.135,73,2,3,5.695
1715,0.599,0,5,5.764,3.201,1.348,0.136,73,2,4,5.672
1716,0.599,0,5,5.771,3.199,1.298,0.143,72,0,0,5.65
1717,0.599,0,5,5.778,3.203,1.381,0.152,72,1,1,5.628
1718,0.6,0,2,5.785,3.188,1.348,0.15,72,4,2,5.605
1719,0.6,0,3,5.792,3.189,1.348,0.147,72,3,3,5.583
1720,0.599,0,3,5.799,3.196,1.298,0.151,72,3,4,5.56
1721,0.599,0,3,5.806,3.203,1.348,0.152,72,2,5,5.539
1722,0.599,0,4,5.813,3.211,1.371,0.153,72,2,4,5.516
1723,0.599,0,3,5.819,3.221,1.396,0.156,72,3,5,5.495
1724,0.599,0,4,5.826,3.23,1.399,0.165,72,2,6,5.472
1725,0.6,0,5,5.833,3.239,1.396,0.158,72,4,7,5.45
1726,0.599,0,4,5.84,3.247,1.422,0.165,72,3,8,5.429
1727,0.599,0,4,5.846,3.257,1.396,0.158,72,3,9,5.407
1728,0.599,0,4,5.853,3.266,1.422,0.154,73,2,10,5.386
1729,0.599,0,2,5.859,3.274,1.371,0.153,73,4,11,5.364
1730,0.6,0,1,5.866,3.283,1.405,0.161,73,2,12,5.343
1731,0.599,0,4,5.873,3.293,1.405,0.153,73,3,13,5.32
1732,0.6,0,0,5.879,3.303,1.385,0.153,73,2,14,5.298
1733,0.599,0,3,5.887,3.312,1.396,0.154,73,4,15,5.276
1734,0.599,0,2,5.893,3.321,1.412,0.155,74,3,16,5.253
1735,0.599,0,5,5.899,3.33,1.371,0.148,74,2,17,5.232
1736,0.6,0,2,5.906,3.339,1.396,0.151,74,3,18,5.209
1737,0.598,0,4,5.912,3.339,1.371,0.149,74,3,19,5.187
1738,0.599,0,3,5.918,3.338,1.396,0.167,74,1,20,5.164
1739,0.599,0,2,5.926,3.338,1.401,0.169,74,2,21,5.142
1740,0.6,0,1,5.932,3.336,1.396,0.166,74,3,22,5.12
1741,0.599,0,3,5.938,3.336,1.385,0.172,73,3,23,5.098
1742,0.6,0,2,5.944,3.336,1.445,0.171,73,3,24,5.076
1743,0.599,0,2,5.951,3.335,1.396,0.165,74,3,25,5.054
1744,0.599,0,5,5.957,3.334,1.385,0.17,74,3,26,5.031
1745,0.599,0,2,5.964,3.334,1.396,0.169,74,3,27,5.009
1746,0.6,0,2,5.971,3.333,1.392,0.169,73,3,28,4.987
1747,0.6,0,3,5.977,3.333,1.445,0.17,73,3,29,4.964
1748,0.6,0,1,5.984,3.332,1.385,0.174,73,3,30,4.943
1749,0.599,0,1,5.987,3.331,1.396,0.175,73,3,31,4.92
1750,0.599,0,1,5.996,3.329,1.385,0.182,72,3,32,4.899
1751,0.6,0,2,6.004,3.332,1.396,0.196,73,3,33,4.877
1752,0.6,0,1,6.012,3.34,1.451,0.198,73,3,34,4.856
1753,0.599,0,2,6.021,3.348,1.385,0.19,74,3,35,4.834
1754,0.6,0,0,6.03,3.356,1.392,0.186,74,2,36,4.812
1755,0.6,0,2,6.039,3.356,1.385,0.178,74,3,37,4.791
1756,0.6,0,3,6.048,3.356,1.445,0.172,74,3,38,4.769
1757,0.6,0,2,6.057,3.356,1.392,0.17,74,2,39,4.748
1758,0.6,0,1,6.066,3.356,1.396,0.172,74,3,40,4.728
1759,0.599,0,3,6.075,3.356,1.385,0.168,74,2,41,4.706
1760,0.599,0,1,6.084,3.356,1.392,0.171,74,3,42,4.685
1761,0.6,0,2,6.093,3.356,1.445,0.171,74,2,43,4.663
1762,0.6,0,2,6.102,3.356,1.385,0.165,73,3,44,4.643
1763,0.6,0,2,6.11,3.356,1.392,0.159,73,3,45,4.622
1764,0.599,0,4,6.119,3.356,1.385,0.155,73,3,46,4.601
1765,0.599,0,3,6.128,3.356,1.396,0.154,74,3,47,4.58
1766,0.599,0,1,6.136,3.356,1.445,0.152,74,3,48,4.559
1767,0.6,0,2,6.145,3.356,1.385,0.145,74,1,49,4.539
1768,0.599,0,1,6.154,3.356,1.392,0.152,74,1,50,4.517
1769,0.6,0,1,6.163,3.356,1.385,0.15,75,0,0,4.496
1770,0.599,0,2,6.172,3.356,1.316,0.15,75,1,1,4.476
1771,0.6,0,4,6.18,3.356,1.261,0.141,76,1,2,4.455
1772,0.599,0,4,6.188,3.356,1.316,0.134,76,0,0,4.434
1773,0.599,0,1,6.196,3.356,1.266,0.138,76,0,0,4.413
1774,0.599,0,2,6.204,3.356,1.237,0.137,78,0,0,4.392
1775,0.6,0,0,6.212,3.356,1.266,0.14,78,0,0,4.372
1776,0.6,0,3,6.22,3.356,1.249,0.142,79,0,0,4.351
1777,0.6,0,0,6.228,3.352,1.266,0.141,79,1,1,4.33
1778,0.6,0,1,6.236,3.341,1.215,0.137,79,0,0,4.309
1779,0.599,0,2,6.244,3.33,1.266,0.134,79,0,0,4.289
1780,0.599,0,2,6.252,3.319,1.215,0.134,79,0,0,4.268
1781,0.599,0,4,6.259,3.309,1.249,0.134,78,0,0,4.247
1782,0.6,0,2,6.266,3.298,1.385,0.136,78,0,0,4.227
1783,0.6,0,3,6.269,3.295,1.342,0.14,78,1,1,4.21
1784,0.598,0,2,6.268,3.299,1.385,0.151,78,0,0,4.193
1785,0.6,0,2,6.276,3.313,1.412,0.146,78,1,1,4.176
1786,0.6,0,2,6.282,3.315,1.368,0.136,78,0,0,4.159
1787,0.599,0,2,6.29,3.319,1.442,0.136,78,0,0,4.142
1788,0.599,0,1,6.298,3.324,1.385,0.145,78,1,1,4.126
1789,0.599,0,2,6.306,3.328,1.385,0.148,78,0,0,4.109
1790,0.599,0,1,6.313,3.333,1.405,0.148,78,0,0,4.092
1791,0.6,0,1,6.32,3.341,1.426,0.15,77,1,1,4.075
1792,0.6,0,0,6.327,3.354,1.385,0.15,77,0,0,4.059
1793,0.6,0,1,6.337,3.356,1.426,0.144,78,2,1,4.042
1794,0.6,0,1,6.346,3.356,1.405,0.148,78,0,0,4.025
1795,0.6,0,1,6.355,3.356,1.451,0.15,78,1,1,4.009
1796,0.6,0,2,6.363,3.356,1.401,0.148,78,0,0,3.992
1797,0.599,0,1,6.372,3.356,1.426,0.142,79,1,1,3.976
1798,0.599,0,2,6.381,3.356,1.405,0.137,79,0,0,3.958
1799,0.6,0,0,6.39,3.356,1.426,0.142,79,1,1,3.942
1800,0.6,0,1,6.399,3.356,1.392,0.149,79,0,0,3.926
1801,0.6,0,0,6.408,3.356,1.426,0.147,79,1,1,3.908
1802,0.599,0,2,6.416,3.356,1.405,0.152,79,0,0,3.892
1803,0.6,0,1,6.425,3.356,1.381,0.144,79,2,1,3.876
1804,0.6,0,1,6.433,3.356,1.441,0.146,79,0,0,3.858
1805,0.599,0,2,6.443,3.356,1.405,0.139,79,2,1,3.842
1806,0.6,0,0,6.451,3.356,1.426,0.133,80,1,2,3.826
1807,0.6,0,2,6.46,3.356,1.38,0.132,80,2,3,3.811
1808,0.6,0,3,6.468,3.356,1.426,0.13,80,3,4,3.795
1809,0.599,0,2,6.477,3.356,1.405,0.13,80,1,5,3.779
1810,0.6,0,1,6.485,3.356,1.441,0.136,80,1,1,3.763
1811,0.6,0,2,6.494,3.356,1.38,0.133,80,2,2,3.747
1812,0.6,0,3,6.502,3.356,1.426,0.136,80,2,3,3.731
1813,0.6,0,2,6.51,3.356,1.405,0.142,80,1,3,3.716
1814,0.6,0,2,6.519,3.356,1.426,0.144,79,3,4,3.7
1815,0.6,0,2,6.528,3.356,1.38,0.141,79,3,5,3.684
1816,0.599,0,1,6.534,3.356,1.426,0.14,79,2,3,3.668
1817,0.599,0,2,6.53,3.356,1.405,0.136,79,2,4,3.653
1818,0.599,0,2,6.528,3.356,1.426,0.133,79,4,5,3.637
1819,0.6,0,0,6.526,3.356,1.381,0.135,79,3,6,3.622
1820,0.6,0,0,6.525,3.356,1.426,0.146,79,3,7,3.607
1821,0.6,0,1,6.522,3.356,1.405,0.143,80,2,8,3.591
1822,0.6,0,1,6.52,3.356,1.32,0.133,80,2,9,3.576
1823,0.599,0,1,6.518,3.356,1.381,0.127,80,3,10,3.561
1824,0.6,0,1,6.515,3.356,1.32,0.127,80,3,11,3.545
1825,0.6,0,1,6.513,3.356,1.381,0.124,80,3,12,3.529
1826,0.6,0,1,6.512,3.356,1.32,0.117,80,2,13,3.514
1827,0.6,0,1,6.509,3.356,1.381,0.114,81,3,14,3.498
1828,0.6,0,1,6.507,3.356,1.32,0.111,81,3,15,3.483
1829,0.599,0,1,6.505,3.356,1.321,0.11,81,3,16,3.468
1830,0.6,0,0,6.504,3.356,1.32,0.11,82,3,17,3.452
1831,0.6,0,0,6.502,3.356,1.38,0.113,82,2,18,3.437
1832,0.6,0,0,6.5,3.356,1.321,0.105,82,3,19,3.422
1833,0.6,0,0,6.498,3.356,1.32,0.107,82,2,20,3.406
1834,0.6,0,1,6.497,3.356,1.321,0.105,82,3,21,3.391
1835,0.6,0,1,6.495,3.356,1.26,0.111,82,3,22,3.376
1836,0.6,0,2,6.493,3.356,1.321,0.11,82,3,23,3.361
1837,0.6,0,1,6.492,3.356,1.165,0.095,81,3,24,3.346
1838,0.599,0,2,6.491,3.356,1.022,0.088,82,3,25,3.33
1839,0.6,0,1,6.489,3.356,1.02,0.096,82,2,26,3.314
1840,0.6,0,2,6.489,3.356,1.401,0.094,81,4,27,3.3
1841,0.599,0,2,6.487,3.356,1.401,0.092,81,3,28,3.285
1842,0.6,0,2,6.486,3.356,1.401,0.093,81,3,29,3.27
1843,0.6,0,1,6.485,3.356,1.358,0.093,81,2,30,3.254
1844,0.6,0,2,6.484,3.356,1.401,0.093,82,3,31,3.238
1845,0.599,0,2,6.482,3.356,1.401,0.091,82,2,32,3.223
1846,0.6,0,1,6.482,3.356,0.916,0.078,83,2,33,3.209
1847,0.6,0,2,6.481,3.356,1.385,0.09,83,2,34,3.194
1848,0.6,0,2,6.481,3.356,1.405,0.087,83,2,35,3.178
1849,0.6,0,0,6.48,3.356,1.385,0.086,83,3,36,3.162
1850,0.6,0,2,6.478,3.356,1.405,0.09,83,2,37,3.147
1851,0.6,0,3,6.478,3.356,1.385,0.089,83,1,38,3.133
1852,0.6,0,2,6.477,3.356,1.442,0.096,84,2,39,3.118
1853,0.599,0,3,6.477,3.356,0.984,0.087,84,2,40,3.102
1854,0.6,0,3,6.476,3.356,1.062,0.082,84,2,41,3.087
1855,0.6,0,1,6.476,3.356,0.916,0.074,84,2,42,3.071
1856,0.6,0,1,6.475,3.356,0.886,0.07,84,2,43,3.056
1857,0.6,0,0,6.475,3.356,0.916,0.071,84,1,44,3.042
1858,0.6,0,1,6.474,3.356,0.916,0.068,84,3,45,3.026
1859,0.599,0,2,6.474,3.356,0.916,0.069,84,2,46,3.011
1860,0.6,0,1,6.474,3.356,0.967,0.071,84,2,47,2.996
1861,0.6,0,2,6.473,3.356,0.886,0.071,84,1,48,2.98
1862,0.599,0,1,6.473,3.356,0.916,0.07,84,3,49,2.966
1863,0.6,0,2,6.472,3.356,0.916,0.073,84,2,50,2.951
1864,0.6,0,1,6.472,3.356,0.916,0.07,84,1,51,2.935
1865,0.599,0,1,6.472,3.356,0.916,0.069,84,2,52,2.92
1866,0.6,0,2,6.471,3.356,0.967,0.07,84,1,53,2.905
1867,0.6,0,2,6.471,3.356,0.999,0.065,84,3,54,2.889
1868,0.6,0,0,6.471,3.356,0.999,0.074,84,1,55,2.875
1869,0.599,0,1,6.479,3.356,0.984,0.077,84,1,56,2.86
1870,0.6,0,1,6.493,3.356,1.103,0.084,84,2,57,2.845
1871,0.6,0,1,6.51,3.356,1.082,0.083,84,2,58,2.829
1872,0.599,0,2,6.527,3.356,1.159,0.085,84,1,59,2.813
1873,0.6,0,1,6.545,3.356,1.103,0.079,85,2,60,2.798
1874,0.6,0,1,6.562,3.356,1.188,0.088,85,1,61,2.784
1875,0.6,0,2,6.58,3.356,1.237,0.085,86,1,62,2.769
1876,0.599,0,1,6.599,3.356,1.215,0.077,86,2,63,2.754
1877,0.6,0,1,6.618,3.356,1.215,0.064,86,2,64,2.739
1878,0.6,0,1,6.637,3.356,1.215,0.069,86,1,65,2.724
1879,0.599,0,1,6.656,3.356,1.237,0.072,86,1,66,2.709
1880,0.6,0,1,6.675,3.356,1.215,0.075,86,3,67,2.695
1881,0.6,0,1,6.694,3.356,1.215,0.079,86,1,68,2.68
1882,0.599,0,2,6.713,3.356,1.215,0.077,86,1,69,2.666
1883,0.599,0,3,6.732,3.356,1.215,0.075,86,3,70,2.651
1884,0.599,0,3,6.738,3.356,1.215,0.075,86,1,71,2.637
1885,0.599,0,1,6.736,3.356,1.237,0.075,86,1,72,2.622
1886,0.6,0,2,6.734,3.356,1.215,0.075,86,1,73,2.608
1887,0.599,0,2,6.732,3.356,1.215,0.075,86,2,74,2.594
1888,0.599,0,4,6.731,3.356,1.215,0.073,86,1,75,2.579
1889,0.599,0,3,6.729,3.356,1.215,0.073,86,1,76,2.566
1890,0.599,0,2,6.727,3.356,1.215,0.073,86,2,77,2.552
1891,0.599,0,3,6.726,3.356,1.237,0.075,86,1,78,2.537
1892,0.6,0,1,6.724,3.356,1.159,0.073,85,1,79,2.523
1893,0.6,0,4,6.722,3.356,1.215,0.076,85,2,80,2.509
1894,0.6,0,1,6.72,3.356,1.215,0.078,85,2,81,2.496
1895,0.6,0,2,6.719,3.356,1.159,0.078,85,1,82,2.482
1896,0.599,0,3,6.717,3.356,1.159,0.08,85,3,83,2.468
1897,0.599,0,4,6.717,3.356,1.048,0.079,84,2,84,2.455
1898,0.599,0,4,6.718,3.356,0.834,0.073,85,3,85,2.441
1899,0.6,0,1,6.718,3.356,0.834,0.069,84,2,86,2.427
1900,0.599,0,3,6.717,3.356,0.834,0.074,84,3,87,2.414
1901,0.599,0,4,6.718,3.356,0.834,0.09,84,2,88,2.4
1902,0.6,0,4,6.717,3.356,1.154,0.093,84,1,89,2.386
1903,0.599,0,2,6.72,3.356,0.99,0.096,87,2,90,2.368
1904,0.599,0,4,6.72,3.356,0.967,0.082,87,2,91,2.354
1905,0.599,0,2,6.722,3.356,1.022,0.091,87,2,92,2.338
1906,0.6,0,4,6.725,3.356,0.993,0.083,88,1,93,2.322
1907,0.6,0,0,6.726,3.356,1.048,0.082,88,2,94,2.306
1908,0.599,0,4,6.728,3.356,1.02,0.075,88,2,95,2.29
1909,0.6,0,3,6.732,3.356,1.048,0.065,88,2,96,2.273
1910,0.599,0,3,6.736,3.356,1.048,0.072,87,2,97,2.257
1911,0.6,0,2,6.737,3.356,1.048,0.076,87,2,98,2.24
1912,0.599,0,2,6.743,3.356,1.073,0.079,87,1,6,2.223
1913,0.6,0,0,6.75,3.356,0.993,0.075,87,2,7,2.206
1914,0.599,0,3,6.756,3.356,1.048,0.071,87,2,8,2.19
1915,0.599,0,3,6.762,3.356,1.073,0.071,87,2,9,2.174
1916,0.6,0,2,6.769,3.356,1.048,0.065,87,1,10,2.157
1917,0.6,0,4,6.774,3.356,1.048,0.064,86,2,11,2.14
1918,0.599,0,3,6.78,3.356,0.993,0.065,86,1,12,2.124
1919,0.6,0,2,6.788,3.356,1.073,0.061,86,2,13,2.108
1920,0.6,0,2,6.798,3.356,1.048,0.064,86,1,14,2.091
1921,0.599,0,2,6.809,3.356,1.048,0.063,86,2,15,2.074
1922,0.599,0,3,6.819,3.356,1.02,0.064,86,1,16,2.058
1923,0.6,0,2,6.83,3.356,1.048,0.06,86,2,17,2.041
1924,0.599,0,1,6.84,3.356,1.048,0.064,86,1,18,2.025
1925,0.6,0,3,6.851,3.356,1.048,0.061,86,2,19,2.009
1926,0.599,0,3,6.861,3.356,1.073,0.06,86,1,20,1.992
1927,0.599,0,2,6.872,3.356,0.993,0.067,86,1,21,1.975
1928,0.599,0,2,6.882,3.356,1.048,0.065,86,2,22,1.96
1929,0.599,0,2,6.892,3.356,1.048,0.069,86,1,23,1.943
1930,0.599,0,2,6.903,3.356,1.073,0.065,86,0,0,1.927
1931,0.6,0,1,6.913,3.356,1.048,0.063,85,2,1,1.91
1932,0.6,0,1,6.924,3.356,0.993,0.066,85,1,2,1.894
1933,0.6,0,2,6.934,3.356,1.073,0.065,85,1,1,1.878
1934,0.6,0,3,6.945,3.356,1.048,0.065,85,1,1,1.861
1935,0.6,0,1,6.955,3.356,1.048,0.064,85,0,0,1.845
1936,0.6,0,1,6.966,3.356,1.048,0.065,85,2,1,1.829
1937,0.599,0,3,6.976,3.356,1.02,0.067,85,0,0,1.813
1938,0.599,0,2,6.987,3.356,1.048,0.064,85,1,1,1.796
1939,0.6,0,3,6.997,3.355,1.048,0.066,85,0,0,1.78
1940,0.6,0,2,7.008,3.355,1.073,0.066,85,0,0,1.764
1941,0.6,0,1,7.018,3.355,0.993,0.065,85,1,1,1.747
1942,0.599,0,3,7.026,3.354,1.048,0.063,85,0,0,1.732
1943,0.599,0,3,7.026,3.353,1.048,0.061,85,1,1,1.716
1944,0.6,0,5,7.026,3.356,1.073,0.061,85,0,0,1.7
1945,0.599,0,1,7.026,3.356,1.048,0.057,85,1,1,1.683
1946,0.6,0,1,7.026,3.356,1.048,0.059,85,0,0,1.668
1947,0.6,0,1,7.026,3.356,1.073,0.065,85,1,1,1.652
1948,0.6,0,2,7.026,3.355,1.048,0.066,85,0,0,1.635
1949,0.6,0,2,7.026,3.356,1.048,0.065,85,1,1,1.619
1950,0.599,0,2,7.026,3.356,1.048,0.065,85,1,2,1.604
1951,0.599,0,1,7.026,3.356,1.127,0.067,85,1,3,1.598
1952,0.599,0,2,7.026,3.356,1.048,0.065,85,0,0,1.593
1953,0.6,0,1,7.026,3.355,1.048,0.067,85,1,1,1.587
1954,0.599,0,3,7.026,3.355,1.073,0.062,85,1,2,1.581
1955,0.598,0,2,7.026,3.355,1.048,0.069,85,0,0,1.574
1956,0.599,0,3,7.026,3.355,1.182,0.077,85,0,0,1.568
1957,0.598,0,4,7.026,3.356,1.401,0.08,85,0,0,1.561
1958,0.598,0,2,7.026,3.356,1.321,0.077,86,1,1,1.555
1959,0.6,0,2,7.025,3.355,1.048,0.065,86,1,1,1.548
1960,0.599,0,2,7.02,3.353,1.048,0.069,86,1,2,1.541
1961,0.6,0,1,7.018,3.353,1.073,0.064,86,1,3,1.534
1962,0.6,0,2,7.014,3.352,1.048,0.065,87,1,4,1.527
1963,0.6,0,1,7.01,3.351,1.048,0.064,88,1,5,1.52
1964,0.599,0,3,7.005,3.351,0.993,0.064,88,2,6,1.512
1965,0.6,0,0,7.002,3.349,1.02,0.062,88,1,7,1.504
1966,0.599,0,3,7.001,3.348,0.939,0.063,88,1,8,1.495
1967,0.6,0,1,7.004,3.348,0.939,0.064,88,1,9,1.487
1968,0.599,0,3,7.01,3.346,0.939,0.066,88,1,1,1.478
1969,0.6,0,2,7.016,3.345,0.939,0.068,88,0,0,1.47
1970,0.6,0,2,7.018,3.344,0.967,0.074,88,0,0,1.462
1971,0.6,0,1,7.019,3.346,0.886,0.075,88,0,0,1.454
1972,0.6,0,1,7.021,3.349,0.939,0.073,88,1,1,1.446
1973,0.6,0,3,7.023,3.348,0.939,0.073,88,0,0,1.437
1974,0.599,0,1,7.022,3.342,0.886,0.074,88,0,0,1.429
1975,0.599,0,2,7.021,3.343,0.916,0.068,89,0,0,1.421
1976,0.599,0,4,7.021,3.343,0.886,0.072,89,1,1,1.413
1977,0.6,0,1,7.02,3.344,1.412,0.081,89,0,0,1.405
1978,0.6,0,1,7.019,3.346,0.892,0.078,90,0,0,1.397
1979,0.6,0,3,7.02,3.352,0.892,0.08,90,0,0,1.403
1980,0.6,0,1,7.02,3.356,1.442,0.085,90,0,0,1.409
1981,0.599,0,1,7.021,3.356,1.406,0.083,91,0,0,1.415
1982,0.6,0,0,7.018,3.356,1.406,0.077,91,0,0,1.422
1983,0.6,0,2,7.017,3.356,1.401,0.074,92,0,0,1.427
1984,0.6,0,0,7.017,3.356,1.416,0.08,92,0,0,1.433
1985,0.6,0,2,7.017,3.356,1.452,0.075,92,0,0,1.439
1986,0.6,0,1,7.017,3.356,1.431,0.069,92,0,0,1.445
1987,0.599,0,2,7.014,3.356,1.406,0.076,92,0,0,1.451
1988,0.6,0,1,7.011,3.356,1.416,0.071,92,0,0,1.457
1989,0.599,0,2,7.008,3.356,1.452,0.066,92,0,0,1.464
1990,0.6,0,0,7.004,3.356,1.381,0.064,92,0,0,1.469
1991,0.6,0,1,7.001,3.356,0.967,0.056,92,0,0,1.475
1992,0.599,0,1,7.0,3.356,0.939,0.056,93,0,0,1.481
1993,0.6,0,1,6.997,3.356,0.914,0.053,93,0,0,1.487
1994,0.6,0,2,6.995,3.356,0.914,0.051,93,0,0,1.493
1995,0.6,0,0,6.993,3.356,0.939,0.057,93,0,0,1.499
1996,0.6,0,1,6.99,3.356,0.886,0.052,93,0,0,1.506
1997,0.6,0,1,6.988,3.356,1.431,0.069,93,0,0,1.511
1998,0.6,0,0,6.985,3.356,1.348,0.074,92,1,1,1.518
1999,0.599,0,2,6.983,3.356,1.431,0.076,92,0,0,1.523
2000,0.6,0,0,6.98,3.356,1.381,0.074,91,0,0,1.53
2001,0.599,0,1,6.978,3.356,1.348,0.07,91,1,1,1.535
2002,0.6,0,0,6.975,3.356,1.431,0.074,91,0,0,1.542
2003,0.6,0,0,6.973,3.356,1.381,0.07,91,0,0,1.547
2004,0.6,0,0,6.97,3.356,1.348,0.068,91,0,0,1.554
2005,0.601,0,0,6.963,3.356,1.381,0.066,91,1,1,1.559
2006,0.6,0,1,6.956,3.356,1.399,0.065,91,0,0,1.565
2007,0.6,0,1,6.951,3.356,1.381,0.063,91,0,0,1.571
2008,0.6,0,1,6.947,3.356,1.348,0.058,91,0,0,1.577
2009,0.599,0,1,6.942,3.356,1.381,0.058,91,0,0,1.584
2010,0.6,0,1,6.937,3.356,1.348,0.055,91,0,0,1.589
2011,0.6,0,1,6.932,3.356,1.431,0.051,91,1,1,1.595
2012,0.6,0,1,6.928,3.356,1.348,0.048,91,0,0,1.601
2013,0.6,0,1,6.923,3.356,1.381,0.05,91,0,0,1.607
2014,0.599,0,1,6.918,3.356,1.348,0.05,91,0,0,1.612
2015,0.6,0,1,6.914,3.356,1.381,0.051,91,0,0,1.618
2016,0.6,0,1,6.909,3.356,1.348,0.05,91,0,0,1.624
2017,0.6,0,1,6.904,3.356,1.381,0.051,91,0,0,1.63
2018,0.599,0,1,6.899,3.356,1.348,0.05,91,1,1,1.636
2019,0.6,0,2,6.894,3.356,1.298,0.052,91,0,0,1.641
2020,0.6,0,1,6.889,3.356,1.348,0.053,91,0,0,1.647
2021,0.6,0,1,6.883,3.356,1.298,0.051,91,0,0,1.654
2022,0.6,0,0,6.877,3.356,1.298,0.051,91,0,0,1.659
2023,0.601,0,0,6.871,3.356,1.298,0.045,91,0,0,1.665
2024,0.6,0,1,6.865,3.356,1.266,0.041,91,1,1,1.671
2025,0.6,0,0,6.861,3.356,1.215,0.045,91,0,0,1.676
2026,0.6,0,1,6.864,3.356,1.215,0.052,91,0,0,1.682
2027,0.6,0,0,6.868,3.356,1.405,0.054,91,1,1,1.687
2028,0.6,0,1,6.873,3.356,1.405,0.056,91,0,0,1.693
2029,0.599,0,1,6.878,3.356,1.405,0.056,91,0,0,1.699
2030,0.6,0,1,6.884,3.356,1.405,0.054,91,0,0,1.704
2031,0.6,0,1,6.889,3.356,1.405,0.05,91,0,0,1.71
2032,0.6,0,1,6.895,3.356,1.348,0.046,92,0,0,1.716
2033,0.6,0,0,6.9,3.356,0.7,0.042,92,0,0,1.714
2034,0.599,0,1,6.905,3.356,0.6,0.039,92,0,0,1.711
2035,0.6,0,0,6.911,3.356,0.6,0.038,92,0,0,1.707
2036,0.6,0,0,6.916,3.356,0.484,0.037,92,0,0,1.704
2037,0.6,0,0,6.921,3.356,0.553,0.031,92,0,0,1.7
2038,0.601,0,0,6.926,3.356,0.543,0.029,92,1,1,1.698
2039,0.6,0,1,6.932,3.356,0.424,0.031,92,0,0,1.695
2040,0.6,0,0,6.937,3.356,0.553,0.035,92,0,0,1.691
2041,0.6,0,0,6.942,3.356,0.424,0.032,92,0,0,1.688
2042,0.6,0,1,6.947,3.356,0.543,0.035,92,0,0,1.684
2043,0.6,0,0,6.952,3.356,0.433,0.033,92,0,0,1.682
2044,0.6,0,0,6.958,3.356,0.553,0.032,92,0,0,1.678
2045,0.6,0,1,6.963,3.356,0.433,0.032,92,0,0,1.675
2046,0.6,0,1,6.968,3.356,0.612,0.032,92,0,0,1.671
2047,0.601,0,0,6.973,3.356,0.469,0.032,92,0,0,1.668
2048,0.6,0,1,6.978,3.356,0.612,0.033,92,0,0,1.665
2049,0.6,0,0,6.983,3.356,0.702,0.034,94,0,0,1.662
2050,0.6,0,0,6.988,3.356,0.78,0.034,94,0,0,1.659
2051,0.6,0,0,6.993,3.356,0.759,0.034,95,0,0,1.655
2052,0.6,0,0,6.993,3.356,0.78,0.038,95,0,0,1.652
2053,0.599,0,1,6.992,3.356,0.78,0.036,95,0,0,1.648
2054,0.6,0,1,6.991,3.356,0.702,0.03,95,0,0,1.646
2055,0.599,0,1,6.994,3.356,0.646,0.031,96,0,0,1.643
2056,0.6,0,0,6.998,3.356,0.484,0.026,96,0,0,1.639
2057,0.6,0,1,7.002,3.356,0.671,0.03,96,0,0,1.636
2058,0.6,0,0,7.007,3.356,0.484,0.028,96,0,0,1.632
2059,0.6,0,1,7.011,3.356,0.54,0.025,96,0,0,1.629
2060,0.601,0,0,7.015,3.356,0.48,0.025,96,0,0,1.627
2061,0.6,0,0,7.02,3.356,0.543,0.024,96,0,0,1.623
2062,0.6,0,1,7.024,3.356,0.48,0.022,96,0,0,1.62
2063,0.6,0,0,7.024,3.356,0.543,0.024,96,0,0,1.616
2064,0.6,0,0,7.026,3.356,0.543,0.018,96,0,0,1.613
2065,0.6,0,0,7.026,3.356,0.48,0.022,96,0,0,1.611
2066,0.6,0,0,7.026,3.356,0.543,0.023,96,0,0,1.607
2067,0.6,0,0,7.026,3.356,0.553,0.022,96,0,0,1.604
2068,0.6,0,0,7.026,3.356,1.235,0.029,96,0,0,1.6
2069,0.6,0,1,7.026,3.356,1.401,0.032,97,0,0,1.597
2070,0.6,0,0,7.026,3.356,1.106,0.028,97,0,0,1.594
2071,0.6,0,0,7.026,3.356,0.742,0.021,97,0,0,1.591
2072,0.6,0,1,7.026,3.356,0.543,0.02,97,0,0,1.588
2073,0.601,0,0,7.026,3.356,0.569,0.019,97,0,0,1.584
2074,0.6,0,1,7.026,3.356,0.569,0.017,97,0,0,1.581
2075,0.6,0,1,7.026,3.356,0.553,0.018,97,0,0,1.577
2076,0.6,0,1,7.026,3.356,0.569,0.018,97,0,0,1.575
2077,0.599,0,1,7.026,3.356,0.569,0.015,97,0,0,1.572
2078,0.599,0,1,7.026,3.356,0.816,0.018,97,0,0,1.568
2079,0.6,0,1,7.026,3.356,0.553,0.015,97,0,0,1.565
2080,0.6,0,1,7.026,3.356,0.626,0.016,97,0,0,1.562
2081,0.6,0,0,7.026,3.356,0.816,0.019,97,0,0,1.559
2082,0.599,0,1,7.026,3.356,0.892,0.02,97,0,0,1.556
2083,0.6,0,1,7.026,3.356,0.594,0.015,97,0,0,1.552
2084,0.599,0,1,7.026,3.356,0.646,0.016,97,0,0,1.549
2085,0.599,0,2,7.026,3.356,0.646,0.017,97,0,0,1.546
2086,0.599,0,2,7.026,3.356,0.805,0.019,97,0,0,1.542
2087,0.6,0,1,7.026,3.356,0.684,0.018,97,0,0,1.537
2088,0.6,0,0,7.026,3.356,0.805,0.022,97,0,0,1.533
2089,0.6,0,2,7.026,3.356,0.732,0.019,97,0,0,1.526
2090,0.6,0,0,7.026,3.356,0.834,0.023,97,0,0,1.521
2091,0.599,0,1,7.026,3.356,0.834,0.022,97,0,0,1.513
2092,0.6,0,1,7.026,3.356,1.048,0.025,97,0,0,1.505
2093,0.599,0,2,7.026,3.356,0.993,0.023,97,0,0,1.497
2094,0.6,0,2,7.026,3.356,1.348,0.027,97,0,0,1.488
2095,0.597,0,1,7.026,3.356,1.195,0.029,97,0,0,1.479
2096,0.6,0,0,7.026,3.356,1.179,0.028,97,0,0,1.469
2097,0.6,0,1,7.026,3.356,1.006,0.028,97,0,0,1.454
2098,0.601,0,0,7.026,3.356,1.063,0.026,97,0,0,1.44
2099,0.6,0,0,7.026,3.356,0.969,0.03,97,0,0,1.425
2100,0.6,0,2,7.026,3.356,1.006,0.031,97,0,0,1.409
2101,0.6,0,1,7.026,3.356,1.207,0.034,97,0,0,1.393
2102,0.6,0,2,7.026,3.356,1.396,0.031,97,0,0,1.373
2103,0.601,0,0,7.026,3.356,1.371,0.033,97,0,0,1.35
2104,0.6,0,1,7.026,3.356,1.45,0.034,97,0,0,1.327
2105,0.6,0,1,7.026,3.356,1.371,0.031,97,0,0,1.304
2106,0.6,0,0,7.026,3.356,1.396,0.034,97,0,0,1.281
2107,0.6,0,1,7.026,3.356,1.396,0.031,97,0,0,1.258
2108,0.6,0,0,7.026,3.356,1.371,0.029,97,0,0,1.235
2109,0.599,0,1,7.026,3.356,1.45,0.03,97,0,0,1.213
2110,0.601,0,0,7.026,3.356,1.396,0.029,97,0,0,1.189
2111,0.6,0,0,7.026,3.356,1.371,0.029,97,0,0,1.166
2112,0.6,0,1,7.026,3.356,1.396,0.029,97,0,0,1.144
2113,0.602,0,0,7.026,3.356,1.426,0.028,97,0,0,1.121
2114,0.603,0,0,7.026,3.356,1.396,0.028,97,0,0,1.098
2115,0.606,0,0,7.026,3.356,1.396,0.027,97,0,0,1.075
2116,0.609,0,0,7.026,3.356,1.371,0.027,97,0,0,1.053
2117,0.612,0,0,7.026,3.356,1.396,0.028,97,0,0,1.03
2118,0.616,0,0,7.026,3.356,1.45,0.025,97,0,0,1.008
2119,0.62,0,0,7.026,3.356,1.371,0.026,97,0,0,0.984
2120,0.628,0,0,7.026,3.356,1.396,0.027,97,0,0,0.962
2121,0.637,0,0,7.026,3.356,1.396,0.028,97,0,0,0.939
2122,0.648,0,0,7.026,3.356,1.371,0.028,97,0,0,0.917
2123,0.659,0,0,7.026,3.356,1.45,0.028,97,0,0,0.895
2124,0.671,0,0,7.026,3.356,1.371,0.027,97,0,0,0.871
2125,0.682,0,0,7.026,3.356,1.396,0.028,97,0,0,0.849
2126,0.694,0,0,7.026,3.356,1.396,0.028,97,0,0,0.827
2127,0.706,0,0,7.026,3.356,1.426,0.029,97,0,0,0.805
2128,0.717,0,0,7.026,3.356,1.396,0.029,97,0,0,0.782
2129,0.73,0,0,7.026,3.356,1.396,0.027,97,0,0,0.76
2130,0.742,0,0,7.026,3.356,1.371,0.027,97,0,0,0.738
2131,0.755,0,0,7.026,3.356,1.396,0.028,97,0,0,0.716
2132,0.744,0,0,7.026,3.356,1.426,0.029,97,0,0,0.694
2133,0.733,0,0,7.026,3.356,1.396,0.028,97,0,0,0.671
2134,0.72,0,0,7.026,3.356,1.396,0.027,97,0,0,0.649
2135,0.708,0,0,7.026,3.356,1.371,0.028,97,0,0,0.628
2136,0.698,0,0,7.026,3.356,1.45,0.028,97,0,0,0.607
2137,0.688,0,0,7.026,3.356,1.396,0.028,97,0,0,0.584
2138,0.677,0,0,7.026,3.356,1.371,0.028,97,0,0,0.563
2139,0.668,0,0,7.026,3.356,1.396,0.028,97,0,0,0.548
2140,0.659,0,0,7.026,3.356,1.396,0.028,97,0,0,0.538
2141,0.65,0,0,7.026,3.356,1.426,0.027,97,0,0,0.529
2142,0.643,0,0,7.026,3.356,1.396,0.029,97,0,0,0.52
2143,0.636,0,0,7.026,3.356,1.316,0.026,97,0,0,0.511
2144,0.629,0,0,7.026,3.356,1.316,0.026,97,0,0,0.504
2145,0.624,0,0,7.026,3.356,1.316,0.026,97,0,0,0.496
2146,0.62,0,0,7.026,3.356,1.182,0.025,97,0,0,0.489
2147,0.616,0,0,7.026,3.356,1.207,0.024,97,0,0,0.482
2148,0.613,0,0,7.026,3.356,1.103,0.021,97,0,0,0.476
2149,0.617,0,0,7.026,3.356,1.073,0.024,97,0,0,0.471
2150,0.618,0,0,7.026,3.356,1.048,0.025,97,0,0,0.464
2151,0.618,0,0,7.026,3.356,1.048,0.022,97,0,0,0.456
2152,0.621,0,0,7.026,3.356,0.939,0.023,97,0,0,0.448
2153,0.62,0,0,7.026,3.356,0.969,0.022,97,0,0,0.439
2154,0.623,0,0,7.026,3.356,0.859,0.022,97,0,0,0.431
2155,0.623,0,0,7.026,3.356,0.859,0.021,97,0,0,0.422
2156,0.625,0,0,7.026,3.356,0.805,0.021,97,0,0,0.414
2157,0.626,0,0,7.026,3.356,0.78,0.021,97,0,0,0.406
2158,0.628,0,0,7.026,3.356,0.725,0.023,97,0,0,0.398
2159,0.628,0,0,7.026,3.356,0.646,0.021,97,0,0,0.388
2160,0.629,0,0,7.026,3.356,0.646,0.021,98,0,0,0.38
2161,0.629,0,0,7.026,3.356,0.671,0.022,98,0,0,0.372
2162,0.629,0,0,7.026,3.356,0.702,0.021,98,0,0,0.364
2163,0.629,0,0,7.026,3.356,0.671,0.021,98,0,0,0.355
2164,0.627,0,0,7.026,3.356,0.646,0.016,98,0,0,0.347
2165,0.627,0,0,7.026,3.356,0.646,0.018,98,0,0,0.339
2166,0.627,0,0,7.026,3.356,0.722,0.02,98,0,0,0.332
2167,0.623,0,0,7.026,3.356,0.646,0.018,98,0,0,0.325
2168,0.62,0,0,7.026,3.356,0.702,0.015,98,0,0,0.318
2169,0.619,0,0,7.026,3.356,0.671,0.017,98,0,0,0.31
2170,0.617,0,0,7.026,3.356,0.646,0.018,98,0,0,0.303
2171,0.616,0,0,7.026,3.356,0.671,0.015,98,0,0,0.297
2172,0.613,0,0,7.026,3.356,0.646,0.014,97,0,0,0.291
2173,0.612,0,0,7.026,3.356,0.646,0.016,97,0,0,0.285
2174,0.611,0,0,7.026,3.356,0.725,0.016,97,0,0,0.28
2175,0.609,0,0,7.026,3.356,0.591,0.012,97,0,0,0.274
2176,0.608,0,0,7.026,3.356,0.591,0.012,97,0,0,0.27
2177,0.607,0,0,7.026,3.356,0.569,0.01,97,0,0,0.266
2178,0.608,0,0,7.026,3.356,0.537,0.011,97,0,0,0.262
2179,0.607,0,0,7.026,3.356,0.457,0.01,97,0,0,0.259
2180,0.608,0,0,7.026,3.356,0.402,0.01,97,0,0,0.257
2181,0.608,0,0,7.026,3.356,0.437,0.01,97,0,0,0.255
2182,0.608,0,0,7.026,3.356,0.484,0.01,97,0,0,0.253
2183,0.616,0,0,7.026,3.356,0.612,0.013,97,0,0,0.25
2184,0.622,0,0,7.026,3.356,0.759,0.016,97,0,0,0.245
2185,0.632,0,0,7.026,3.356,0.78,0.016,97,0,0,0.237
2186,0.643,0,0,7.026,3.356,0.759,0.015,98,0,0,0.23
2187,0.653,0,0,7.026,3.356,0.816,0.016,98,0,0,0.222
2188,0.664,0,0,7.026,3.356,0.759,0.015,98,0,0,0.215
2189,0.673,0,0,7.026,3.356,0.78,0.016,98,0,0,0.208
2190,0.685,0,0,7.026,3.356,0.759,0.016,98,0,0,0.2
2191,0.696,0,0,7.026,3.356,0.759,0.015,98,0,0,0.192
2192,0.706,0,0,7.026,3.356,0.816,0.017,98,0,0,0.185
2193,0.716,0,0,7.026,3.356,0.759,0.015,98,0,0,0.177
2194,0.726,0,0,7.026,3.356,0.469,0.013,99,0,0,0.17
2195,0.736,0,0,7.026,3.356,0.384,0.008,99,0,0,0.163
2196,0.742,0,0,7.026,3.356,0.469,0.01,99,0,0,0.156
2197,0.752,0,0,7.026,3.356,0.424,0.012,99,0,0,0.148
2198,0.761,0,0,7.026,3.356,0.684,0.015,99,0,0,0.141
2199,0.771,0,0,7.026,3.356,0.384,0.009,99,0,0,0.134
2200,0.78,0,0,7.026,3.356,0.469,0.01,99,0,0,0.127
2201,0.791,0,0,7.026,3.356,0.424,0.01,99,0,0,0.119
2202,0.8,0,0,7.026,3.356,0.384,0.008,99,0,0,0.112
2203,0.8,0,0,7.026,3.356,1.348,0.023,99,0,0,0.106
2204,0.811,0,0,7.026,3.356,0.684,0.015,99,0,0,0.098
2205,0.825,0,0,7.026,3.356,0.384,0.008,99,0,0,0.091
2206,0.833,0,0,7.026,3.356,0.469,0.006,99,0,0,0.085
2207,0.838,0,0,7.026,3.356,0.384,0.007,99,0,0,0.077
2208,0.842,0,0,7.026,3.356,0.424,0.005,99,0,0,0.071
2209,0.847,0,0,7.026,3.356,0.384,0.005,99,0,0,0.064
2210,0.852,0,0,7.026,3.356,0.424,0.004,99,0,0,0.057
2211,0.856,0,0,7.026,3.356,0.433,0.005,99,0,0,0.051
2212,0.862,0,0,7.026,3.356,0.424,0.004,100,0,0,0.043
2213,0.867,0,0,7.026,3.356,0.384,0.004,100,0,0,0.037
2214,0.872,0,0,7.026,3.356,0.424,0.005,100,0,0,0.03
2215,0.877,0,0,7.026,3.356,0.384,0.004,100,0,0,0.024
2216,0.882,0,0,7.026,3.356,0.424,0.005,100,0,0,0.018
2217,0.887,0,0,7.026,3.356,0.384,0.005,100,0,0,0.014
2218,0.888,0,0,7.026,3.356,0.134,0.001,100,0,0,0.016
2219,0.888,0,0,7.026,3.356,0.365,0.005,100,0,0,0.016
2220,0.89,0,0,7.026,3.356,0.339,0.006,100,0,0,0.013
2221,0.894,0,0,7.026,3.356,0.424,0.006,100,0,0,0.007
2222,0.899,0,0,7.026,3.356,0.085,0.001,100,0,0,0.003
2223,0.899,0,0,7.026,3.356,0.19,0.003,100,0,0,0.004
2224,0.9,0,0,7.026,3.356,0.06,0.001,100,0,0,0.001
2225,0.9,0,0,7.026,3.356,0.0,0.0,100,0,0,0.0
2226,0.9,0,0,7.026,3.356,0.0,0.0,100,0,0,0.0
2227,0.9,0,0,7.026,3.356,0.0,0.0,100,0,0,0.0
2228,0.9,0,0,7.026,3.356,0.0,0.0,100,0,0,0.0
2229,0.9,0,0,7.026,3.356,0.0,0.0,100,0,0,0.0
2230,0.9,0,0,7.026,3.356,0.0,0.0,100,0,0,0.0
2231,0.9,0,0,7.026,3.356,0.0,0.0,100,0,0,0.0
2232,0.9,0,0,7.026,3.356,0.0,0.0,100,0,0,0.0
2233,0.9,0,0,7.026,3.356,0.0,0.0,100,0,0,0.0
2234,0.9,0,0,7.026,3.356,0.0,0.0,100,0,0,0.0
2235,0.9,0,0,7.026,3.356,0.0,0.0,100,0,0,0.0
2236,0.9,0,0,7.026,3.356,0.0,0.0,100,0,0,0.0
2237,0.9,0,0,7.026,3.356,0.0,0.0,100,0,0,0.0
2238,0.9,0,0,7.026,3.356,0.0,0.0,100,0,0,0.0
2239,0.9,0,0,7.026,3.356,0.0,0.0,100,0,0,0.0
2240,0.9,0,0,7.026,3.356,0.0,0.0,100,0,0,0.0
2241,0.9,0,0,7.026,3.356,0.0,0.0,100,0,0,0.0
2242,0.9,0,0,7.026,3.356,0.0,0.0,100,0,0,0.0
2243,0.9,0,0,7.026,3.356,0.0,0.0,100,0,0,0.0
2244,0.9,0,0,7.026,3.356,0.0,0.0,100,0,0,0.0
2245,0.9,0,0,7.026,3.356,0.0,0.0,100,0,0,0.0
2246,0.9,0,0,7.026,3.356,0.0,0.0,100,0,0,0.0
2247,0.9,0,0,7.026,3.356,0.0,0.0,100,0,0,0.0
2248,0.9,0,0,7.026,3.356,0.0,0.0,100,0,0,0.0
2249,0.9,0,0,7.026,3.356,0.0,0.0,100,0,0,0.0
2250,0.9,0,0,7.026,3.356,0.0,0.0,100,0,0,0.0
2251,0.9,0,0,7.026,3.356,0.0,0.0,100,0,0,0.0
2252,0.9,0,0,7.026,3.356,0.0,0.0,100,0,0,0.0
2253,0.9,0,0,7.026,3.356,0.0,0.0,100,0,0,0.0
2254,0.9,0,0,7.026,3.356,0.0,0.0,100,0,0,0.0
2255,0.9,0,0,7.026,3.356,0.0,0.0,100,0,0,0.0
2256,0.9,0,0,7.026,3.356,0.0,0.0,100,0,0,0.0
2257,0.9,0,0,7.026,3.356,0.0,0.0,100,0,0,0.0
2258,0.9,0,0,7.026,3.356,0.0,0.0,100,0,0,0.0
2259,0.9,0,0,7.026,3.356,0.0,0.0,100,0,0,0.0
2260,0.9,0,0,7.026,3.356,0.0,0.0,100,0,0,0.0
2261,0.9,0,0,7.026,3.356,0.0,0.0,100,0,0,0.0
2262,0.9,0,0,7.026,3.356,0.0,0.0,100,0,0,0.0
2263,0.9,0,0,7.026,3.356,0.0,0.0,100,0,0,0.0
2264,0.9,0,0,7.026,3.356,0.0,0.0,100,0,0,0.0
2265,0.9,0,0,7.026,3.356,0.0,0.0,100,0,0,0.0
2266,0.9,0,0,7.026,3.356,0.0,0.0,100,0,0,0.0
2267,0.9,0,0,7.026,3.356,0.0,0.0,100,0,0,0.0
2268,0.9,0,0,7.026,3.356,0.0,0.0,100,0,0,0.0
2269,0.9,0,0,7.026,3.356,0.0,0.0,100,0,0,0.0
2270,0.9,0,0,7.026,3.356,0.0,0.0,100,0,0,0.0
2271,0.9,0,0,7.026,3.356,0.0,0.0,100,0,0,0.0
2272,0.9,0,0,7.026,3.356,0.0,0.0,100,0,0,0.0
2273,0.9,0,0,7.026,3.356,0.0,0.0,100,0,0,0.0
2274,0.9,0,0,7.026,3.356,0.0,0.0,100,0,0,0.0
2275,0.9,0,0,7.026,3.356,0.0,0.0,100,0,0,0.0
2276,0.9,0,0,7.026,3.356,0.0,0.0,100,0,0,0.0
2277,0.9,0,0,7.026,3.356,0.0,0.0,100,0,0,0.0
2278,0.9,0,0,7.026,3.356,0.0,0.0,100,0,0,0.0
2279,0.9,0,0,7.026,3.356,0.0,0.0,100,0,0,0.0
2280,0.9,0,0,7.026,3.356,0.0,0.0,100,0,0,0.0
2281,0.9,0,0,7.026,3.356,0.0,0.0,100,0,0,0.0
2282,0.9,0,0,7.026,3.356,0.0,0.0,100,0,0,0.0
2283,0.9,0,0,7.026,3.356,0.0,0.0,100,0,0,0.0
2284,0.9,0,0,7.026,3.356,0.0,0.0,100,0,0,0.0
2285,0.9,0,0,7.026,3.356,0.0,0.0,100,0,0,0.0
2286,0.9,0,0,7.026,3.356,0.0,0.0,100,0,0,0.0
2287,0.9,0,0,7.026,3.356,0.0,0.0,100,0,0,0.0
2288,0.9,0,0,7.026,3.356,0.0,0.0,100,0,0,0.0
2289,0.9,0,0,7.026,3.356,0.0,0.0,100,0,0,0.0
2290,0.9,0,0,7.026,3.356,0.0,0.0,100,0,0,0.0
2291,0.9,0,0,7.026,3.356,0.0,0.0,100,0,0,0.0
2292,0.9,0,0,7.026,3.356,0.0,0.0,100,0,0,0.0
2293,0.9,0,0,7.026,3.356,0.0,0.0,100,0,0,0.0
2294,0.9,0,0,7.026,3.356,0.0,0.0,100,0,0,0.0
2295,0.9,0,0,7.026,3.356,0.0,0.0,100,0,0,0.0
2296,0.9,0,0,7.026,3.356,0.0,0.0,100,0,0,0.0
2297,0.9,0,0,7.026,3.356,0.0,0.0,100,0,0,0.0
2298,0.9,0,0,7.026,3.356,0.0,0.0,100,0,0,0.0
2299,0.9,0,0,7.026,3.356,0.0,0.0,100,0,0,0.0
2300,0.9,0,0,7.026,3.356,0.0,0.0,100,0,0,0.0
2301,0.9,0,0,7.026,3.356,0.0,0.0,100,0,0,0.0
2302,0.9,0,0,7.026,3.356,0.0,0.0,100,0,0,0.0
2303,0.9,0,0,7.026,3.356,0.0,0.0,100,0,0,0.0
2304,0.9,0,0,7.026,3.356,0.0,0.0,100,0,0,0.0
2305,0.9,0,0,7.026,3.356,0.0,0.0,100,0,0,0.0
2306,0.9,0,0,7.026,3.356,0.0,0.0,100,0,0,0.0
2307,0.9,0,0,7.026,3.356,0.0,0.0,100,0,0,0.0
2308,0.9,0,0,7.026,3.356,0.0,0.0,100,0,0,0.0
2309,0.9,0,0,7.026,3.356,0.0,0.0,100,0,0,0.0
2310,0.9,0,0,7.026,3.356,0.0,0.0,100,0,0,0.0
2311,0.9,0,0,7.026,3.356,0.0,0.0,100,0,0,0.0
2312,0.9,0,0,7.026,3.356,0.0,0.0,100,0,0,0.0
2313,0.9,0,0,7.026,3.356,0.0,0.0,100,0,0,0.0
2314,0.9,0,0,7.026,3.356,0.0,0.0,100,0,0,0.0
2315,0.9,0,0,7.026,3.356,0.0,0.0,100,0,0,0.0
2316,0.9,0,0,7.026,3.356,0.0,0.0,100,0,0,0.0
2317,0.9,0,0,7.026,3.356,0.0,0.0,100,0,0,0.0
2318,0.9,0,0,7.026,3.356,0.0,0.0,100,0,0,0.0
2319,0.9,0,0,7.026,3.356,0.0,0.0,100,0,0,0.0
2320,0.9,0,0,7.026,3.356,0.0,0.0,100,0,0,0.0
2321,0.9,0,0,7.026,3.356,0.0,0.0,100,0,0,0.0
2322,0.9,0,0,7.026,3.356,0.0,0.0,100,0,0,0.0
2323,0.9,0,0,7.026,3.356,0.0,0.0,100,0,0,0.0
2324,0.9,0,0,7.026,3.356,0.0,0.0,100,0,0,0.0
2325,0.9,0,0,7.026,3.356,0.0,0.0,100,0,0,0.0
2326,0.9,0,0,7.026,3.356,0.0,0.0,100,0,0,0.0
2327,0.9,0,0,7.026,3.356,0.0,0.0,100,0,0,0.0
2328,0.9,0,0,7.026,3.356,0.0,0.0,100,0,0,0.0
2329,0.9,0,0,7.026,3.356,0.0,0.0,100,0,0,0.0
2330,0.9,0,0,7.026,3.356,0.0,0.0,100,0,0,0.0
2331,0.9,0,0,7.026,3.356,0.0,0.0,100,0,0,0.0
2332,0.9,0,0,7.026,3.356,0.0,0.0,100,0,0,0.0
2333,0.9,0,0,7.026,3.356,0.0,0.0,100,0,0,0.0
2334,0.9,0,0,7.026,3.356,0.0,0.0,100,0,0,0.0
2335,0.9,0,0,7.026,3.356,0.0,0.0,100,0,0,0.0
2336,0.9,0,0,7.026,3.356,0.0,0.0,100,0,0,0.0
2337,0.9,0,0,7.026,3.356,0.0,0.0,100,0,0,0.0
2338,0.9,0,0,7.026,3.356,0.0,0.0,100,0,0,0.0
2339,0.9,0,0,7.026,3.356,0.0,0.0,100,0,0,0.0
2340,0.9,0,0,7.026,3.356,0.0,0.0,100,0,0,0.0
2341,0.9,0,0,7.026,3.356,0.0,0.0,100,0,0,0.0
2342,0.9,0,0,7.026,3.356,0.0,0.0,100,0,0,0.0
2343,0.9,0,0,7.026,3.356,0.0,0.0,100,0,0,0.0
2344,0.9,0,0,7.026,3.356,0.0,0.0,100,0,0,0.0
2345,0.9,0,0,7.026,3.356,0.0,0.0,100,0,0,0.0
2346,0.9,0,0,7.026,3.356,0.0,0.0,100,0,0,0.0
2347,0.9,0,0,7.026,3.356,0.0,0.0,100,0,0,0.0
2348,0.9,0,0,7.026,3.356,0.0,0.0,100,0,0,0.0
2349,0.9,0,0,7.026,3.356,0.0,0.0,100,0,0,0.0
2350,0.9,0,0,7.026,3.356,0.0,0.0,100,0,0,0.0
2351,0.9,0,0,7.026,3.356,0.0,0.0,100,0,0,0.0
2352,0.9,0,0,7.026,3.356,0.0,0.0,100,0,0,0.0
2353,0.9,0,0,7.026,3.356,0.0,0.0,100,0,0,0.0
2354,0.9,0,0,7.026,3.356,0.0,0.0,100,0,0,0.0
2355,0.9,0,0,7.026,3.356,0.0,0.0,100,0,0,0.0
2356,0.9,0,0,7.026,3.356,0.0,0.0,100,0,0,0.0
2357,0.9,0,0,7.026,3.356,0.0,0.0,100,0,0,0.0
2358,0.9,0,0,7.026,3.356,0.0,0.0,100,0,0,0.0
2359,0.9,0,0,7.026,3.356,0.0,0.0,100,0,0,0.0
2360,0.9,0,0,7.026,3.356,0.0,0.0,100,0,0,0.0
2361,0.9,0,0,7.026,3.356,0.0,0.0,100,0,0,0.0
2362,0.9,0,0,7.026,3.356,0.0,0.0,100,0,0,0.0
2363,0.9,0,0,7.026,3.356,0.0,0.0,100,0,0,0.0
2364,0.9,0,0,7.026,3.356,0.0,0.0,100,0,0,0.0
2365,0.9,0,0,7.026,3.356,0.0,0.0,100,0,0,0.0
2366,0.9,0,0,7.026,3.356,0.0,0.0,100,0,0,0.0
2367,0.9,0,0,7.026,3.356,0.0,0.0,100,0,0,0.0
2368,0.9,0,0,7.026,3.356,0.0,0.0,100,0,0,0.0
2369,0.9,0,0,7.026,3.356,0.0,0.0,100,0,0,0.0
2370,0.9,0,0,7.026,3.356,0.0,0.0,100,0,0,0.0
2371,0.9,0,0,7.026,3.356,0.0,0.0,100,0,0,0.0
2372,0.9,0,0,7.026,3.356,0.0,0.0,100,0,0,0.0
2373,0.9,0,0,7.026,3.356,0.0,0.0,100,0,0,0.0
2374,0.9,0,0,7.026,3.356,0.0,0.0,100,0,0,0.0
2375,0.9,0,0,7.026,3.356,0.0,0.0,100,0,0,0.0
2376,0.9,0,0,7.026,3.356,0.0,0.0,100,0,0,0.0
2377,0.9,0,0,7.026,3.356,0.0,0.0,100,0,0,0.0
2378,0.9,0,0,7.026,3.356,0.0,0.0,100,0,0,0.0
2379,0.9,0,0,7.026,3.356,0.0,0.0,100,0,0,0.0
2380,0.9,0,0,7.026,3.356,0.0,0.0,100,0,0,0.0
2381,0.9,0,0,7.026,3.356,0.0,0.0,100,0,0,0.0
2382,0.9,0,0,7.026,3.356,0.0,0.0,100,0,0,0.0
2383,0.9,0,0,7.026,3.356,0.0,0.0,100,0,0,0.0
2384,0.9,0,0,7.026,3.356,0.0,0.0,100,0,0,0.0
2385,0.9,0,0,7.026,3.356,0.0,0.0,100,0,0,0.0
2386,0.9,0,0,7.026,3.356,0.0,0.0,100,0,0,0.0
2387,0.9,0,0,7.026,3.356,0.0,0.0,100,0,0,0.0
2388,0.9,0,0,7.026,3.356,0.0,0.0,100,0,0,0.0
2389,0.9,0,0,7.026,3.356,0.0,0.0,100,0,0,0.0
2390,0.9,0,0,7.026,3.356,0.0,0.0,100,0,0,0.0
2391,0.9,0,0,7.026,3.356,0.0,0.0,100,0,0,0.0
2392,0.9,0,0,7.026,3.356,0.0,0.0,100,0,0,0.0
2393,0.9,0,0,7.026,3.356,0.0,0.0,100,0,0,0.0
2394,0.9,0,0,7.026,3.356,0.0,0.0,100,0,0,0.0
2395,0.9,0,0,7.026,3.356,0.0,0.0,100,0,0,0.0
2396,0.9,0,0,7.026,3.356,0.0,0.0,100,0,0,0.0
2397,0.9,0,0,7.026,3.356,0.0,0.0,100,0,0,0.0
2398,0.9,0,0,7.026,3.356,0.0,0.0,100,0,0,0.0
2399,0.9,0,0,7.026,3.356,0.0,0.0,100,0,0,0.0
2400,0.9,0,0,7.026,3.356,0.0,0.0,100,0,0,0.0
2401,0.9,0,0,7.026,3.356,0.0,0.0,100,0,0,0.0
2402,0.9,0,0,7.026,3.356,0.0,0.0,100,0,0,0.0
2403,0.9,0,0,7.026,3.356,0.0,0.0,100,0,0,0.0
2404,0.9,0,0,7.026,3.356,0.0,0.0,100,0,0,0.0
2405,0.9,0,0,7.026,3.356,0.0,0.0,100,0,0,0.0
2406,0.9,0,0,7.026,3.356,0.0,0.0,100,0,0,0.0
2407,0.9,0,0,7.026,3.356,0.0,0.0,100,0,0,0.0
2408,0.9,0,0,7.026,3.356,0.0,0.0,100,0,0,0.0
2409,0.9,0,0,7.026,3.356,0.0,0.0,100,0,0,0.0
2410,0.9,0,0,7.026,3.356,0.0,0.0,100,0,0,0.0
2411,0.9,0,0,7.026,3.356,0.0,0.0,100,0,0,0.0
2412,0.9,0,0,7.026,3.356,0.0,0.0,100,0,0,0.0
2413,0.9,0,0,7.026,3.356,0.0,0.0,100,0,0,0.0
2414,0.9,0,0,7.026,3.356,0.0,0.0,100,0,0,0.0
2415,0.9,0,0,7.026,3.356,0.0,0.0,100,0,0,0.0
2416,0.9,0,0,7.026,3.356,0.0,0.0,100,0,0,0.0
2417,0.9,0,0,7.026,3.356,0.0,0.0,100,0,0,0.0
2418,0.9,0,0,7.026,3.356,0.0,0.0,100,0,0,0.0
2419,0.9,0,0,7.026,3.356,0.0,0.0,100,0,0,0.0
2420,0.9,0,0,7.026,3.356,0.0,0.0,100,0,0,0.0
2421,0.9,0,0,7.026,3.356,0.0,0.0,100,0,0,0.0
2422,0.9,0,0,7.026,3.356,0.0,0.0,100,0,0,0.0
2423,0.9,0,0,7.026,3.356,0.0,0.0,100,0,0,0.0
2424,0.9,0,0,7.026,3.356,0.0,0.0,100,0,0,0.0
2425,0.9,0,0,7.026,3.356,0.0,0.0,100,0,0,0.0
2426,0.9,0,0,7.026,3.356,0.0,0.0,100,0,0,0.0
2427,0.9,0,0,7.026,3.356,0.0,0.0,100,0,0,0.0
2428,0.9,0,0,7.026,3.356,0.0,0.0,100,0,0,0.0
2429,0.9,0,0,7.026,3.356,0.0,0.0,100,0,0,0.0
2430,0.9,0,0,7.026,3.356,0.0,0.0,100,0,0,0.0
2431,0.9,0,0,7.026,3.356,0.0,0.0,100,0,0,0.0
2432,0.9,0,0,7.026,3.356,0.0,0.0,100,0,0,0.0
2433,0.9,0,0,7.026,3.356,0.0,0.0,100,0,0,0.0
2434,0.9,0,0,7.026,3.356,0.0,0.0,100,0,0,0.0
2435,0.9,0,0,7.026,3.356,0.0,0.0,100,0,0,0.0
2436,0.9,0,0,7.026,3.356,0.0,0.0,100,0,0,0.0
2437,0.9,0,0,7.026,3.356,0.0,0.0,100,0,0,0.0
2438,0.9,0,0,7.026,3.356,0.0,0.0,100,0,0,0.0
2439,0.9,0,0,7.026,3.356,0.0,0.0,100,0,0,0.0
2440,0.9,0,0,7.026,3.356,0.0,0.0,100,0,0,0.0
2441,0.9,0,0,7.026,3.356,0.0,0.0,100,0,0,0.0
2442,0.9,0,0,7.026,3.356,0.0,0.0,100,0,0,0.0
2443,0.9,0,0,7.026,3.356,0.0,0.0,100,0,0,0.0
2444,0.9,0,0,7.026,3.356,0.0,0.0,100,0,0,0.0
2445,0.9,0,0,7.026,3.356,0.0,0.0,100,0,0,0.0
2446,0.9,0,0,7.026,3.356,0.0,0.0,100,0,0,0.0
2447,0.9,0,0,7.026,3.356,0.0,0.0,100,0,0,0.0
2448,0.9,0,0,7.026,3.356,0.0,0.0,100,0,0,0.0
2449,0.9,0,0,7.026,3.356,0.0,0.0,100,0,0,0.0
2450,0.9,0,0,7.026,3.356,0.0,0.0,100,0,0,0.0
2451,0.9,0,0,7.026,3.356,0.0,0.0,100,0,0,0.0
2452,0.9,0,0,7.026,3.356,0.0,0.0,100,0,0,0.0
2453,0.9,0,0,7.026,3.356,0.0,0.0,100,0,0,0.0
2454,0.9,0,0,7.026,3.356,0.0,0.0,100,0,0,0.0
2455,0.9,0,0,7.026,3.356,0.0,0.0,100,0,0,0.0
2456,0.9,0,0,7.026,3.356,0.0,0.0,100,0,0,0.0
2457,0.9,0,0,7.026,3.356,0.0,0.0,100,0,0,0.0
2458,0.9,0,0,7.026,3.356,0.0,0.0,100,0,0,0.0
2459,0.9,0,0,7.026,3.356,0.0,0.0,100,0,0,0.0
2460,0.9,0,0,7.026,3.356,0.0,0.0,100,0,0,0.0
2461,0.9,0,0,7.026,3.356,0.0,0.0,100,0,0,0.0
2462,0.9,0,0,7.026,3.356,0.0,0.0,100,0,0,0.0
2463,0.9,0,0,7.026,3.356,0.0,0.0,100,0,0,0.0
2464,0.9,0,0,7.026,3.356,0.0,0.0,100,0,0,0.0
2465,0.9,0,0,7.026,3.356,0.0,0.0,100,0,0,0.0
2466,0.9,0,0,7.026,3.356,0.0,0.0,100,0,0,0.0
2467,0.9,0,0,7.026,3.356,0.0,0.0,100,0,0,0.0
2468,0.9,0,0,7.026,3.356,0.0,0.0,100,0,0,0.0
2469,0.9,0,0,7.026,3.356,0.0,0.0,100,0,0,0.0
2470,0.9,0,0,7.026,3.356,0.0,0.0,100,0,0,0.0
2471,0.9,0,0,7.026,3.356,0.0,0.0,100,0,0,0.0
2472,0.9,0,0,7.026,3.356,0.0,0.0,100,0,0,0.0
2473,0.9,0,0,7.026,3.356,0.0,0.0,100,0,0,0.0
2474,0.9,0,0,7.026,3.356,0.0,0.0,100,0,0,0.0
2475,0.9,0,0,7.026,3.356,0.0,0.0,100,0,0,0.0
2476,0.9,0,0,7.026,3.356,0.0,0.0,100,0,0,0.0
2477,0.9,0,0,7.026,3.356,0.0,0.0,100,0,0,0.0
2478,0.9,0,0,7.026,3.356,0.0,0.0,100,0,0,0.0
2479,0.9,0,0,7.026,3.356,0.0,0.0,100,0,0,0.0
2480,0.9,0,0,7.026,3.356,0.0,0.0,100,0,0,0.0
2481,0.9,0,0,7.026,3.356,0.0,0.0,100,0,0,0.0
2482,0.9,0,0,7.026,3.356,0.0,0.0,100,0,0,0.0
2483,0.9,0,0,7.026,3.356,0.0,0.0,100,0,0,0.0
2484,0.9,0,0,7.026,3.356,0.0,0.0,100,0,0,0.0
2485,0.9,0,0,7.026,3.356,0.0,0.0,100,0,0,0.0
2486,0.9,0,0,7.026,3.356,0.0,0.0,100,0,0,0.0
2487,0.9,0,0,7.026,3.356,0.0,0.0,100,0,0,0.0
2488,0.9,0,0,7.026,3.356,0.0,0.0,100,0,0,0.0
2489,0.9,0,0,7.026,3.356,0.0,0.0,100,0,0,0.0
2490,0.9,0,0,7.026,3.356,0.0,0.0,100,0,0,0.0
2491,0.9,0,0,7.026,3.356,0.0,0.0,100,0,0,0.0
2492,0.9,0,0,7.026,3.356,0.0,0.0,100,0,0,0.0
2493,0.9,0,0,7.026,3.356,0.0,0.0,100,0,0,0.0
2494,0.9,0,0,7.026,3.356,0.0,0.0,100,0,0,0.0
2495,0.9,0,0,7.026,3.356,0.0,0.0,100,0,0,0.0
2496,0.9,0,0,7.026,3.356,0.0,0.0,100,0,0,0.0
2497,0.9,0,0,7.026,3.356,0.0,0.0,100,0,0,0.0
2498,0.9,0,0,7.026,3.356,0.0,0.0,100,0,0,0.0
2499,0.9,0,0,7.026,3.356,0.0,0.0,100,0,0,0.0
2500,0.9,0,0,7.026,3.356,0.0,0.0,100,0,0,0.0
2501,0.9,0,0,7.026,3.356,0.0,0.0,100,0,0,0.0
2502,0.9,0,0,7.026,3.356,0.0,0.0,100,0,0,0.0
2503,0.9,0,0,7.026,3.356,0.0,0.0,100,0,0,0.0
2504,0.9,0,0,7.026,3.356,0.0,0.0,100,0,0,0.0
2505,0.9,0,0,7.026,3.356,0.0,0.0,100,0,0,0.0
2506,0.9,0,0,7.026,3.356,0.0,0.0,100,0,0,0.0
2507,0.9,0,0,7.026,3.356,0.0,0.0,100,0,0,0.0
2508,0.9,0,0,7.026,3.356,0.0,0.0,100,0,0,0.0
2509,0.9,0,0,7.026,3.356,0.0,0.0,100,0,0,0.0
2510,0.9,0,0,7.026,3.356,0.0,0.0,100,0,0,0.0
2511,0.9,0,0,7.026,3.356,0.0,0.0,100,0,0,0.0
2512,0.9,0,0,7.026,3.356,0.0,0.0,100,0,0,0.0
2513,0.9,0,0,7.026,3.356,0.0,0.0,100,0,0,0.0
2514,0.9,0,0,7.026,3.356,0.0,0.0,100,0,0,0.0
2515,0.9,0,0,7.026,3.356,0.0,0.0,100,0,0,0.0
2516,0.9,0,0,7.026,3.356,0.0,0.0,100,0,0,0.0
2517,0.9,0,0,7.026,3.356,0.0,0.0,100,0,0,0.0
2518,0.9,0,0,7.026,3.356,0.0,0.0,100,0,0,0.0
2519,0.9,0,0,7.026,3.356,0.0,0.0,100,0,0,0.0
2520,0.9,0,0,7.026,3.356,0.0,0.0,100,0,0,0.0
2521,0.9,0,0,7.026,3.356,0.0,0.0,100,0,0,0.0
2522,0.9,0,0,7.026,3.356,0.0,0.0,100,0,0,0.0
2523,0.9,0,0,7.026,3.356,0.0,0.0,100,0,0,0.0
2524,0.9,0,0,7.026,3.356,0.0,0.0,100,0,0,0.0
2525,0.9,0,0,7.026,3.356,0.0,0.0,100,0,0,0.0
2526,0.9,0,0,7.026,3.356,0.0,0.0,100,0,0,0.0
2527,0.9,0,0,7.026,3.356,0.0,0.0,100,0,0,0.0
2528,0.9,0,0,7.026,3.356,0.0,0.0,100,0,0,0.0
2529,0.9,0,0,7.026,3.356,0.0,0.0,100,0,0,0.0
2530,0.9,0,0,7.026,3.356,0.0,0.0,100,0,0,0.0
2531,0.9,0,0,7.026,3.356,0.0,0.0,100,0,0,0.0
2532,0.9,0,0,7.026,3.356,0.0,0.0,100,0,0,0.0
2533,0.9,0,0,7.026,3.356,0.0,0.0,100,0,0,0.0
2534,0.9,0,0,7.026,3.356,0.0,0.0,100,0,0,0.0
2535,0.9,0,0,7.026,3.356,0.0,0.0,100,0,0,0.0
2536,0.9,0,0,7.026,3.356,0.0,0.0,100,0,0,0.0
2537,0.9,0,0,7.026,3.356,0.0,0.0,100,0,0,0.0
2538,0.9,0,0,7.026,3.356,0.0,0.0,100,0,0,0.0
2539,0.9,0,0,7.026,3.356,0.0,0.0,100,0,0,0.0
2540,0.9,0,0,7.026,3.356,0.0,0.0,100,0,0,0.0
2541,0.9,0,0,7.026,3.356,0.0,0.0,100,0,0,0.0
2542,0.9,0,0,7.026,3.356,0.0,0.0,100,0,0,0.0
2543,0.9,0,0,7.026,3.356,0.0,0.0,100,0,0,0.0
2544,0.9,0,0,7.026,3.356,0.0,0.0,100,0,0,0.0
2545,0.9,0,0,7.026,3.356,0.0,0.0,100,0,0,0.0
2546,0.9,0,0,7.026,3.356,0.0,0.0,100,0,0,0.0
2547,0.9,0,0,7.026,3.356,0.0,0.0,100,0,0,0.0
2548,0.9,0,0,7.026,3.356,0.0,0.0,100,0,0,0.0
2549,0.9,0,0,7.026,3.356,0.0,0.0,100,0,0,0.0
2550,0.9,0,0,7.026,3.356,0.0,0.0,100,0,0,0.0
2551,0.9,0,0,7.026,3.356,0.0,0.0,100,0,0,0.0
2552,0.9,0,0,7.026,3.356,0.0,0.0,100,0,0,0.0
2553,0.9,0,0,7.026,3.356,0.0,0.0,100,0,0,0.0
2554,0.9,0,0,7.026,3.356,0.0,0.0,100,0,0,0.0
2555,0.9,0,0,7.026,3.356,0.0,0.0,100,0,0,0.0
2556,0.9,0,0,7.026,3.356,0.0,0.0,100,0,0,0.0
2557,0.9,0,0,7.026,3.356,0.0,0.0,100,0,0,0.0
2558,0.9,0,0,7.026,3.356,0.0,0.0,100,0,0,0.0
2559,0.9,0,0,7.026,3.356,0.0,0.0,100,0,0,0.0
2560,0.9,0,0,7.026,3.356,0.0,0.0,100,0,0,0.0
2561,0.9,0,0,7.026,3.356,0.0,0.0,100,0,0,0.0
2562,0.9,0,0,7.026,3.356,0.0,0.0,100,0,0,0.0
2563,0.9,0,0,7.026,3.356,0.0,0.0,100,0,0,0.0
2564,0.9,0,0,7.026,3.356,0.0,0.0,100,0,0,0.0
2565,0.9,0,0,7.026,3.356,0.0,0.0,100,0,0,0.0
2566,0.9,0,0,7.026,3.356,0.0,0.0,100,0,0,0.0
2567,0.9,0,0,7.026,3.356,0.0,0.0,100,0,0,0.0
2568,0.9,0,0,7.026,3.356,0.0,0.0,100,0,0,0.0
2569,0.9,0,0,7.026,3.356,0.0,0.0,100,0,0,0.0
2570,0.9,0,0,7.026,3.356,0.0,0.0,100,0,0,0.0
2571,0.9,0,0,7.026,3.356,0.0,0.0,100,0,0,0.0
2572,0.9,0,0,7.026,3.356,0.0,0.0,100,0,0,0.0
2573,0.9,0,0,7.026,3.356,0.0,0.0,100,0,0,0.0
2574,0.9,0,0,7.026,3.356,0.0,0.0,100,0,0,0.0
2575,0.9,0,0,7.026,3.356,0.0,0.0,100,0,0,0.0
2576,0.9,0,0,7.026,3.356,0.0,0.0,100,0,0,0.0
2577,0.9,0,0,7.026,3.356,0.0,0.0,100,0,0,0.0
2578,0.9,0,0,7.026,3.356,0.0,0.0,100,0,0,0.0
2579,0.9,0,0,7.026,3.356,0.0,0.0,100,0,0,0.0
2580,0.9,0,0,7.026,3.356,0.0,0.0,100,0,0,0.0
2581,0.9,0,0,7.026,3.356,0.0,0.0,100,0,0,0.0
2582,0.9,0,0,7.026,3.356,0.0,0.0,100,0,0,0.0
2583,0.9,0,0,7.026,3.356,0.0,0.0,100,0,0,0.0
2584,0.9,0,0,7.026,3.356,0.0,0.0,100,0,0,0.0
2585,0.9,0,0,7.026,3.356,0.0,0.0,100,0,0,0.0
2586,0.9,0,0,7.026,3.356,0.0,0.0,100,0,0,0.0
2587,0.9,0,0,7.026,3.356,0.0,0.0,100,0,0,0.0
2588,0.9,0,0,7.026,3.356,0.0,0.0,100,0,0,0.0
2589,0.9,0,0,7.026,3.356,0.0,0.0,100,0,0,0.0
2590,0.9,0,0,7.026,3.356,0.0,0.0,100,0,0,0.0
2591,0.9,0,0,7.026,3.356,0.0,0.0,100,0,0,0.0
2592,0.9,0,0,7.026,3.356,0.0,0.0,100,0,0,0.0
2593,0.9,0,0,7.026,3.356,0.0,0.0,100,0,0,0.0
2594,0.9,0,0,7.026,3.356,0.0,0.0,100,0,0,0.0
2595,0.9,0,0,7.026,3.356,0.0,0.0,100,0,0,0.0
2596,0.9,0,0,7.026,3.356,0.0,0.0,100,0,0,0.0
2597,0.9,0,0,7.026,3.356,0.0,0.0,100,0,0,0.0
2598,0.9,0,0,7.026,3.356,0.0,0.0,100,0,0,0.0
2599,0.9,0,0,7.026,3.356,0.0,0.0,100,0,0,0.0
2600,0.9,0,0,7.026,3.356,0.0,0.0,100,0,0,0.0
2601,0.9,0,0,7.026,3.356,0.0,0.0,100,0,0,0.0
2602,0.9,0,0,7.026,3.356,0.0,0.0,100,0,0,0.0
2603,0.9,0,0,7.026,3.356,0.0,0.0,100,0,0,0.0
2604,0.9,0,0,7.026,3.356,0.0,0.0,100,0,0,0.0
2605,0.9,0,0,7.026,3.356,0.0,0.0,100,0,0,0.0
2606,0.9,0,0,7.026,3.356,0.0,0.0,100,0,0,0.0
2607,0.9,0,0,7.026,3.356,0.0,0.0,100,0,0,0.0
2608,0.9,0,0,7.026,3.356,0.0,0.0,100,0,0,0.0
2609,0.9,0,0,7.026,3.356,0.0,0.0,100,0,0,0.0
2610,0.9,0,0,7.026,3.356,0.0,0.0,100,0,0,0.0
2611,0.9,0,0,7.026,3.356,0.0,0.0,100,0,0,0.0
2612,0.9,0,0,7.026,3.356,0.0,0.0,100,0,0,0.0
2613,0.9,0,0,7.026,3.356,0.0,0.0,100,0,0,0.0
2614,0.9,0,0,7.026,3.356,0.0,0.0,100,0,0,0.0
2615,0.9,0,0,7.026,3.356,0.0,0.0,100,0,0,0.0
2616,0.9,0,0,7.026,3.356,0.0,0.0,100,0,0,0.0
2617,0.9,0,0,7.026,3.356,0.0,0.0,100,0,0,0.0
2618,0.9,0,0,7.026,3.356,0.0,0.0,100,0,0,0.0
2619,0.9,0,0,7.026,3.356,0.0,0.0,100,0,0,0.0
2620,0.9,0,0,7.026,3.356,0.0,0.0,100,0,0,0.0
2621,0.9,0,0,7.026,3.356,0.0,0.0,100,0,0,0.0
2622,0.9,0,0,7.026,3.356,0.0,0.0,100,0,0,0.0
2623,0.9,0,0,7.026,3.356,0.0,0.0,100,0,0,0.0
2624,0.9,0,0,7.026,3.356,0.0,0.0,100,0,0,0.0
2625,0.9,0,0,7.026,3.356,0.0,0.0,100,0,0,0.0
2626,0.9,0,0,7.026,3.356,0.0,0.0,100,0,0,0.0
2627,0.9,0,0,7.026,3.356,0.0,0.0,100,0,0,0.0
2628,0.9,0,0,7.026,3.356,0.0,0.0,100,0,0,0.0
2629,0.9,0,0,7.026,3.356,0.0,0.0,100,0,0,0.0
2630,0.9,0,0,7.026,3.356,0.0,0.0,100,0,0,0.0
2631,0.9,0,0,7.026,3.356,0.0,0.0,100,0,0,0.0
2632,0.9,0,0,7.026,3.356,0.0,0.0,100,0,0,0.0
2633,0.9,0,0,7.026,3.356,0.0,0.0,100,0,0,0.0
2634,0.9,0,0,7.026,3.356,0.0,0.0,100,0,0,0.0
2635,0.9,0,0,7.026,3.356,0.0,0.0,100,0,0,0.0
2636,0.9,0,0,7.026,3.356,0.0,0.0,100,0,0,0.0
2637,0.9,0,0,7.026,3.356,0.0,0.0,100,0,0,0.0
2638,0.9,0,0,7.026,3.356,0.0,0.0,100,0,0,0.0
2639,0.9,0,0,7.026,3.356,0.0,0.0,100,0,0,0.0
2640,0.9,0,0,7.026,3.356,0.0,0.0,100,0,0,0.0
2641,0.9,0,0,7.026,3.356,0.0,0.0,100,0,0,0.0
2642,0.9,0,0,7.026,3.356,0.0,0.0,100,0,0,0.0
2643,0.9,0,0,7.026,3.356,0.0,0.0,100,0,0,0.0
2644,0.9,0,0,7.026,3.356,0.0,0.0,100,0,0,0.0
2645,0.9,0,0,7.026,3.356,0.0,0.0,100,0,0,0.0
2646,0.9,0,0,7.026,3.356,0.0,0.0,100,0,0,0.0
2647,0.9,0,0,7.026,3.356,0.0,0.0,100,0,0,0.0
2648,0.9,0,0,7.026,3.356,0.0,0.0,100,0,0,0.0
2649,0.9,0,0,7.026,3.356,0.0,0.0,100,0,0,0.0
2650,0.9,0,0,7.026,3.356,0.0,0.0,100,0,0,0.0
2651,0.9,0,0,7.026,3.356,0.0,0.0,100,0,0,0.0
2652,0.9,0,0,7.026,3.356,0.0,0.0,100,0,0,0.0
2653,0.9,0,0,7.026,3.356,0.0,0.0,100,0,0,0.0
2654,0.9,0,0,7.026,3.356,0.0,0.0,100,0,0,0.0
2655,0.9,0,0,7.026,3.356,0.0,0.0,100,0,0,0.0
2656,0.9,0,0,7.026,3.356,0.0,0.0,100,0,0,0.0
2657,0.9,0,0,7.026,3.356,0.0,0.0,100,0,0,0.0
2658,0.9,0,0,7.026,3.356,0.0,0.0,100,0,0,0.0
2659,0.9,0,0,7.026,3.356,0.0,0.0,100,0,0,0.0
2660,0.9,0,0,7.026,3.356,0.0,0.0,100,0,0,0.0
2661,0.9,0,0,7.026,3.356,0.0,0.0,100,0,0,0.0
2662,0.9,0,0,7.026,3.356,0.0,0.0,100,0,0,0.0
2663,0.9,0,0,7.026,3.356,0.0,0.0,100,0,0,0.0
2664,0.9,0,0,7.026,3.356,0.0,0.0,100,0,0,0.0
2665,0.9,0,0,7.026,3.356,0.0,0.0,100,0,0,0.0
2666,0.9,0,0,7.026,3.356,0.0,0.0,100,0,0,0.0
2667,0.9,0,0,7.026,3.356,0.0,0.0,100,0,0,0.0
2668,0.9,0,0,7.026,3.356,0.0,0.0,100,0,0,0.0
2669,0.9,0,0,7.026,3.356,0.0,0.0,100,0,0,0.0
2670,0.9,0,0,7.026,3.356,0.0,0.0,100,0,0,0.0
2671,0.9,0,0,7.026,3.356,0.0,0.0,100,0,0,0.0
2672,0.9,0,0,7.026,3.356,0.0,0.0,100,0,0,0.0
2673,0.9,0,0,7.026,3.356,0.0,0.0,100,0,0,0.0
2674,0.9,0,0,7.026,3.356,0.0,0.0,100,0,0,0.0
2675,0.9,0,0,7.026,3.356,0.0,0.0,100,0,0,0.0
2676,0.9,0,0,7.026,3.356,0.0,0.0,100,0,0,0.0
2677,0.9,0,0,7.026,3.356,0.0,0.0,100,0,0,0.0
2678,0.9,0,0,7.026,3.356,0.0,0.0,100,0,0,0.0
2679,0.9,0,0,7.026,3.356,0.0,0.0,100,0,0,0.0
2680,0.9,0,0,7.026,3.356,0.0,0.0,100,0,0,0.0
2681,0.9,0,0,7.026,3.356,0.0,0.0,100,0,0,0.0
2682,0.9,0,0,7.026,3.356,0.0,0.0,100,0,0,0.0
2683,0.9,0,0,7.026,3.356,0.0,0.0,100,0,0,0.0
2684,0.9,0,0,7.026,3.356,0.0,0.0,100,0,0,0.0
2685,0.9,0,0,7.026,3.356,0.0,0.0,100,0,0,0.0
2686,0.9,0,0,7.026,3.356,0.0,0.0,100,0,0,0.0
2687,0.9,0,0,7.026,3.356,0.0,0.0,100,0,0,0.0
2688,0.9,0,0,7.026,3.356,0.0,0.0,100,0,0,0.0
2689,0.9,0,0,7.026,3.356,0.0,0.0,100,0,0,0.0
2690,0.9,0,0,7.026,3.356,0.0,0.0,100,0,0,0.0
2691,0.9,0,0,7.026,3.356,0.0,0.0,100,0,0,0.0
2692,0.9,0,0,7.026,3.356,0.0,0.0,100,0,0,0.0
2693,0.9,0,0,7.026,3.356,0.0,0.0,100,0,0,0.0
2694,0.9,0,0,7.026,3.356,0.0,0.0,100,0,0,0.0
2695,0.9,0,0,7.026,3.356,0.0,0.0,100,0,0,0.0
2696,0.9,0,0,7.026,3.356,0.0,0.0,100,0,0,0.0
2697,0.9,0,0,7.026,3.356,0.0,0.0,100,0,0,0.0
2698,0.9,0,0,7.026,3.356,0.0,0.0,100,0,0,0.0
2699,0.9,0,0,7.026,3.356,0.0,0.0,100,0,0,0.0
2700,0.9,0,0,7.026,3.356,,,100,0,0,0.0
