tick,min_separation_m,overlap_pairs,pairs_inside_margin,plinth_gap_m,post_gap_m,speed_max_mps,speed_mean_mps,arrived,stalled,longest_current_stall,remaining_max_m
1,0.9,0,0,7.026,3.356,1.385,0.412,0,0,0,20.0
2,0.898,0,0,7.003,3.34,1.445,0.768,0,0,0,19.998
3,0.896,0,0,6.98,3.323,1.426,1.03,0,0,0,19.993
4,0.894,0,0,6.957,3.307,1.44,1.241,0,0,0,19.985
5,0.891,0,0,6.934,3.291,1.445,1.404,0,0,0,19.975
6,0.889,0,0,6.911,3.274,1.445,1.403,0,0,0,19.952
7,0.887,0,0,6.888,3.259,1.44,1.391,0,0,0,19.929
8,0.884,0,0,6.866,3.243,1.451,1.408,0,0,0,19.906
9,0.882,0,0,6.843,3.227,1.445,1.397,0,0,0,19.883
10,0.88,0,0,6.82,3.211,1.445,1.401,0,0,0,19.861
11,0.877,0,0,6.797,3.195,1.44,1.4,0,0,0,19.838
12,0.875,0,0,6.774,3.179,1.445,1.399,0,0,0,19.815
13,0.873,0,0,6.751,3.164,1.441,1.396,0,0,0,19.792
14,0.87,0,0,6.728,3.149,1.445,1.407,0,0,0,19.769
15,0.868,0,0,6.705,3.133,1.451,1.396,0,0,0,19.746
16,0.866,0,0,6.682,3.118,1.445,1.392,0,0,0,19.724
17,0.863,0,0,6.659,3.103,1.442,1.407,0,0,0,19.701
18,0.862,0,0,6.636,3.087,1.451,1.401,0,0,0,19.678
19,0.86,0,0,6.613,3.073,1.445,1.389,0,0,0,19.655
20,0.857,0,0,6.59,3.058,1.445,1.411,0,0,0,19.632
21,0.855,0,0,6.568,3.043,1.46,1.399,0,0,0,19.609
22,0.853,0,0,6.545,3.028,1.441,1.388,0,0,0,19.587
23,0.85,0,0,6.522,3.014,1.451,1.41,0,0,0,19.564
24,0.849,0,0,6.499,2.999,1.445,1.405,0,0,0,19.541
25,0.846,0,0,6.476,2.985,1.426,1.388,0,0,0,19.518
26,0.844,0,0,6.453,2.97,1.445,1.408,0,0,0,19.495
27,0.842,0,0,6.43,2.956,1.445,1.402,0,0,0,19.472
28,0.84,0,0,6.407,2.942,1.426,1.388,0,0,0,19.45
29,0.838,0,0,6.384,2.927,1.451,1.407,0,0,0,19.427
30,0.836,0,0,6.361,2.913,1.451,1.402,0,0,0,19.404
31,0.834,0,0,6.338,2.9,1.445,1.393,0,0,0,19.382
32,0.831,0,0,6.315,2.886,1.451,1.406,0,0,0,19.359
33,0.83,0,0,6.292,2.872,1.445,1.397,0,0,0,19.336
34,0.828,0,0,6.269,2.858,1.445,1.39,0,0,0,19.314
35,0.826,0,0,6.246,2.845,1.445,1.404,0,0,0,19.291
36,0.823,0,0,6.224,2.831,1.451,1.402,0,0,0,19.268
37,0.822,0,0,6.201,2.818,1.426,1.391,0,0,0,19.245
38,0.82,0,0,6.178,2.805,1.451,1.404,0,0,0,19.222
39,0.818,0,0,6.155,2.792,1.451,1.405,0,0,0,19.199
40,0.816,0,0,6.132,2.778,1.445,1.39,0,0,0,19.177
41,0.814,0,0,6.109,2.766,1.445,1.403,0,0,0,19.154
42,0.812,0,0,6.086,2.752,1.445,1.398,0,0,0,19.131
43,0.811,0,0,6.063,2.74,1.445,1.395,0,0,0,19.108
44,0.809,0,0,6.04,2.727,1.445,1.405,0,0,0,19.085
45,0.807,0,0,6.017,2.715,1.451,1.401,0,0,0,19.062
46,0.805,0,0,5.994,2.702,1.445,1.39,0,0,0,19.04
47,0.803,0,0,5.971,2.691,1.441,1.402,0,0,0,19.017
48,0.801,0,0,5.948,2.678,1.445,1.399,0,0,0,18.994
49,0.8,0,0,5.925,2.666,1.451,1.392,0,0,0,18.971
50,0.798,0,0,5.902,2.655,1.46,1.409,0,0,0,18.948
51,0.797,0,0,5.879,2.642,1.44,1.397,0,0,0,18.925
52,0.795,0,0,5.856,2.63,1.445,1.388,0,0,0,18.903
53,0.793,0,0,5.833,2.62,1.451,1.408,0,0,0,18.881
54,0.791,0,0,5.81,2.608,1.44,1.397,0,0,0,18.858
55,0.789,0,0,5.787,2.596,1.451,1.389,0,0,0,18.835
56,0.788,0,0,5.764,2.585,1.46,1.405,0,0,0,18.812
57,0.786,0,0,5.741,2.574,1.445,1.404,0,0,0,18.789
58,0.784,0,0,5.718,2.563,1.412,1.383,0,0,0,18.766
59,0.783,0,0,5.695,2.552,1.451,1.398,0,0,0,18.744
60,0.781,0,0,5.672,2.542,1.451,1.412,0,0,0,18.721
61,0.779,0,0,5.649,2.531,1.445,1.388,0,0,0,18.698
62,0.777,0,0,5.626,2.521,1.441,1.396,0,0,0,18.675
63,0.777,0,0,5.603,2.51,1.445,1.401,0,0,0,18.652
64,0.775,0,0,5.58,2.5,1.445,1.382,0,0,0,18.629
65,0.773,0,0,5.558,2.49,1.445,1.403,0,0,0,18.607
66,0.771,0,0,5.535,2.48,1.441,1.399,0,0,0,18.585
67,0.77,0,0,5.512,2.47,1.445,1.391,0,0,0,18.562
68,0.768,0,0,5.489,2.461,1.46,1.399,0,0,0,18.539
69,0.766,0,0,5.466,2.452,1.445,1.4,0,0,0,18.516
70,0.765,0,0,5.443,2.442,1.451,1.392,0,0,0,18.494
71,0.763,0,0,5.42,2.434,1.451,1.398,0,0,0,18.471
72,0.761,0,0,5.397,2.425,1.445,1.398,0,0,0,18.448
73,0.76,0,0,5.374,2.416,1.445,1.386,0,0,0,18.425
74,0.759,0,0,5.351,2.408,1.445,1.398,0,0,0,18.402
75,0.758,0,0,5.328,2.399,1.451,1.401,0,0,0,18.379
76,0.756,0,0,5.305,2.391,1.445,1.387,0,0,0,18.357
77,0.754,0,0,5.282,2.382,1.445,1.402,0,0,0,18.334
78,0.753,0,0,5.259,2.375,1.451,1.396,0,0,0,18.312
79,0.751,0,0,5.236,2.367,1.46,1.39,0,0,0,18.289
80,0.749,0,0,5.213,2.36,1.445,1.396,0,0,0,18.266
81,0.747,0,0,5.19,2.352,1.445,1.396,0,0,0,18.244
82,0.747,0,0,5.167,2.345,1.451,1.391,0,0,0,18.221
83,0.745,0,0,5.144,2.338,1.451,1.4,0,0,0,18.199
84,0.744,0,0,5.121,2.331,1.441,1.394,0,0,0,18.177
85,0.742,0,0,5.098,2.324,1.445,1.389,0,0,0,18.156
86,0.74,0,0,5.075,2.318,1.441,1.392,0,0,0,18.134
87,0.739,0,0,5.052,2.311,1.46,1.404,0,0,0,18.113
88,0.736,0,0,5.029,2.305,1.46,1.385,0,0,0,18.092
89,0.736,0,0,5.005,2.299,1.445,1.394,0,0,0,18.071
90,0.734,0,0,4.982,2.294,1.451,1.397,0,0,0,18.05
91,0.733,0,0,4.959,2.287,1.451,1.389,0,0,0,18.028
92,0.731,0,0,4.936,2.282,1.451,1.395,0,0,0,18.007
93,0.731,0,0,4.913,2.277,1.451,1.4,0,0,0,17.986
94,0.728,0,0,4.89,2.272,1.412,1.379,0,0,0,17.965
95,0.727,0,0,4.867,2.268,1.451,1.4,0,0,0,17.944
96,0.725,0,0,4.844,2.262,1.445,1.4,0,0,0,17.922
97,0.725,0,0,4.821,2.258,1.451,1.388,0,0,0,17.901
98,0.723,0,0,4.798,2.254,1.441,1.388,0,0,0,17.88
99,0.721,0,0,4.775,2.25,1.445,1.395,0,0,0,17.86
100,0.719,0,0,4.752,2.246,1.441,1.388,0,0,0,17.838
101,0.719,0,0,4.729,2.243,1.445,1.393,0,0,0,17.817
102,0.717,0,0,4.706,2.239,1.445,1.388,0,0,0,17.796
103,0.715,0,0,4.683,2.235,1.451,1.4,0,0,0,17.775
104,0.714,0,0,4.66,2.232,1.44,1.388,0,0,0,17.755
105,0.713,0,0,4.637,2.229,1.44,1.388,0,0,0,17.734
106,0.711,0,0,4.614,2.227,1.445,1.388,0,0,0,17.713
107,0.71,0,0,4.591,2.224,1.451,1.4,0,0,0,17.692
108,0.708,0,0,4.568,2.222,1.44,1.383,0,0,0,17.671
109,0.707,0,0,4.545,2.22,1.441,1.381,0,0,0,17.651
110,0.706,0,0,4.523,2.218,1.451,1.402,0,0,0,17.63
111,0.703,0,0,4.5,2.217,1.46,1.395,0,0,0,17.609
112,0.702,0,0,4.477,2.215,1.451,1.384,0,0,0,17.588
113,0.701,0,0,4.454,2.213,1.451,1.39,0,0,0,17.568
114,0.699,0,0,4.431,2.212,1.445,1.392,0,0,0,17.547
115,0.698,0,0,4.408,2.21,1.445,1.386,0,0,0,17.526
116,0.696,0,0,4.385,2.208,1.451,1.387,0,0,0,17.505
117,0.694,0,0,4.362,2.206,1.451,1.393,0,0,0,17.485
118,0.693,0,0,4.339,2.205,1.445,1.386,0,0,0,17.465
119,0.692,0,0,4.316,2.203,1.451,1.391,0,0,0,17.444
120,0.69,0,0,4.293,2.201,1.46,1.393,0,0,0,17.423
121,0.689,0,0,4.269,2.199,1.451,1.386,0,0,0,17.402
122,0.687,0,0,4.246,2.198,1.451,1.387,0,0,0,17.382
123,0.686,0,0,4.223,2.196,1.46,1.394,0,0,0,17.362
124,0.684,0,0,4.201,2.194,1.451,1.386,0,0,0,17.341
125,0.683,0,0,4.178,2.192,1.445,1.392,0,0,0,17.321
126,0.681,0,0,4.155,2.191,1.445,1.386,0,0,0,17.3
127,0.68,0,0,4.132,2.191,1.441,1.377,0,0,0,17.28
128,0.679,0,0,4.109,2.189,1.451,1.391,0,0,0,17.259
129,0.677,0,0,4.086,2.189,1.451,1.391,0,0,0,17.239
130,0.676,0,0,4.063,2.188,1.451,1.383,0,0,0,17.218
131,0.674,0,0,4.04,2.188,1.451,1.396,0,0,0,17.197
132,0.673,0,0,4.017,2.187,1.445,1.385,0,0,0,17.176
133,0.671,0,0,3.995,2.187,1.445,1.378,0,0,0,17.156
134,0.67,0,0,3.972,2.189,1.451,1.392,0,0,0,17.136
135,0.669,0,0,3.949,2.189,1.445,1.386,0,0,0,17.115
136,0.667,0,0,3.926,2.19,1.445,1.384,0,0,0,17.094
137,0.667,0,0,3.903,2.191,1.451,1.382,0,0,0,17.074
138,0.665,0,0,3.88,2.192,1.46,1.393,0,0,0,17.053
139,0.665,0,0,3.856,2.193,1.445,1.383,0,0,0,17.032
140,0.663,0,0,3.834,2.195,1.451,1.38,0,0,0,17.012
141,0.662,0,0,3.811,2.196,1.445,1.387,0,0,0,16.991
142,0.661,0,0,3.788,2.198,1.451,1.384,0,0,0,16.97
143,0.659,0,0,3.765,2.2,1.445,1.38,0,0,0,16.949
144,0.658,0,0,3.742,2.198,1.451,1.381,0,0,0,16.929
145,0.658,0,0,3.719,2.195,1.451,1.386,0,0,0,16.908
146,0.655,0,0,3.697,2.192,1.451,1.39,0,0,0,16.887
147,0.655,0,0,3.674,2.189,1.445,1.378,0,0,0,16.867
148,0.654,0,0,3.651,2.187,1.401,1.369,0,0,0,16.846
149,0.652,0,0,3.628,2.185,1.445,1.388,0,0,0,16.825
150,0.651,0,0,3.605,2.183,1.451,1.376,0,0,0,16.804
151,0.651,0,0,3.583,2.181,1.451,1.378,0,0,0,16.784
152,0.65,0,0,3.56,2.179,1.451,1.379,0,0,0,16.763
153,0.649,0,0,3.537,2.178,1.451,1.39,0,0,0,16.741
154,0.647,0,0,3.513,2.176,1.401,1.361,0,0,0,16.721
155,0.647,0,0,3.491,2.174,1.445,1.372,0,0,0,16.7
156,0.646,0,0,3.468,2.172,1.451,1.372,0,0,0,16.679
157,0.644,0,0,3.445,2.17,1.451,1.369,0,0,0,16.659
158,0.644,0,0,3.422,2.168,1.441,1.368,0,0,0,16.638
159,0.643,0,0,3.4,2.167,1.451,1.365,0,0,0,16.617
160,0.642,0,0,3.377,2.165,1.451,1.373,0,0,0,16.597
161,0.64,0,0,3.354,2.163,1.451,1.361,0,0,0,16.575
162,0.639,0,0,3.331,2.161,1.441,1.361,0,0,0,16.554
163,0.639,0,0,3.309,2.159,1.451,1.368,0,0,0,16.534
164,0.638,0,0,3.286,2.157,1.445,1.361,0,0,0,16.513
165,0.637,0,0,3.263,2.156,1.451,1.366,0,0,0,16.491
166,0.637,0,0,3.24,2.154,1.445,1.352,0,0,0,16.47
167,0.635,0,0,3.217,2.153,1.445,1.352,0,0,0,16.45
168,0.635,0,0,3.194,2.152,1.451,1.368,0,0,0,16.429
169,0.634,0,0,3.172,2.151,1.451,1.354,0,0,0,16.407
170,0.633,0,0,3.149,2.151,1.451,1.352,0,0,0,16.387
171,0.633,0,0,3.126,2.15,1.441,1.356,0,0,0,16.366
172,0.632,0,0,3.104,2.151,1.451,1.351,0,0,0,16.345
173,0.63,0,0,3.081,2.151,1.445,1.344,0,0,0,16.324
174,0.63,0,0,3.058,2.151,1.451,1.355,0,0,0,16.303
175,0.629,0,0,3.035,2.152,1.445,1.349,0,0,0,16.282
176,0.628,0,0,3.012,2.152,1.445,1.349,0,0,0,16.262
177,0.627,0,0,2.989,2.153,1.445,1.345,0,0,0,16.24
178,0.626,0,0,2.967,2.154,1.445,1.34,0,0,0,16.219
179,0.626,0,0,2.944,2.155,1.445,1.343,0,0,0,16.199
180,0.625,0,0,2.922,2.156,1.441,1.347,0,0,0,16.178
181,0.624,0,0,2.899,2.158,1.451,1.347,0,0,0,16.156
182,0.624,0,0,2.875,2.159,1.441,1.334,0,0,0,16.136
183,0.623,0,0,2.853,2.161,1.445,1.34,0,0,0,16.115
184,0.623,0,0,2.83,2.164,1.445,1.341,0,0,0,16.094
185,0.622,0,0,2.808,2.161,1.451,1.338,0,0,0,16.073
186,0.621,0,0,2.785,2.158,1.445,1.339,0,0,0,16.052
187,0.62,0,0,2.762,2.156,1.451,1.333,0,0,0,16.031
188,0.628,0,0,2.74,2.154,1.441,1.334,0,0,0,16.009
189,0.628,0,0,2.717,2.152,1.445,1.336,0,0,0,15.987
190,0.628,0,0,2.695,2.15,1.451,1.342,0,0,0,15.964
191,0.627,0,0,2.672,2.148,1.441,1.337,0,0,0,15.941
192,0.628,0,0,2.649,2.146,1.451,1.335,0,0,0,15.919
193,0.628,0,0,2.626,2.144,1.451,1.337,0,0,0,15.895
194,0.627,0,0,2.603,2.143,1.46,1.332,0,0,0,15.873
195,0.627,0,0,2.58,2.141,1.451,1.335,0,0,0,15.85
196,0.626,0,0,2.558,2.139,1.442,1.331,0,0,0,15.827
197,0.627,0,0,2.534,2.137,1.445,1.336,0,0,0,15.804
198,0.626,0,0,2.512,2.135,1.451,1.342,0,0,0,15.782
199,0.626,0,0,2.488,2.133,1.451,1.321,0,0,0,15.758
200,0.626,0,0,2.466,2.131,1.445,1.333,0,0,0,15.736
201,0.625,0,0,2.442,2.129,1.445,1.329,0,0,0,15.713
202,0.625,0,0,2.42,2.127,1.445,1.323,0,0,0,15.69
203,0.625,0,0,2.397,2.126,1.445,1.326,0,0,0,15.667
204,0.624,0,0,2.374,2.124,1.451,1.318,0,0,0,15.645
205,0.625,0,0,2.351,2.123,1.451,1.337,0,0,0,15.621
206,0.623,0,0,2.328,2.122,1.451,1.318,0,0,0,15.599
207,0.623,0,0,2.305,2.12,1.445,1.322,0,0,0,15.576
208,0.622,0,0,2.282,2.12,1.442,1.318,0,0,0,15.553
209,0.621,0,0,2.259,2.119,1.451,1.323,0,0,0,15.53
210,0.622,0,0,2.236,2.119,1.451,1.314,0,0,0,15.508
211,0.623,0,0,2.214,2.118,1.445,1.301,0,0,0,15.484
212,0.623,0,0,2.191,2.118,1.445,1.312,0,0,0,15.464
213,0.623,0,0,2.168,2.118,1.445,1.311,0,0,0,15.445
214,0.623,0,0,2.145,2.119,1.426,1.311,0,0,0,15.425
215,0.623,0,0,2.122,2.119,1.445,1.32,0,0,0,15.405
216,0.622,0,0,2.1,2.12,1.451,1.326,0,0,0,15.386
217,0.622,0,0,2.076,2.121,1.445,1.32,0,0,0,15.366
218,0.621,0,0,2.054,2.123,1.44,1.321,0,0,0,15.344
219,0.62,0,0,2.032,2.124,1.442,1.329,0,0,0,15.323
220,0.619,0,0,2.008,2.126,1.445,1.329,0,0,0,15.302
221,0.618,0,0,1.986,2.128,1.445,1.318,0,0,0,15.282
222,0.616,0,0,1.964,2.13,1.442,1.327,0,0,0,15.261
223,0.615,0,0,1.94,2.132,1.441,1.317,0,0,0,15.24
224,0.615,0,0,1.918,2.131,1.445,1.311,0,0,0,15.22
225,0.613,0,0,1.896,2.128,1.451,1.327,0,0,0,15.199
226,0.614,0,0,1.873,2.126,1.44,1.305,0,0,0,15.181
227,0.612,0,0,1.85,2.123,1.445,1.295,0,0,0,15.165
228,0.611,0,0,1.828,2.122,1.442,1.299,0,0,0,15.152
229,0.61,0,0,1.805,2.12,1.445,1.291,0,0,0,15.14
230,0.61,0,0,1.783,2.118,1.445,1.294,0,0,0,15.128
231,0.608,0,0,1.76,2.116,1.445,1.288,0,0,0,15.116
232,0.608,0,0,1.738,2.114,1.426,1.281,0,0,0,15.104
233,0.607,0,0,1.715,2.112,1.442,1.284,0,0,0,15.091
234,0.606,0,0,1.692,2.111,1.451,1.283,0,0,0,15.079
235,0.605,0,0,1.67,2.109,1.445,1.278,0,0,0,15.067
236,0.605,0,0,1.648,2.107,1.392,1.278,0,0,0,15.055
237,0.602,0,0,1.626,2.105,1.445,1.281,0,0,0,15.039
238,0.602,0,0,1.603,2.103,1.445,1.268,0,0,0,15.024
239,0.601,0,0,1.581,2.101,1.441,1.274,0,0,0,15.009
240,0.601,0,0,1.559,2.099,1.44,1.262,0,0,0,14.994
241,0.6,0,0,1.536,2.098,1.445,1.265,0,0,0,14.98
242,0.6,0,0,1.514,2.096,1.451,1.257,0,0,0,14.966
243,0.6,0,0,1.492,2.094,1.451,1.257,0,0,0,14.952
244,0.6,0,4,1.469,2.093,1.442,1.251,0,0,0,14.938
245,0.6,0,1,1.447,2.091,1.441,1.256,0,0,0,14.925
246,0.599,0,5,1.425,2.09,1.445,1.245,0,0,0,14.911
247,0.599,0,4,1.402,2.089,1.451,1.243,0,0,0,14.898
248,0.599,0,2,1.38,2.09,1.441,1.244,0,0,0,14.885
249,0.6,0,3,1.358,2.089,1.451,1.241,0,0,0,14.872
250,0.599,0,4,1.336,2.089,1.445,1.236,0,0,0,14.858
251,0.599,0,4,1.315,2.09,1.392,1.225,0,0,0,14.843
252,0.599,0,2,1.294,2.09,1.445,1.22,0,0,0,14.828
253,0.599,0,4,1.273,2.09,1.412,1.218,0,0,0,14.814
254,0.599,0,2,1.253,2.092,1.401,1.208,0,0,0,14.798
255,0.598,0,5,1.233,2.093,1.445,1.209,0,0,0,14.785
256,0.599,0,5,1.213,2.094,1.445,1.201,0,0,0,14.773
257,0.598,0,5,1.193,2.096,1.401,1.197,0,0,0,14.762
258,0.598,0,6,1.174,2.097,1.445,1.198,0,0,0,14.75
259,0.598,0,9,1.156,2.099,1.441,1.184,0,0,0,14.738
260,0.597,0,9,1.137,2.101,1.445,1.185,0,0,0,14.726
261,0.598,0,9,1.119,2.103,1.44,1.174,0,0,0,14.714
262,0.598,0,9,1.101,2.105,1.451,1.166,0,0,0,14.702
263,0.597,0,9,1.084,2.104,1.445,1.159,0,0,0,14.691
264,0.598,0,9,1.067,2.101,1.392,1.151,0,0,0,14.679
265,0.598,0,9,1.05,2.099,1.392,1.151,0,0,0,14.666
266,0.598,0,10,1.033,2.096,1.392,1.142,0,0,0,14.655
267,0.598,0,10,1.017,2.094,1.451,1.144,0,0,0,14.642
268,0.598,0,11,1.0,2.093,1.392,1.135,0,0,0,14.629
269,0.598,0,13,0.985,2.091,1.392,1.133,0,0,0,14.616
270,0.598,0,14,0.969,2.089,1.392,1.121,0,0,0,14.604
271,0.598,0,14,0.954,2.088,1.445,1.118,0,0,0,14.592
272,0.597,0,17,0.939,2.086,1.445,1.119,0,0,0,14.579
273,0.598,0,17,0.924,2.084,1.451,1.11,0,0,0,14.567
274,0.598,0,18,0.909,2.083,1.445,1.102,0,0,0,14.555
275,0.598,0,18,0.895,2.081,1.392,1.099,0,0,0,14.543
276,0.597,0,18,0.881,2.079,1.392,1.097,0,0,0,14.53
277,0.598,0,19,0.867,2.078,1.392,1.087,0,0,0,14.518
278,0.598,0,18,0.853,2.076,1.392,1.082,0,0,0,14.507
279,0.598,0,18,0.84,2.074,1.392,1.081,0,0,0,14.495
280,0.598,0,17,0.827,2.073,1.401,1.069,0,0,0,14.483
281,0.598,0,17,0.814,2.071,1.392,1.066,0,0,0,14.471
282,0.598,0,15,0.801,2.069,1.392,1.057,0,0,0,14.46
283,0.598,0,19,0.789,2.068,1.392,1.053,0,0,0,14.449
284,0.598,0,19,0.776,2.067,1.392,1.049,0,0,0,14.438
285,0.598,0,18,0.764,2.066,1.392,1.043,0,0,0,14.426
286,0.598,0,20,0.752,2.065,1.332,1.034,0,0,0,14.415
287,0.598,0,19,0.741,2.065,1.332,1.031,0,0,0,14.408
288,0.598,0,20,0.729,2.064,1.332,1.025,0,0,0,14.402
289,0.598,0,18,0.718,2.064,1.332,1.017,0,0,0,14.395
290,0.597,0,19,0.707,2.064,1.332,1.019,0,0,0,14.39
291,0.598,0,19,0.696,2.063,1.332,1.008,0,0,0,14.384
292,0.598,0,18,0.685,2.064,1.332,0.996,0,0,0,14.378
293,0.598,0,18,0.674,2.064,1.442,0.993,0,0,0,14.373
294,0.598,0,18,0.664,2.064,1.442,1.008,0,0,0,14.368
295,0.598,0,18,0.654,2.065,1.442,1.013,0,0,0,14.363
296,0.598,0,19,0.644,2.066,1.442,1.009,0,0,0,14.358
297,0.598,0,17,0.634,2.067,1.442,1.01,0,0,0,14.353
298,0.598,0,16,0.624,2.068,1.442,1.003,0,0,0,14.349
299,0.598,0,16,0.614,2.069,1.442,1.008,0,0,0,14.344
300,0.598,0,15,0.605,2.071,1.442,1.003,0,0,0,14.339
301,0.598,0,14,0.595,2.073,1.442,0.999,0,0,0,14.335
302,0.597,0,12,0.586,2.074,1.442,0.997,0,0,0,14.331
303,0.598,0,14,0.577,2.076,1.442,0.992,0,0,0,14.327
304,0.598,0,13,0.568,2.078,1.401,0.983,0,0,0,14.323
305,0.598,0,14,0.559,2.081,1.442,0.982,0,0,0,14.318
306,0.598,0,13,0.55,2.082,1.442,0.983,0,0,0,14.314
307,0.597,0,13,0.541,2.085,1.442,0.971,0,0,0,14.31
308,0.598,0,13,0.532,2.088,1.401,0.971,0,0,0,14.307
309,0.598,0,14,0.521,2.081,1.401,0.961,0,0,0,14.303
310,0.598,0,11,0.507,2.069,1.442,0.958,0,0,0,14.3
311,0.599,0,11,0.493,2.056,1.401,0.947,0,0,0,14.297
312,0.598,0,10,0.479,2.044,1.401,0.937,0,0,0,14.292
313,0.598,0,13,0.467,2.033,1.401,0.933,0,0,0,14.29
314,0.598,0,13,0.454,2.021,1.401,0.931,0,0,0,14.287
315,0.597,0,15,0.441,2.01,1.442,0.926,0,0,0,14.284
316,0.597,0,16,0.43,1.999,1.445,0.917,0,0,0,14.282
317,0.597,0,15,0.418,1.988,1.401,0.912,0,0,0,14.279
318,0.597,0,17,0.407,1.978,1.442,0.907,0,0,0,14.277
319,0.597,0,18,0.396,1.967,1.401,0.909,0,0,0,14.275
320,0.597,0,18,0.386,1.957,1.401,0.893,0,0,0,14.273
321,0.597,0,20,0.376,1.947,1.401,0.896,0,0,0,14.27
322,0.597,0,21,0.367,1.936,1.445,0.89,0,0,0,14.268
323,0.597,0,21,0.358,1.927,1.401,0.879,0,0,0,14.266
324,0.598,0,19,0.35,1.917,1.401,0.875,0,0,0,14.265
325,0.597,0,21,0.342,1.908,1.445,0.867,0,0,0,14.264
326,0.598,0,21,0.335,1.898,1.401,0.846,0,0,0,14.262
327,0.598,0,17,0.328,1.889,1.406,0.825,0,0,0,14.261
328,0.598,0,17,0.322,1.88,1.401,0.825,0,0,0,14.26
329,0.598,0,18,0.315,1.873,1.445,0.827,0,0,0,14.259
330,0.598,0,15,0.31,1.864,1.445,0.814,0,0,0,14.258
331,0.598,0,15,0.303,1.857,1.406,0.815,0,0,0,14.258
332,0.598,0,15,0.298,1.849,1.401,0.806,0,0,0,14.257
333,0.598,0,16,0.291,1.841,1.445,0.802,0,0,0,14.257
334,0.597,0,14,0.286,1.835,1.442,0.799,0,0,0,14.257
335,0.598,0,15,0.279,1.828,1.406,0.798,0,0,0,14.257
336,0.598,0,14,0.273,1.821,1.406,0.794,0,0,0,14.258
337,0.598,0,15,0.267,1.815,1.445,0.79,0,0,0,14.258
338,0.598,0,16,0.261,1.809,1.401,0.782,0,0,0,14.258
339,0.597,0,17,0.255,1.804,1.445,0.787,0,0,0,14.259
340,0.597,0,17,0.249,1.798,1.445,0.778,0,0,0,14.258
341,0.598,0,17,0.242,1.793,1.445,0.771,0,0,0,14.258
342,0.598,0,20,0.237,1.788,1.401,0.772,0,0,0,14.258
343,0.598,0,17,0.23,1.783,1.406,0.767,0,0,0,14.258
344,0.598,0,21,0.225,1.779,1.442,0.756,0,0,0,14.259
345,0.598,0,19,0.218,1.776,1.406,0.762,0,0,0,14.259
346,0.598,0,19,0.211,1.771,1.442,0.747,0,0,0,14.259
347,0.598,0,19,0.204,1.768,1.406,0.751,0,0,0,14.26
348,0.598,0,20,0.197,1.765,1.442,0.747,0,0,0,14.26
349,0.598,0,20,0.189,1.762,1.406,0.738,0,0,0,14.26
350,0.598,0,20,0.181,1.759,1.406,0.74,0,0,0,14.261
351,0.598,0,22,0.173,1.757,1.445,0.736,0,0,0,14.261
352,0.598,0,21,0.166,1.754,1.445,0.726,0,0,0,14.263
353,0.598,0,20,0.158,1.752,1.406,0.731,0,0,0,14.263
354,0.598,0,24,0.15,1.751,1.445,0.721,0,0,0,14.264
355,0.598,0,18,0.143,1.75,1.406,0.72,0,0,0,14.265
356,0.598,0,17,0.136,1.748,1.406,0.719,0,0,0,14.266
357,0.599,0,20,0.129,1.748,1.406,0.72,0,0,0,14.267
358,0.599,0,15,0.122,1.747,1.406,0.716,0,0,0,14.268
359,0.599,0,18,0.116,1.747,1.445,0.713,0,0,0,14.269
360,0.598,0,20,0.11,1.747,1.406,0.706,0,0,0,14.271
361,0.599,0,19,0.104,1.747,1.445,0.701,0,0,0,14.272
362,0.598,0,18,0.099,1.748,1.406,0.701,0,0,0,14.274
363,0.598,0,18,0.093,1.748,1.442,0.696,0,0,0,14.275
364,0.599,0,19,0.088,1.749,1.445,0.699,0,0,0,14.276
365,0.599,0,23,0.084,1.75,1.442,0.688,0,0,0,14.277
366,0.599,0,21,0.08,1.751,1.406,0.691,0,0,0,14.278
367,0.599,0,24,0.075,1.753,1.416,0.685,0,0,0,14.279
368,0.598,0,22,0.068,1.755,1.406,0.676,0,0,0,14.281
369,0.599,0,21,0.063,1.758,1.452,0.682,0,0,0,14.283
370,0.599,0,24,0.057,1.76,1.406,0.674,0,0,0,14.284
371,0.599,0,25,0.054,1.762,1.416,0.67,0,0,0,14.285
372,0.599,0,18,0.052,1.765,1.445,0.671,0,0,0,14.286
373,0.599,0,17,0.05,1.768,1.416,0.669,0,0,0,14.288
374,0.599,0,17,0.05,1.771,1.416,0.669,0,0,0,14.289
375,0.599,0,12,0.05,1.775,1.401,0.662,0,0,0,14.29
376,0.599,0,20,0.049,1.778,1.452,0.659,0,0,0,14.291
377,0.599,0,18,0.05,1.782,1.416,0.657,0,0,0,14.293
378,0.599,0,16,0.05,1.786,1.406,0.651,0,0,0,14.294
379,0.599,0,14,0.05,1.79,1.445,0.652,0,0,0,14.295
380,0.599,0,17,0.05,1.794,1.416,0.644,0,0,0,14.296
381,0.599,0,16,0.05,1.806,1.416,0.645,0,0,0,14.297
382,0.599,0,12,0.05,1.817,1.406,0.642,0,0,0,14.298
383,0.599,0,13,0.05,1.828,1.416,0.646,0,0,0,14.299
384,0.599,0,15,0.05,1.833,1.416,0.643,0,0,0,14.3
385,0.599,0,16,0.05,1.845,1.406,0.642,0,0,0,14.302
386,0.599,0,16,0.05,1.857,1.406,0.641,0,0,0,14.303
387,0.599,0,12,0.05,1.868,1.452,0.636,0,0,0,14.303
388,0.599,0,8,0.05,1.88,1.445,0.64,0,0,0,14.304
389,0.599,0,10,0.05,1.891,1.406,0.636,0,0,0,14.305
390,0.599,0,17,0.05,1.903,1.452,0.633,0,0,0,14.305
391,0.599,0,10,0.05,1.915,1.368,0.634,0,0,0,14.306
392,0.599,0,10,0.05,1.92,1.416,0.638,0,0,0,14.306
393,0.599,0,16,0.05,1.932,1.368,0.634,0,0,0,14.306
394,0.599,0,13,0.05,1.944,1.416,0.639,0,0,0,14.307
395,0.599,0,17,0.05,1.956,1.416,0.634,0,1,1,14.308
396,0.599,0,14,0.05,1.967,1.36,0.639,0,0,0,14.308
397,0.599,0,14,0.05,1.98,1.401,0.634,0,1,1,14.308
398,0.599,0,14,0.05,1.991,1.401,0.64,0,1,2,14.309
399,0.599,0,18,0.05,2.0,1.416,0.638,0,1,3,14.309
400,0.599,0,14,0.05,2.012,1.416,0.634,0,1,4,14.31
401,0.599,0,18,0.05,2.025,1.452,0.637,0,1,5,14.31
402,0.599,0,16,0.05,2.037,1.452,0.631,0,1,6,14.311
403,0.599,0,13,0.05,2.049,1.416,0.634,0,1,7,14.312
404,0.599,0,17,0.05,2.061,1.416,0.634,0,1,8,14.313
405,0.599,0,16,0.05,2.071,1.452,0.641,0,1,9,14.314
406,0.599,0,15,0.05,2.082,1.416,0.636,0,1,10,14.315
407,0.599,0,20,0.05,2.081,1.416,0.63,0,1,11,14.315
408,0.599,0,20,0.05,2.078,1.416,0.631,0,1,12,14.317
409,0.599,0,14,0.05,2.075,1.416,0.631,0,1,13,14.318
410,0.599,0,13,0.05,2.073,1.416,0.631,0,0,0,14.318
411,0.599,0,18,0.05,2.07,1.416,0.631,0,0,0,14.318
412,0.599,0,17,0.05,2.067,1.416,0.631,0,0,0,14.318
413,0.599,0,20,0.05,2.065,1.416,0.628,0,0,0,14.319
414,0.599,0,15,0.05,2.063,1.416,0.629,0,0,0,14.319
415,0.599,0,15,0.05,2.062,1.416,0.63,0,0,0,14.319
416,0.599,0,14,0.05,2.061,1.465,0.631,0,0,0,14.318
417,0.599,0,20,0.05,2.06,1.416,0.623,0,0,0,14.318
418,0.599,0,14,0.05,2.059,1.416,0.627,0,1,1,14.317
419,0.599,0,13,0.05,2.06,1.416,0.622,0,0,0,14.316
420,0.599,0,12,0.05,2.059,1.416,0.624,0,0,0,14.316
421,0.599,0,13,0.05,2.059,1.416,0.624,0,0,0,14.316
422,0.599,0,15,0.05,2.059,1.416,0.617,0,0,0,14.315
423,0.599,0,11,0.049,2.06,1.416,0.621,0,0,0,14.314
424,0.599,0,13,0.05,2.062,1.416,0.616,0,0,0,14.313
425,0.599,0,14,0.05,2.063,1.416,0.611,0,0,0,14.312
426,0.599,0,16,0.05,2.064,1.416,0.615,0,0,0,14.311
427,0.599,0,18,0.05,2.066,1.416,0.61,0,0,0,14.31
428,0.599,0,14,0.05,2.068,1.416,0.604,0,0,0,14.308
429,0.599,0,11,0.049,2.07,1.431,0.603,0,0,0,14.307
430,0.599,0,18,0.05,2.073,1.416,0.603,0,0,0,14.306
431,0.599,0,16,0.05,2.075,1.416,0.605,0,0,0,14.304
432,0.599,0,23,0.05,2.078,1.416,0.598,0,1,1,14.302
433,0.599,0,18,0.05,2.082,1.465,0.599,0,0,0,14.308
434,0.599,0,17,0.05,2.086,1.465,0.599,0,0,0,14.315
435,0.599,0,14,0.05,2.09,1.381,0.594,0,0,0,14.322
436,0.599,0,14,0.05,2.094,1.416,0.593,0,1,1,14.329
437,0.599,0,21,0.05,2.098,1.416,0.595,0,0,0,14.337
438,0.599,0,19,0.049,2.103,1.431,0.593,0,0,0,14.344
439,0.599,0,13,0.049,2.107,1.381,0.594,0,1,1,14.351
440,0.599,0,17,0.05,2.113,1.465,0.589,0,0,0,14.358
441,0.599,0,16,0.05,2.118,1.431,0.587,0,0,0,14.366
442,0.599,0,16,0.05,2.124,1.416,0.59,0,1,1,14.374
443,0.599,0,20,0.05,2.13,1.431,0.583,0,0,0,14.381
444,0.599,0,13,0.05,2.136,1.431,0.584,0,2,1,14.388
445,0.599,0,15,0.05,2.142,1.431,0.584,0,0,0,14.396
446,0.599,0,16,0.05,2.149,1.431,0.58,0,2,1,14.403
447,0.599,0,13,0.05,2.156,1.431,0.578,0,1,2,14.41
448,0.599,0,17,0.05,2.163,1.431,0.578,0,0,0,14.417
449,0.599,0,20,0.05,2.171,1.431,0.579,0,2,1,14.424
450,0.599,0,16,0.05,2.178,1.431,0.58,0,1,2,14.431
451,0.599,0,16,0.05,2.186,1.431,0.575,0,2,3,14.438
452,0.599,0,22,0.049,2.194,1.381,0.57,0,1,4,14.445
453,0.599,0,23,0.05,2.202,1.431,0.571,0,2,5,14.451
454,0.599,0,24,0.05,2.211,1.399,0.569,0,3,6,14.458
455,0.599,0,22,0.05,2.22,1.431,0.557,0,1,7,14.464
456,0.599,0,17,0.05,2.229,1.399,0.566,0,3,8,14.471
457,0.599,0,16,0.05,2.238,1.399,0.56,0,3,9,14.477
458,0.599,0,19,0.05,2.248,1.381,0.559,0,1,10,14.483
459,0.599,0,15,0.05,2.257,1.431,0.558,0,2,11,14.489
460,0.599,0,18,0.05,2.267,1.381,0.558,0,2,12,14.495
461,0.599,0,15,0.05,2.277,1.431,0.561,0,1,13,14.501
462,0.599,0,17,0.05,2.287,1.401,0.551,0,2,14,14.507
463,0.599,0,18,0.05,2.297,1.399,0.557,0,2,15,14.512
464,0.599,0,16,0.05,2.308,1.431,0.553,0,1,16,14.516
465,0.599,0,17,0.05,2.319,1.401,0.564,0,2,17,14.521
466,0.599,0,20,0.05,2.33,1.431,0.551,0,2,18,14.526
467,0.599,0,17,0.05,2.341,1.399,0.55,0,1,19,14.531
468,0.599,0,20,0.05,2.353,1.401,0.55,0,2,20,14.535
469,0.599,0,22,0.05,2.364,1.399,0.548,0,2,21,14.54
470,0.599,0,21,0.05,2.376,1.431,0.549,0,2,22,14.544
471,0.599,0,18,0.05,2.388,1.399,0.547,0,2,23,14.548
472,0.599,0,18,0.05,2.401,1.401,0.544,0,1,24,14.553
473,0.599,0,19,0.049,2.413,1.381,0.547,0,2,25,14.557
474,0.599,0,18,0.05,2.425,1.399,0.545,0,2,26,14.561
475,0.599,0,18,0.05,2.438,1.401,0.546,0,2,27,14.565
476,0.599,0,20,0.05,2.451,1.399,0.546,0,2,28,14.569
477,0.599,0,14,0.05,2.464,1.399,0.545,0,2,29,14.573
478,0.599,0,16,0.05,2.478,1.431,0.551,0,1,30,14.577
479,0.599,0,14,0.05,2.491,1.401,0.548,0,2,31,14.581
480,0.599,0,10,0.05,2.504,1.399,0.54,0,3,32,14.585
481,0.599,0,19,0.05,2.518,1.431,0.542,0,2,33,14.589
482,0.599,0,15,0.05,2.532,1.399,0.539,0,2,34,14.593
483,0.599,0,13,0.05,2.546,1.406,0.535,0,3,35,14.597
484,0.599,0,18,0.05,2.56,1.406,0.538,0,4,36,14.602
485,0.599,0,14,0.05,2.574,1.381,0.535,0,3,37,14.606
486,0.599,0,14,0.05,2.593,1.406,0.537,0,4,38,14.61
487,0.599,0,15,0.05,2.607,1.416,0.532,0,3,39,14.614
488,0.599,0,17,0.05,2.625,1.431,0.538,0,3,40,14.618
489,0.599,0,17,0.05,2.643,1.399,0.53,0,4,41,14.622
490,0.599,0,12,0.05,2.657,1.452,0.537,0,3,42,14.626
491,0.599,0,12,0.05,2.676,1.431,0.536,0,3,43,14.63
492,0.599,0,16,0.05,2.68,1.368,0.533,0,2,44,14.634
493,0.599,0,10,0.05,2.681,1.452,0.527,0,4,45,14.638
494,0.599,0,20,0.05,2.682,1.37,0.528,0,2,46,14.641
495,0.599,0,10,0.05,2.682,1.399,0.531,0,4,47,14.645
496,0.599,0,17,0.05,2.683,1.452,0.525,0,4,48,14.649
497,0.599,0,15,0.05,2.684,1.368,0.527,0,2,49,14.653
498,0.599,0,15,0.05,2.685,1.416,0.523,0,5,50,14.656
499,0.599,0,16,0.05,2.686,1.399,0.523,0,3,51,14.66
500,0.599,0,17,0.05,2.688,1.451,0.53,0,4,52,14.664
501,0.599,0,16,0.05,2.689,1.416,0.52,0,3,53,14.668
502,0.599,0,16,0.05,2.69,1.399,0.518,0,3,54,14.672
503,0.599,0,14,0.05,2.691,1.416,0.515,0,2,55,14.676
504,0.599,0,16,0.05,2.692,1.368,0.52,0,5,56,14.679
505,0.599,0,12,0.05,2.689,1.399,0.517,0,3,57,14.683
506,0.6,0,12,0.05,2.686,1.416,0.522,0,4,58,14.687
507,0.599,0,14,0.05,2.682,1.368,0.514,0,4,59,14.691
508,0.599,0,13,0.05,2.679,1.416,0.512,0,4,60,14.694
509,0.599,0,12,0.05,2.676,1.422,0.515,0,3,61,14.698
510,0.599,0,14,0.05,2.673,1.399,0.512,0,4,62,14.702
511,0.599,0,13,0.05,2.67,1.416,0.508,0,1,1,14.706
512,0.599,0,11,0.05,2.667,1.401,0.509,0,4,2,14.709
513,0.599,0,13,0.05,2.664,1.37,0.511,0,1,3,14.713
514,0.599,0,9,0.05,2.66,1.416,0.51,0,4,4,14.717
515,0.599,0,12,0.05,2.657,1.368,0.512,0,1,5,14.722
516,0.599,0,12,0.05,2.654,1.416,0.509,0,2,6,14.726
517,0.599,0,14,0.05,2.651,1.37,0.507,0,2,7,14.729
518,0.599,0,17,0.05,2.647,1.401,0.504,0,2,8,14.733
519,0.599,0,17,0.05,2.644,1.381,0.504,0,2,9,14.737
520,0.599,0,13,0.05,2.641,1.401,0.508,0,3,10,14.741
521,0.599,0,15,0.05,2.637,1.401,0.503,0,2,11,14.745
522,0.599,0,12,0.05,2.633,1.401,0.503,0,1,12,14.749
523,0.599,0,15,0.05,2.63,1.392,0.505,0,2,13,14.753
524,0.599,0,12,0.05,2.627,1.401,0.498,0,2,14,14.756
525,0.599,0,9,0.05,2.623,1.401,0.501,0,3,15,14.761
526,0.599,0,14,0.05,2.62,1.422,0.508,0,2,16,14.765
527,0.599,0,13,0.05,2.616,1.401,0.509,0,2,17,14.769
528,0.599,0,11,0.05,2.612,1.422,0.513,0,3,18,14.773
529,0.599,0,12,0.05,2.609,1.401,0.505,0,4,19,14.777
530,0.599,0,11,0.05,2.605,1.422,0.511,0,2,20,14.78
531,0.599,0,13,0.05,2.601,1.392,0.507,0,2,21,14.784
532,0.599,0,7,0.05,2.598,1.401,0.51,0,4,22,14.788
533,0.599,0,14,0.05,2.594,1.392,0.506,0,4,23,14.791
534,0.599,0,11,0.05,2.59,1.422,0.506,0,4,24,14.795
535,0.599,0,14,0.05,2.586,1.401,0.504,0,4,25,14.799
536,0.599,0,12,0.05,2.583,1.392,0.507,0,4,26,14.803
537,0.599,0,13,0.05,2.578,1.381,0.502,0,4,27,14.807
538,0.599,0,8,0.049,2.575,1.401,0.508,0,5,28,14.811
539,0.599,0,16,0.05,2.57,1.416,0.506,0,4,29,14.815
540,0.599,0,9,0.05,2.567,1.401,0.505,0,4,30,14.818
541,0.599,0,13,0.05,2.562,1.392,0.505,0,4,31,14.822
542,0.6,0,12,0.05,2.559,1.401,0.506,0,4,32,14.826
543,0.599,0,15,0.05,2.554,1.392,0.501,0,5,33,14.829
544,0.599,0,14,0.05,2.55,1.416,0.506,0,4,34,14.833
545,0.599,0,11,0.05,2.546,1.392,0.501,0,4,35,14.837
546,0.599,0,14,0.05,2.542,1.401,0.507,0,3,36,14.842
547,0.599,0,12,0.05,2.538,1.422,0.503,0,3,37,14.846
548,0.599,0,12,0.05,2.533,1.381,0.506,0,4,38,14.849
549,0.599,0,9,0.05,2.531,1.332,0.513,0,3,39,14.853
550,0.599,0,15,0.05,2.526,1.396,0.518,0,3,40,14.857
551,0.599,0,11,0.05,2.522,1.381,0.51,0,3,41,14.861
552,0.599,0,12,0.05,2.518,1.381,0.516,0,4,42,14.865
553,0.599,0,16,0.05,2.515,1.385,0.513,0,2,43,14.868
554,0.599,0,14,0.05,2.512,1.381,0.505,0,3,44,14.873
555,0.599,0,14,0.05,2.508,1.422,0.507,0,2,45,14.877
556,0.599,0,15,0.05,2.505,1.399,0.513,0,2,46,14.881
557,0.599,0,13,0.05,2.501,1.385,0.509,0,4,47,14.884
558,0.599,0,11,0.05,2.497,1.381,0.511,0,1,48,14.888
559,0.6,0,13,0.05,2.495,1.381,0.509,0,2,49,14.891
560,0.599,0,10,0.049,2.491,1.381,0.512,0,2,50,14.895
561,0.599,0,13,0.05,2.49,1.399,0.505,0,3,51,14.898
562,0.599,0,8,0.05,2.49,1.381,0.512,0,3,52,14.903
563,0.596,0,12,0.05,2.489,1.381,0.518,0,1,53,14.906
564,0.598,0,15,0.05,2.489,1.422,0.515,0,2,54,14.909
565,0.599,0,15,0.049,2.489,1.381,0.518,0,3,55,14.913
566,0.599,0,15,0.05,2.488,1.399,0.519,0,2,56,14.916
567,0.599,0,13,0.05,2.488,1.385,0.531,0,1,57,14.919
568,0.599,0,15,0.05,2.488,1.381,0.523,0,2,58,14.923
569,0.599,0,14,0.05,2.488,1.381,0.521,0,4,59,14.927
570,0.599,0,9,0.05,2.489,1.399,0.522,0,2,60,14.931
571,0.599,0,15,0.05,2.489,1.381,0.525,0,2,61,14.934
572,0.599,0,13,0.05,2.489,1.385,0.523,0,3,62,14.937
573,0.599,0,14,0.05,2.49,1.405,0.515,0,3,63,14.939
574,0.599,0,15,0.05,2.491,1.381,0.525,0,2,64,14.942
575,0.599,0,13,0.05,2.491,1.399,0.518,0,3,65,14.944
576,0.599,0,9,0.05,2.492,1.381,0.522,0,4,66,14.947
577,0.599,0,11,0.05,2.493,1.381,0.521,0,3,67,14.95
578,0.599,0,8,0.05,2.494,1.381,0.515,0,3,68,14.953
579,0.599,0,10,0.05,2.495,1.381,0.52,0,3,69,14.955
580,0.599,0,12,0.05,2.496,1.381,0.527,0,4,70,14.957
581,0.599,0,16,0.05,2.497,1.401,0.521,0,4,71,14.96
582,0.599,0,11,0.05,2.498,1.442,0.527,0,2,72,14.962
583,0.599,0,11,0.05,2.492,1.381,0.522,0,4,73,14.965
584,0.599,0,16,0.05,2.484,1.401,0.535,0,5,74,14.967
585,0.599,0,16,0.05,2.476,1.401,0.533,0,3,75,14.97
586,0.599,0,11,0.05,2.469,1.401,0.538,0,3,76,14.973
587,0.599,0,14,0.05,2.461,1.401,0.543,0,4,77,14.975
588,0.599,0,11,0.05,2.454,1.442,0.545,0,5,78,14.977
589,0.599,0,16,0.05,2.446,1.44,0.548,0,3,79,14.98
590,0.599,0,17,0.05,2.439,1.401,0.55,0,3,80,14.982
591,0.599,0,15,0.05,2.432,1.426,0.548,0,4,81,14.984
592,0.599,0,14,0.05,2.425,1.441,0.553,0,4,82,14.986
593,0.599,0,8,0.05,2.419,1.401,0.552,0,4,83,14.99
594,0.599,0,13,0.05,2.413,1.405,0.549,0,3,84,14.992
595,0.599,0,16,0.05,2.407,1.445,0.553,0,4,85,14.994
596,0.599,0,9,0.05,2.401,1.441,0.554,0,4,86,14.997
597,0.599,0,11,0.05,2.396,1.401,0.554,0,4,87,14.999
598,0.599,0,12,0.05,2.389,1.451,0.558,0,3,88,15.001
599,0.599,0,13,0.05,2.384,1.441,0.56,0,4,89,15.003
600,0.599,0,11,0.05,2.379,1.401,0.553,0,3,90,15.006
601,0.599,0,17,0.05,2.374,1.405,0.563,0,4,91,15.009
602,0.599,0,15,0.05,2.369,1.445,0.567,0,4,92,15.011
603,0.599,0,18,0.05,2.366,1.405,0.571,0,3,93,15.013
604,0.599,0,13,0.05,2.362,1.445,0.57,0,4,94,15.015
605,0.599,0,17,0.05,2.358,1.445,0.57,0,5,95,15.015
606,0.599,0,15,0.05,2.355,1.422,0.568,0,5,96,15.016
607,0.599,0,16,0.05,2.353,1.385,0.573,0,5,97,15.017
608,0.599,0,13,0.05,2.351,1.451,0.572,0,6,98,15.018
609,0.599,0,16,0.05,2.349,1.406,0.571,0,7,99,15.019
610,0.599,0,16,0.05,2.347,1.406,0.571,0,6,100,15.02
611,0.599,0,17,0.05,2.346,1.451,0.571,0,6,101,15.02
612,0.599,0,15,0.05,2.345,1.406,0.573,0,7,102,15.021
613,0.599,0,15,0.05,2.345,1.422,0.576,0,8,103,15.021
614,0.599,0,18,0.05,2.345,1.452,0.582,0,7,104,15.021
615,0.599,0,19,0.05,2.345,1.405,0.585,0,5,105,15.021
616,0.599,0,13,0.05,2.327,1.426,0.577,0,8,106,15.022
617,0.599,0,16,0.05,2.307,1.441,0.586,0,6,107,15.022
618,0.599,0,12,0.05,2.287,1.452,0.579,0,8,108,15.022
619,0.599,0,13,0.05,2.267,1.405,0.579,0,7,109,15.022
620,0.599,0,13,0.05,2.248,1.441,0.582,0,9,110,15.022
621,0.599,0,16,0.05,2.228,1.416,0.579,0,5,111,15.022
622,0.599,0,12,0.05,2.21,1.416,0.581,0,8,112,15.022
623,0.599,0,16,0.05,2.191,1.405,0.583,0,6,113,15.023
624,0.599,0,14,0.05,2.173,1.441,0.591,0,7,114,15.023
625,0.599,0,12,0.05,2.155,1.426,0.595,0,7,115,15.023
626,0.6,0,11,0.05,2.136,1.426,0.601,0,8,116,15.024
627,0.599,0,18,0.05,2.118,1.441,0.597,0,6,117,15.024
628,0.599,0,11,0.05,2.1,1.431,0.602,0,7,118,15.024
629,0.599,0,16,0.05,2.083,1.416,0.599,0,7,119,15.025
630,0.599,0,14,0.05,2.066,1.44,0.604,0,7,120,15.025
631,0.599,0,11,0.05,2.048,1.426,0.602,0,5,121,15.025
632,0.599,0,18,0.05,2.031,1.431,0.606,0,9,122,15.025
633,0.599,0,16,0.05,2.013,1.452,0.608,0,5,123,15.026
634,0.599,0,14,0.05,1.996,1.45,0.604,0,8,124,15.026
635,0.599,0,17,0.05,1.979,1.426,0.612,0,7,125,15.026
636,0.599,0,15,0.05,1.962,1.441,0.609,0,5,126,15.026
637,0.599,0,16,0.05,1.946,1.452,0.612,0,8,127,15.026
638,0.599,0,17,0.05,1.929,1.426,0.611,0,5,31,15.027
639,0.599,0,13,0.05,1.912,1.441,0.611,0,6,32,15.027
640,0.599,0,16,0.05,1.896,1.426,0.616,0,7,33,15.027
641,0.599,0,15,0.05,1.88,1.426,0.61,0,6,34,15.027
642,0.599,0,20,0.05,1.863,1.44,0.615,0,6,35,15.028
643,0.599,0,14,0.05,1.848,1.426,0.613,0,5,36,15.028
644,0.599,0,24,0.05,1.832,1.431,0.617,0,4,37,15.028
645,0.599,0,14,0.05,1.816,1.442,0.611,0,5,38,15.029
646,0.599,0,14,0.05,1.8,1.426,0.615,0,4,39,15.029
647,0.599,0,10,0.05,1.785,1.426,0.617,0,6,40,15.03
648,0.599,0,18,0.05,1.769,1.461,0.612,0,5,41,15.03
649,0.599,0,20,0.05,1.755,1.426,0.618,0,4,42,15.03
650,0.599,0,15,0.049,1.739,1.426,0.618,0,5,43,15.03
651,0.599,0,14,0.049,1.725,1.426,0.614,0,4,44,15.03
652,0.599,0,14,0.05,1.71,1.451,0.62,0,6,45,15.03
653,0.599,0,14,0.05,1.696,1.431,0.623,0,3,46,15.03
654,0.599,0,17,0.05,1.681,1.442,0.621,0,6,47,15.03
655,0.599,0,17,0.05,1.667,1.44,0.625,0,4,48,15.03
656,0.599,0,14,0.05,1.653,1.426,0.623,0,4,49,15.03
657,0.598,0,14,0.05,1.639,1.431,0.624,0,4,50,15.03
658,0.599,0,13,0.05,1.626,1.442,0.624,0,6,51,15.03
659,0.598,0,19,0.05,1.612,1.431,0.623,0,3,52,15.031
660,0.599,0,18,0.05,1.599,1.442,0.627,0,5,53,15.031
661,0.599,0,16,0.049,1.586,1.441,0.619,0,5,54,15.031
662,0.599,0,15,0.049,1.573,1.431,0.632,0,3,55,15.031
663,0.599,0,17,0.049,1.56,1.451,0.633,0,5,56,15.031
664,0.599,0,20,0.049,1.549,1.441,0.636,0,4,57,15.031
665,0.599,0,19,0.049,1.536,1.431,0.638,0,5,58,15.031
666,0.599,0,18,0.049,1.524,1.426,0.637,0,4,59,15.03
667,0.599,0,15,0.049,1.512,1.44,0.637,0,4,60,15.03
668,0.599,0,18,0.049,1.501,1.465,0.643,0,6,61,15.03
669,0.599,0,16,0.049,1.489,1.431,0.643,0,5,62,15.03
670,0.599,0,15,0.049,1.478,1.441,0.643,0,5,63,15.029
671,0.599,0,16,0.05,1.466,1.431,0.647,0,4,64,15.029
672,0.599,0,15,0.05,1.457,1.442,0.647,0,5,65,15.03
673,0.599,0,17,0.05,1.446,1.451,0.65,0,3,66,15.03
674,0.599,0,16,0.05,1.435,1.451,0.651,0,5,67,15.029
675,0.599,0,16,0.05,1.425,1.431,0.65,0,4,68,15.028
676,0.599,0,18,0.05,1.415,1.442,0.648,0,5,69,15.027
677,0.599,0,17,0.05,1.406,1.441,0.655,0,4,70,15.026
678,0.599,0,14,0.05,1.396,1.426,0.657,0,4,71,15.025
679,0.599,0,11,0.05,1.388,1.441,0.661,0,4,72,15.024
680,0.599,0,16,0.05,1.379,1.442,0.663,0,5,73,15.023
681,0.599,0,17,0.049,1.37,1.431,0.665,0,4,74,15.021
682,0.599,0,11,0.05,1.362,1.441,0.662,0,4,75,15.021
683,0.599,0,11,0.05,1.354,1.44,0.665,0,6,76,15.02
684,0.599,0,16,0.05,1.346,1.445,0.682,0,3,69,15.019
685,0.599,0,16,0.05,1.339,1.442,0.683,0,2,70,15.018
686,0.599,0,18,0.05,1.332,1.445,0.686,0,5,71,15.017
687,0.599,0,10,0.05,1.325,1.445,0.685,0,3,72,15.015
688,0.599,0,10,0.049,1.319,1.441,0.686,0,3,73,15.014
689,0.599,0,4,0.05,1.313,1.445,0.697,0,1,74,15.014
690,0.599,0,12,0.05,1.307,1.45,0.693,0,4,75,15.013
691,0.599,0,11,0.05,1.301,1.441,0.703,0,2,76,15.012
692,0.599,0,9,0.05,1.295,1.431,0.703,0,2,77,15.01
693,0.599,0,11,0.05,1.29,1.445,0.704,0,4,78,15.008
694,0.599,0,12,0.05,1.285,1.45,0.714,0,2,79,15.004
695,0.6,0,12,0.05,1.281,1.45,0.707,0,3,80,15.002
696,0.599,0,11,0.05,1.277,1.445,0.714,0,1,81,14.998
697,0.599,0,8,0.05,1.273,1.442,0.719,0,2,82,14.994
698,0.599,0,10,0.049,1.269,1.45,0.72,0,2,83,14.991
699,0.599,0,7,0.05,1.267,1.442,0.721,0,2,84,14.986
700,0.599,0,13,0.05,1.264,1.45,0.726,0,3,85,14.983
701,0.599,0,9,0.05,1.262,1.442,0.729,0,4,86,14.978
702,0.599,0,6,0.05,1.259,1.451,0.729,0,3,87,14.975
703,0.599,0,8,0.05,1.258,1.451,0.733,0,4,88,14.97
704,0.599,0,9,0.05,1.257,1.45,0.727,0,7,89,14.966
705,0.599,0,4,0.05,1.255,1.431,0.732,0,3,90,14.961
706,0.599,0,9,0.049,1.255,1.45,0.731,0,3,91,14.958
707,0.599,0,8,0.05,1.235,1.45,0.733,0,5,92,14.956
708,0.599,0,10,0.05,1.214,1.431,0.725,0,5,93,14.952
709,0.599,0,10,0.05,1.194,1.44,0.733,0,4,94,14.949
710,0.599,0,13,0.049,1.173,1.45,0.733,0,4,95,14.946
711,0.599,0,11,0.05,1.154,1.445,0.727,0,7,96,14.943
712,0.599,0,8,0.05,1.134,1.445,0.731,0,4,97,14.938
713,0.599,0,9,0.05,1.114,1.45,0.732,0,5,98,14.935
714,0.599,0,9,0.05,1.095,1.426,0.737,0,6,99,14.932
715,0.599,0,9,0.05,1.075,1.445,0.735,0,5,100,14.928
716,0.6,0,8,0.05,1.057,1.46,0.733,0,5,101,14.924
717,0.599,0,8,0.05,1.037,1.442,0.732,0,7,102,14.92
718,0.599,0,8,0.05,1.019,1.45,0.737,0,3,103,14.915
719,0.599,0,6,0.05,0.999,1.451,0.736,0,5,104,14.91
720,0.599,0,7,0.049,0.98,1.461,0.738,0,3,105,14.905
721,0.599,0,6,0.05,0.961,1.426,0.741,0,4,106,14.9
722,0.599,0,13,0.05,0.941,1.441,0.747,0,3,107,14.894
723,0.599,0,9,0.05,0.921,1.445,0.743,0,6,108,14.888
724,0.599,0,12,0.05,0.9,1.426,0.745,0,5,109,14.882
725,0.599,0,10,0.049,0.88,1.442,0.756,0,3,110,14.876
726,0.599,0,9,0.05,0.86,1.426,0.755,0,3,111,14.869
727,0.599,0,8,0.05,0.839,1.451,0.756,0,4,112,14.863
728,0.599,0,9,0.05,0.819,1.445,0.756,0,6,113,14.855
729,0.599,0,9,0.05,0.799,1.426,0.761,0,4,114,14.849
730,0.599,0,7,0.05,0.779,1.461,0.757,0,4,115,14.841
731,0.599,0,10,0.05,0.759,1.46,0.758,0,5,116,14.833
732,0.599,0,8,0.05,0.739,1.445,0.756,0,6,117,14.824
733,0.599,0,13,0.05,0.719,1.461,0.759,0,4,118,14.814
734,0.599,0,12,0.05,0.699,1.441,0.76,0,6,119,14.804
735,0.599,0,11,0.05,0.679,1.451,0.771,0,4,120,14.794
736,0.599,0,13,0.049,0.659,1.451,0.76,0,6,121,14.783
737,0.599,0,9,0.049,0.639,1.44,0.776,0,5,122,14.773
738,0.599,0,12,0.05,0.62,1.45,0.768,0,5,123,14.761
739,0.599,0,8,0.05,0.601,1.442,0.768,0,5,124,14.75
740,0.599,0,8,0.05,0.581,1.45,0.777,0,6,125,14.738
741,0.599,0,9,0.05,0.562,1.445,0.77,0,6,126,14.724
742,0.599,0,8,0.05,0.542,1.451,0.776,0,4,127,14.71
743,0.599,0,8,0.05,0.523,1.451,0.776,0,7,128,14.693
744,0.6,0,7,0.05,0.504,1.441,0.777,0,5,129,14.677
745,0.599,0,9,0.05,0.485,1.441,0.772,0,6,130,14.66
746,0.6,0,6,0.049,0.466,1.45,0.78,0,7,131,14.644
747,0.599,0,12,0.05,0.447,1.442,0.775,0,5,132,14.627
748,0.599,0,11,0.05,0.428,1.45,0.772,0,6,133,14.611
749,0.599,0,13,0.05,0.411,1.452,0.778,0,5,134,14.594
750,0.599,0,8,0.05,0.392,1.45,0.771,0,6,135,14.577
751,0.599,0,9,0.05,0.373,1.445,0.782,0,8,136,14.561
752,0.599,0,13,0.049,0.356,1.44,0.782,0,4,137,14.544
753,0.599,0,14,0.05,0.338,1.461,0.777,0,7,138,14.528
754,0.599,0,11,0.05,0.32,1.461,0.781,0,5,139,14.512
755,0.599,0,12,0.05,0.303,1.452,0.783,0,7,140,14.496
756,0.599,0,12,0.05,0.286,1.45,0.781,0,5,141,14.478
757,0.599,0,15,0.05,0.268,1.46,0.778,0,7,142,14.462
758,0.599,0,11,0.05,0.252,1.441,0.787,0,6,143,14.446
759,0.599,0,8,0.049,0.235,1.452,0.784,0,6,144,14.43
760,0.599,0,10,0.05,0.22,1.451,0.79,0,6,145,14.412
761,0.599,0,16,0.05,0.204,1.441,0.793,0,5,146,14.396
762,0.599,0,10,0.05,0.189,1.445,0.794,0,5,147,14.38
763,0.599,0,8,0.05,0.174,1.45,0.799,0,6,63,14.363
764,0.599,0,10,0.05,0.16,1.451,0.799,0,5,64,14.347
765,0.599,0,10,0.05,0.146,1.451,0.805,0,6,65,14.331
766,0.599,0,12,0.049,0.133,1.442,0.794,0,6,66,14.314
767,0.599,0,14,0.049,0.121,1.452,0.802,0,6,67,14.297
768,0.6,0,11,0.05,0.109,1.45,0.796,0,5,68,14.281
769,0.599,0,10,0.05,0.098,1.461,0.797,0,5,69,14.264
770,0.599,0,12,0.05,0.088,1.45,0.797,0,5,70,14.247
771,0.599,0,14,0.05,0.079,1.451,0.803,0,6,71,14.231
772,0.599,0,12,0.05,0.071,1.445,0.792,0,5,72,14.214
773,0.599,0,9,0.05,0.064,1.451,0.798,0,7,73,14.198
774,0.599,0,11,0.049,0.06,1.426,0.796,0,4,74,14.181
775,0.599,0,8,0.049,0.055,1.45,0.798,0,4,75,14.165
776,0.599,0,11,0.05,0.052,1.445,0.801,0,8,76,14.149
777,0.599,0,9,0.05,0.05,1.461,0.807,0,3,77,14.133
778,0.599,0,10,0.05,0.05,1.451,0.809,0,6,78,14.116
779,0.599,0,10,0.05,0.05,1.45,0.818,0,6,79,14.1
780,0.599,0,11,0.05,0.05,1.451,0.813,0,5,80,14.086
781,0.599,0,11,0.05,0.05,1.441,0.808,0,5,81,14.093
782,0.599,0,10,0.049,0.05,1.445,0.822,0,5,82,14.101
783,0.599,0,10,0.049,0.05,1.45,0.813,0,6,83,14.108
784,0.599,0,11,0.05,0.05,1.451,0.812,0,6,84,14.115
785,0.599,0,14,0.05,0.05,1.451,0.811,0,4,85,14.122
786,0.599,0,5,0.05,0.05,1.441,0.81,0,6,86,14.13
787,0.599,0,15,0.05,0.05,1.451,0.814,0,5,87,14.136
788,0.599,0,11,0.049,0.05,1.45,0.806,0,7,88,14.143
789,0.598,0,12,0.05,0.05,1.45,0.812,0,3,89,14.151
790,0.599,0,12,0.05,0.05,1.441,0.806,0,6,90,14.158
791,0.599,0,13,0.05,0.05,1.445,0.808,0,5,91,14.165
792,0.599,0,12,0.05,0.05,1.461,0.807,0,5,92,14.172
793,0.599,0,13,0.05,0.05,1.45,0.803,0,5,93,14.179
794,0.599,0,12,0.05,0.05,1.442,0.808,0,6,94,14.186
795,0.599,0,11,0.05,0.05,1.44,0.806,0,5,95,14.192
796,0.599,0,11,0.05,0.05,1.451,0.81,0,6,96,14.2
797,0.599,0,9,0.05,0.05,1.45,0.806,0,6,97,14.207
798,0.599,0,10,0.05,0.05,1.442,0.811,0,4,98,14.213
799,0.599,0,12,0.05,0.05,1.442,0.81,0,4,99,14.22
800,0.599,0,12,0.05,0.05,1.45,0.806,0,6,100,14.226
801,0.599,0,12,0.05,0.051,1.445,0.814,0,5,101,14.233
802,0.599,0,14,0.05,0.053,1.45,0.809,0,6,102,14.24
803,0.599,0,13,0.05,0.058,1.442,0.811,0,5,103,14.247
804,0.599,0,16,0.05,0.064,1.45,0.816,0,5,104,14.253
805,0.599,0,12,0.05,0.071,1.45,0.821,0,4,105,14.26
806,0.599,0,6,0.049,0.081,1.461,0.821,0,6,106,14.267
807,0.599,0,14,0.05,0.091,1.442,0.821,0,5,107,14.273
808,0.599,0,11,0.05,0.102,1.442,0.826,0,6,108,14.28
809,0.599,0,17,0.05,0.113,1.465,0.821,0,5,109,14.287
810,0.599,0,9,0.05,0.107,1.45,0.832,0,5,110,14.294
811,0.599,0,15,0.05,0.1,1.442,0.827,0,6,111,14.301
812,0.599,0,13,0.05,0.094,1.442,0.823,0,5,112,14.308
813,0.599,0,14,0.05,0.089,1.46,0.831,0,5,113,14.314
814,0.599,0,14,0.05,0.085,1.45,0.829,0,5,114,14.32
815,0.599,0,10,0.05,0.082,1.45,0.833,0,5,115,14.327
816,0.599,0,14,0.05,0.08,1.452,0.831,0,5,116,14.333
817,0.599,0,11,0.05,0.078,1.45,0.833,0,5,117,14.339
818,0.599,0,13,0.05,0.077,1.45,0.836,0,4,118,14.345
819,0.599,0,9,0.05,0.075,1.465,0.832,0,5,119,14.351
820,0.599,0,11,0.05,0.073,1.461,0.833,0,4,120,14.357
821,0.599,0,16,0.05,0.071,1.45,0.836,0,5,121,14.363
822,0.599,0,10,0.05,0.069,1.45,0.832,0,6,122,14.369
823,0.599,0,13,0.05,0.067,1.46,0.831,0,5,123,14.375
824,0.599,0,16,0.05,0.065,1.445,0.83,0,5,124,14.381
825,0.599,0,9,0.05,0.064,1.45,0.84,0,5,125,14.387
826,0.599,0,15,0.05,0.062,1.45,0.83,0,6,126,14.393
827,0.599,0,13,0.05,0.06,1.442,0.834,0,6,127,14.399
828,0.599,0,16,0.05,0.058,1.445,0.829,0,6,128,14.405
829,0.599,0,11,0.05,0.056,1.461,0.837,0,5,129,14.411
830,0.599,0,13,0.05,0.054,1.442,0.828,0,5,130,14.417
831,0.599,0,14,0.05,0.052,1.461,0.832,0,7,131,14.423
832,0.599,0,16,0.05,0.051,1.442,0.831,0,5,132,14.43
833,0.599,0,13,0.05,0.05,1.451,0.83,0,6,133,14.436
834,0.599,0,15,0.05,0.05,1.451,0.835,0,6,134,14.442
835,0.599,0,10,0.05,0.05,1.445,0.831,0,6,135,14.448
836,0.599,0,9,0.05,0.05,1.442,0.83,0,6,136,14.454
837,0.599,0,13,0.05,0.05,1.461,0.835,0,8,137,14.459
838,0.599,0,12,0.05,0.05,1.45,0.833,0,6,138,14.465
839,0.599,0,12,0.05,0.05,1.442,0.829,0,6,139,14.471
840,0.599,0,18,0.05,0.051,1.44,0.834,0,7,140,14.477
841,0.599,0,11,0.05,0.05,1.442,0.833,0,6,141,14.483
842,0.599,0,12,0.05,0.05,1.45,0.832,0,6,142,14.489
843,0.599,0,16,0.05,0.051,1.45,0.824,0,7,143,14.494
844,0.599,0,10,0.05,0.053,1.461,0.823,0,5,144,14.5
845,0.599,0,12,0.05,0.058,1.445,0.83,0,6,145,14.504
846,0.599,0,15,0.05,0.064,1.45,0.831,0,5,146,14.509
847,0.599,0,10,0.05,0.07,1.445,0.838,0,6,147,14.513
848,0.599,0,13,0.05,0.079,1.442,0.839,0,7,148,14.518
849,0.599,0,10,0.05,0.088,1.445,0.839,0,7,149,14.521
850,0.599,0,12,0.05,0.1,1.441,0.842,0,6,150,14.524
851,0.599,0,11,0.05,0.111,1.461,0.842,0,5,151,14.527
852,0.599,0,10,0.05,0.123,1.461,0.839,0,6,152,14.53
853,0.599,0,8,0.05,0.137,1.451,0.841,0,8,153,14.533
854,0.599,0,10,0.05,0.151,1.45,0.842,0,5,154,14.536
855,0.599,0,8,0.05,0.166,1.45,0.84,0,7,155,14.539
856,0.599,0,11,0.05,0.181,1.445,0.842,0,5,156,14.542
857,0.599,0,9,0.05,0.198,1.441,0.836,0,7,157,14.545
858,0.599,0,10,0.05,0.214,1.451,0.835,0,6,158,14.547
859,0.599,0,9,0.05,0.23,1.442,0.839,0,5,159,14.55
860,0.6,0,10,0.05,0.246,1.461,0.837,0,8,160,14.554
861,0.599,0,9,0.05,0.262,1.445,0.832,0,7,161,14.557
862,0.599,0,13,0.05,0.278,1.451,0.835,0,8,162,14.559
863,0.599,0,8,0.05,0.294,1.45,0.849,0,7,163,14.562
864,0.6,0,8,0.05,0.31,1.445,0.839,0,8,164,14.565
865,0.599,0,8,0.05,0.326,1.445,0.843,0,7,165,14.568
866,0.599,0,11,0.05,0.342,1.451,0.845,0,7,166,14.57
867,0.6,0,7,0.05,0.357,1.451,0.831,0,8,167,14.572
868,0.599,0,12,0.05,0.373,1.445,0.834,0,7,168,14.573
869,0.599,0,6,0.05,0.389,1.445,0.839,0,7,169,14.574
870,0.599,0,8,0.05,0.405,1.445,0.844,0,7,170,14.573
871,0.6,0,9,0.05,0.42,1.461,0.845,0,8,171,14.572
872,0.599,0,10,0.05,0.436,1.451,0.845,0,7,172,14.569
873,0.599,0,11,0.05,0.451,1.461,0.847,0,8,173,14.567
874,0.599,0,5,0.05,0.467,1.442,0.842,0,9,174,14.565
875,0.599,0,8,0.05,0.482,1.45,0.852,0,5,175,14.56
876,0.599,0,8,0.05,0.498,1.461,0.861,0,8,176,14.557
877,0.599,0,3,0.05,0.513,1.445,0.861,0,6,177,14.552
878,0.598,0,9,0.05,0.528,1.451,0.862,0,8,178,14.547
879,0.599,0,7,0.05,0.543,1.45,0.86,0,7,179,14.542
880,0.599,0,7,0.05,0.56,1.452,0.867,0,6,180,14.537
881,0.599,0,11,0.05,0.576,1.461,0.862,0,8,181,14.532
882,0.599,0,13,0.05,0.592,1.45,0.868,0,7,182,14.526
883,0.599,0,7,0.05,0.609,1.452,0.858,0,8,183,14.52
884,0.599,0,8,0.05,0.626,1.451,0.868,0,5,132,14.514
885,0.599,0,11,0.05,0.643,1.442,0.868,0,6,133,14.508
886,0.599,0,8,0.05,0.66,1.45,0.862,0,7,134,14.501
887,0.599,0,12,0.05,0.677,1.461,0.866,0,7,135,14.494
888,0.599,0,10,0.05,0.695,1.451,0.869,0,5,136,14.487
889,0.599,0,12,0.05,0.713,1.445,0.862,0,6,137,14.48
890,0.599,0,12,0.05,0.73,1.44,0.866,0,6,138,14.472
891,0.599,0,9,0.05,0.748,1.451,0.867,0,6,139,14.464
892,0.599,0,9,0.05,0.766,1.45,0.867,0,6,140,14.455
893,0.599,0,7,0.05,0.785,1.451,0.871,0,7,141,14.447
894,0.599,0,9,0.05,0.803,1.461,0.885,0,5,142,14.438
895,0.599,0,8,0.05,0.821,1.45,0.875,0,6,143,14.429
896,0.599,0,12,0.051,0.84,1.461,0.883,0,5,144,14.419
897,0.599,0,14,0.051,0.858,1.445,0.876,0,7,145,14.409
898,0.599,0,10,0.051,0.878,1.445,0.878,0,6,146,14.399
899,0.599,0,12,0.052,0.896,1.45,0.879,0,4,147,14.389
900,0.599,0,13,0.052,0.915,1.451,0.876,0,7,148,14.379
901,0.599,0,12,0.053,0.934,1.465,0.89,0,5,149,14.368
902,0.599,0,10,0.053,0.954,1.451,0.877,0,6,150,14.356
903,0.599,0,12,0.054,0.974,1.44,0.881,0,4,151,14.344
904,0.599,0,13,0.054,0.995,1.461,0.887,0,7,152,14.332
905,0.599,0,9,0.055,1.017,1.451,0.885,0,4,153,14.319
906,0.599,0,8,0.055,1.039,1.451,0.883,0,6,154,14.306
907,0.599,0,7,0.055,1.061,1.461,0.885,0,5,155,14.294
908,0.599,0,11,0.055,1.083,1.45,0.881,0,6,156,14.28
909,0.599,0,11,0.055,1.106,1.451,0.885,0,4,157,14.267
910,0.599,0,12,0.055,1.129,1.451,0.878,0,7,158,14.251
911,0.599,0,11,0.055,1.149,1.451,0.886,0,5,159,14.237
912,0.599,0,9,0.055,1.171,1.46,0.882,0,6,160,14.222
913,0.599,0,11,0.055,1.193,1.45,0.884,0,8,161,14.207
914,0.599,0,10,0.054,1.216,1.445,0.887,0,4,162,14.191
915,0.6,0,4,0.054,1.239,1.442,0.877,0,8,163,14.175
916,0.599,0,10,0.054,1.259,1.451,0.883,0,6,164,14.159
917,0.599,0,11,0.054,1.281,1.45,0.88,0,7,165,14.144
918,0.599,0,11,0.054,1.304,1.461,0.888,0,6,166,14.128
919,0.599,0,13,0.054,1.327,1.461,0.882,0,6,167,14.112
920,0.599,0,12,0.054,1.347,1.451,0.884,0,8,168,14.097
921,0.599,0,14,0.054,1.37,1.461,0.889,0,6,169,14.081
922,0.599,0,8,0.054,1.392,1.445,0.875,0,8,170,14.066
923,0.599,0,12,0.054,1.415,1.452,0.889,0,7,171,14.049
924,0.599,0,12,0.054,1.438,1.45,0.879,0,7,172,14.034
925,0.599,0,12,0.054,1.458,1.451,0.887,0,6,173,14.018
926,0.599,0,15,0.054,1.466,1.442,0.881,0,8,174,14.002
927,0.599,0,12,0.054,1.457,1.45,0.883,0,7,175,13.986
928,0.599,0,10,0.054,1.447,1.451,0.88,0,7,176,13.971
929,0.599,0,7,0.053,1.439,1.451,0.89,0,6,177,13.954
930,0.599,0,11,0.053,1.43,1.45,0.881,0,7,178,13.938
931,0.599,0,11,0.053,1.422,1.451,0.883,0,7,179,13.922
932,0.599,0,10,0.053,1.415,1.451,0.886,0,6,180,13.906
933,0.599,0,11,0.053,1.407,1.45,0.883,0,7,181,13.891
934,0.599,0,14,0.053,1.4,1.451,0.887,0,7,182,13.875
935,0.599,0,14,0.053,1.392,1.451,0.884,0,6,183,13.859
936,0.599,0,14,0.053,1.386,1.441,0.887,0,6,184,13.844
937,0.599,0,10,0.053,1.38,1.451,0.889,0,6,185,13.828
938,0.599,0,12,0.053,1.374,1.451,0.888,0,7,186,13.814
939,0.599,0,12,0.053,1.369,1.451,0.889,0,7,187,13.798
940,0.599,0,13,0.053,1.363,1.452,0.894,0,6,188,13.783
941,0.599,0,12,0.053,1.357,1.451,0.888,0,6,189,13.768
942,0.599,0,13,0.053,1.354,1.45,0.895,0,7,190,13.763
943,0.599,0,12,0.053,1.349,1.451,0.9,0,5,191,13.766
944,0.599,0,11,0.053,1.344,1.451,0.894,0,7,192,13.769
945,0.599,0,13,0.053,1.34,1.44,0.901,0,5,193,13.771
946,0.6,0,11,0.053,1.337,1.461,0.896,0,6,194,13.774
947,0.599,0,13,0.053,1.335,1.451,0.897,0,7,195,13.776
948,0.6,0,9,0.052,1.331,1.452,0.892,0,5,196,13.778
949,0.599,0,14,0.052,1.33,1.451,0.896,0,6,197,13.781
950,0.599,0,10,0.052,1.327,1.445,0.888,0,6,198,13.783
951,0.599,0,10,0.052,1.325,1.452,0.892,0,6,199,13.786
952,0.599,0,9,0.052,1.323,1.452,0.891,0,6,200,13.789
953,0.599,0,15,0.052,1.323,1.461,0.901,0,5,201,13.79
954,0.599,0,8,0.052,1.322,1.461,0.895,0,7,202,13.793
955,0.599,0,9,0.052,1.322,1.451,0.903,0,4,203,13.796
956,0.6,0,11,0.052,1.322,1.452,0.905,0,7,204,13.797
957,0.599,0,14,0.052,1.322,1.442,0.9,0,7,205,13.8
958,0.599,0,8,0.052,1.323,1.452,0.904,0,6,206,13.803
959,0.599,0,10,0.052,1.325,1.45,0.906,0,6,207,13.805
960,0.599,0,13,0.051,1.326,1.452,0.901,0,7,208,13.808
961,0.599,0,11,0.051,1.327,1.451,0.904,0,5,209,13.81
962,0.599,0,12,0.05,1.329,1.451,0.907,0,7,210,13.813
963,0.599,0,14,0.051,1.332,1.451,0.905,0,4,211,13.815
964,0.599,0,9,0.05,1.335,1.461,0.908,0,7,212,13.818
965,0.599,0,8,0.05,1.337,1.451,0.904,1,5,213,13.82
966,0.599,0,10,0.05,1.341,1.445,0.901,1,7,214,13.823
967,0.599,0,12,0.05,1.345,1.461,0.901,1,6,215,13.826
968,0.599,0,9,0.05,1.349,1.451,0.9,1,7,216,13.829
969,0.599,0,8,0.05,1.353,1.461,0.899,1,6,217,13.832
970,0.599,0,11,0.05,1.358,1.451,0.898,1,6,218,13.835
971,0.599,0,9,0.05,1.363,1.445,0.894,0,8,219,13.837
972,0.599,0,6,0.05,1.368,1.451,0.9,0,7,220,13.84
973,0.599,0,7,0.05,1.375,1.451,0.892,0,5,221,13.843
974,0.599,0,11,0.051,1.38,1.452,0.897,0,6,222,13.847
975,0.599,0,9,0.051,1.386,1.452,0.895,0,6,223,13.85
976,0.599,0,9,0.051,1.393,1.461,0.899,0,6,224,13.853
977,0.599,0,6,0.051,1.4,1.451,0.894,0,7,225,13.856
978,0.599,0,10,0.051,1.389,1.461,0.894,0,6,226,13.858
979,0.599,0,5,0.051,1.377,1.451,0.904,0,8,227,13.861
980,0.599,0,10,0.051,1.364,1.442,0.898,0,5,228,13.865
981,0.599,0,9,0.051,1.352,1.45,0.901,0,8,229,13.868
982,0.599,0,8,0.051,1.34,1.461,0.906,0,6,230,13.871
983,0.599,0,11,0.051,1.329,1.452,0.903,0,7,231,13.874
984,0.599,0,9,0.051,1.318,1.461,0.902,0,6,232,13.877
985,0.599,0,11,0.051,1.307,1.45,0.895,0,6,233,13.881
986,0.599,0,12,0.051,1.296,1.461,0.9,0,7,234,13.884
987,0.6,0,8,0.051,1.286,1.452,0.894,0,7,235,13.887
988,0.599,0,6,0.051,1.275,1.451,0.896,0,9,236,13.891
989,0.599,0,9,0.051,1.266,1.451,0.908,0,6,237,13.894
990,0.599,0,10,0.051,1.256,1.461,0.898,0,7,238,13.897
991,0.599,0,7,0.051,1.247,1.451,0.893,0,7,239,13.9
992,0.599,0,10,0.051,1.238,1.452,0.902,0,8,240,13.904
993,0.6,0,5,0.051,1.229,1.445,0.899,1,7,241,13.907
994,0.6,0,6,0.051,1.221,1.445,0.892,1,7,242,13.909
995,0.599,0,7,0.051,1.213,1.451,0.891,1,7,243,13.913
996,0.599,0,6,0.051,1.205,1.451,0.891,1,7,244,13.916
997,0.599,0,7,0.051,1.197,1.461,0.896,1,6,245,13.919
998,0.599,0,9,0.051,1.19,1.451,0.893,1,8,246,13.923
999,0.599,0,10,0.051,1.184,1.442,0.886,1,7,247,13.926
1000,0.599,0,8,0.051,1.177,1.461,0.883,1,7,195,13.929
1001,0.599,0,11,0.051,1.171,1.46,0.889,0,5,196,13.933
1002,0.598,0,10,0.051,1.166,1.451,0.892,0,8,197,13.936
1003,0.6,0,6,0.051,1.16,1.45,0.885,0,5,198,13.94
1004,0.599,0,8,0.051,1.156,1.451,0.886,0,5,199,13.943
1005,0.599,0,9,0.051,1.151,1.451,0.891,0,7,200,13.946
1006,0.599,0,9,0.051,1.147,1.451,0.891,0,6,201,13.95
1007,0.599,0,8,0.051,1.143,1.445,0.891,0,5,202,13.954
1008,0.599,0,11,0.051,1.14,1.451,0.893,0,8,203,13.957
1009,0.599,0,7,0.051,1.136,1.452,0.888,1,4,204,13.961
1010,0.599,0,10,0.051,1.134,1.451,0.89,1,7,205,13.964
1011,0.599,0,12,0.051,1.132,1.461,0.883,1,6,206,13.968
1012,0.599,0,8,0.051,1.13,1.451,0.889,1,4,207,13.971
1013,0.599,0,7,0.051,1.128,1.451,0.881,1,6,208,13.974
1014,0.599,0,3,0.051,1.127,1.445,0.879,1,7,209,13.978
1015,0.599,0,6,0.051,1.127,1.451,0.88,1,6,210,13.981
1016,0.599,0,14,0.051,1.127,1.45,0.872,1,5,211,13.985
1017,0.599,0,8,0.051,1.127,1.45,0.877,1,7,212,13.988
1018,0.599,0,6,0.051,1.127,1.452,0.879,2,6,213,13.991
1019,0.599,0,4,0.051,1.128,1.451,0.869,2,6,214,13.995
1020,0.599,0,11,0.051,1.13,1.461,0.87,2,6,215,13.998
1021,0.599,0,6,0.051,1.131,1.451,0.864,2,7,216,14.002
1022,0.599,0,10,0.051,1.134,1.431,0.861,2,5,217,14.005
1023,0.599,0,11,0.051,1.136,1.451,0.862,2,7,218,14.009
1024,0.599,0,7,0.051,1.139,1.46,0.865,2,6,219,14.013
1025,0.599,0,8,0.051,1.142,1.451,0.862,3,6,220,14.016
1026,0.599,0,12,0.051,1.146,1.45,0.864,3,5,221,14.02
1027,0.599,0,13,0.051,1.15,1.445,0.862,3,7,222,14.023
1028,0.599,0,12,0.051,1.155,1.46,0.871,3,6,223,14.026
1029,0.599,0,10,0.051,1.159,1.461,0.874,3,7,224,14.03
1030,0.599,0,10,0.051,1.165,1.441,0.855,3,7,225,14.033
1031,0.599,0,10,0.051,1.17,1.451,0.861,3,8,226,14.036
1032,0.599,0,10,0.051,1.176,1.451,0.856,3,8,227,14.04
1033,0.599,0,11,0.05,1.182,1.461,0.851,3,6,228,14.044
1034,0.599,0,9,0.05,1.189,1.451,0.865,3,8,229,14.047
1035,0.599,0,9,0.05,1.196,1.452,0.859,3,8,230,14.051
1036,0.6,0,7,0.05,1.203,1.461,0.86,5,7,231,14.054
1037,0.599,0,4,0.05,1.211,1.451,0.853,5,7,232,14.057
1038,0.599,0,6,0.05,1.219,1.461,0.844,5,7,233,14.06
1039,0.599,0,12,0.05,1.227,1.445,0.833,5,6,234,14.063
1040,0.599,0,10,0.05,1.236,1.461,0.85,4,7,235,14.066
1041,0.599,0,8,0.05,1.245,1.451,0.85,4,8,236,14.069
1042,0.599,0,8,0.05,1.254,1.461,0.834,4,7,237,14.071
1043,0.599,0,9,0.05,1.263,1.451,0.837,4,8,238,14.074
1044,0.599,0,10,0.05,1.273,1.445,0.828,3,7,239,14.075
1045,0.6,0,6,0.05,1.283,1.461,0.83,3,8,240,14.077
1046,0.599,0,11,0.05,1.294,1.451,0.839,3,7,241,14.079
1047,0.599,0,12,0.05,1.305,1.461,0.833,3,8,242,14.081
1048,0.599,0,9,0.05,1.316,1.451,0.838,3,7,243,14.083
1049,0.599,0,7,0.05,1.327,1.461,0.834,3,9,244,14.085
1050,0.599,0,10,0.05,1.338,1.451,0.843,3,8,245,14.086
1051,0.599,0,10,0.05,1.35,1.451,0.842,3,7,246,14.088
1052,0.599,0,8,0.05,1.362,1.452,0.835,3,9,247,14.089
1053,0.599,0,11,0.05,1.374,1.45,0.838,3,7,248,14.09
1054,0.599,0,10,0.05,1.386,1.45,0.84,3,8,249,14.092
1055,0.599,0,7,0.05,1.398,1.451,0.843,3,8,250,14.093
1056,0.599,0,10,0.05,1.41,1.45,0.84,3,10,251,14.094
1057,0.599,0,9,0.05,1.422,1.46,0.848,3,8,139,14.094
1058,0.599,0,9,0.05,1.434,1.45,0.849,3,6,140,14.095
1059,0.599,0,7,0.05,1.446,1.44,0.848,5,9,141,14.096
1060,0.6,0,12,0.05,1.458,1.45,0.834,5,7,142,14.096
1061,0.599,0,7,0.05,1.47,1.45,0.818,5,8,143,14.097
1062,0.598,0,7,0.05,1.482,1.461,0.828,5,8,144,14.097
1063,0.599,0,8,0.05,1.494,1.451,0.821,5,8,145,14.096
1064,0.599,0,8,0.05,1.506,1.451,0.823,5,8,146,14.097
1065,0.599,0,9,0.05,1.518,1.442,0.82,5,6,147,14.096
1066,0.599,0,10,0.05,1.53,1.442,0.839,4,9,148,14.095
1067,0.599,0,7,0.05,1.542,1.426,0.836,4,8,149,14.094
1068,0.6,0,5,0.05,1.554,1.451,0.836,4,8,150,14.093
1069,0.599,0,9,0.05,1.567,1.451,0.839,4,10,151,14.091
1070,0.599,0,9,0.05,1.579,1.46,0.839,4,7,152,14.09
1071,0.599,0,7,0.05,1.592,1.451,0.849,4,7,46,14.087
1072,0.599,0,11,0.05,1.605,1.451,0.847,3,6,47,14.085
1073,0.6,0,1,0.05,1.619,1.451,0.84,3,9,48,14.082
1074,0.599,0,6,0.05,1.613,1.451,0.852,3,6,49,14.08
1075,0.599,0,8,0.05,1.605,1.45,0.853,3,8,50,14.076
1076,0.599,0,9,0.05,1.598,1.445,0.846,3,8,51,14.071
1077,0.599,0,9,0.05,1.592,1.451,0.854,3,4,52,14.067
1078,0.6,0,6,0.05,1.586,1.451,0.847,3,10,53,14.062
1079,0.599,0,8,0.05,1.58,1.442,0.847,3,5,54,14.056
1080,0.6,0,5,0.05,1.573,1.451,0.851,3,6,55,14.052
1081,0.599,0,11,0.05,1.567,1.431,0.848,3,6,56,14.047
1082,0.599,0,9,0.05,1.562,1.461,0.846,3,7,57,14.044
1083,0.599,0,12,0.05,1.557,1.46,0.856,3,5,58,14.039
1084,0.599,0,7,0.05,1.552,1.441,0.852,3,8,59,14.034
1085,0.599,0,6,0.05,1.548,1.442,0.848,3,5,60,14.03
1086,0.599,0,9,0.05,1.544,1.451,0.858,3,7,61,14.026
1087,0.599,0,8,0.05,1.54,1.452,0.867,4,5,62,14.021
1088,0.599,0,6,0.05,1.536,1.451,0.872,4,5,63,14.016
1089,0.599,0,8,0.05,1.532,1.452,0.871,4,7,64,14.012
1090,0.599,0,8,0.05,1.529,1.451,0.871,4,7,65,14.007
1091,0.599,0,8,0.05,1.527,1.451,0.877,4,3,66,14.003
1092,0.599,0,11,0.05,1.525,1.451,0.871,4,7,67,13.998
1093,0.599,0,10,0.05,1.522,1.445,0.87,4,6,68,13.993
1094,0.599,0,5,0.05,1.52,1.451,0.866,4,4,69,13.988
1095,0.599,0,9,0.05,1.519,1.451,0.871,4,7,70,13.984
1096,0.599,0,8,0.05,1.518,1.452,0.868,4,6,71,13.979
1097,0.599,0,11,0.05,1.516,1.445,0.866,4,3,72,13.974
1098,0.599,0,6,0.05,1.516,1.451,0.872,4,7,73,13.969
1099,0.599,0,6,0.05,1.516,1.451,0.863,4,6,74,13.963
1100,0.599,0,11,0.05,1.516,1.451,0.869,4,6,75,13.958
1101,0.599,0,8,0.05,1.517,1.461,0.864,4,5,76,13.954
1102,0.599,0,9,0.05,1.516,1.451,0.872,4,5,77,13.948
1103,0.599,0,8,0.05,1.518,1.451,0.864,4,5,78,13.943
1104,0.599,0,7,0.05,1.519,1.452,0.866,4,7,79,13.937
1105,0.599,0,9,0.05,1.521,1.442,0.864,5,4,80,13.932
1106,0.599,0,11,0.05,1.522,1.451,0.866,5,7,81,13.928
1107,0.599,0,6,0.05,1.524,1.445,0.847,5,4,82,13.922
1108,0.599,0,6,0.05,1.527,1.445,0.862,5,6,83,13.917
1109,0.599,0,7,0.05,1.53,1.451,0.859,5,6,84,13.911
1110,0.599,0,6,0.05,1.533,1.451,0.86,5,5,85,13.907
1111,0.599,0,8,0.05,1.535,1.451,0.866,5,6,86,13.902
1112,0.599,0,10,0.05,1.538,1.451,0.869,5,5,87,13.896
1113,0.598,0,9,0.05,1.541,1.452,0.87,4,5,88,13.891
1114,0.599,0,7,0.05,1.544,1.461,0.866,4,4,89,13.886
1115,0.599,0,9,0.05,1.546,1.451,0.869,4,7,90,13.881
1116,0.599,0,7,0.05,1.549,1.451,0.865,4,4,91,13.876
1117,0.598,0,8,0.05,1.552,1.426,0.864,4,5,92,13.871
1118,0.599,0,9,0.05,1.555,1.451,0.87,4,6,93,13.867
1119,0.598,0,9,0.05,1.557,1.451,0.87,4,5,94,13.861
1120,0.599,0,9,0.05,1.56,1.451,0.868,4,5,95,13.856
1121,0.598,0,7,0.05,1.563,1.452,0.87,4,5,96,13.852
1122,0.599,0,5,0.05,1.566,1.451,0.869,4,5,97,13.846
1123,0.598,0,8,0.05,1.569,1.46,0.872,5,5,98,13.842
1124,0.599,0,8,0.05,1.572,1.451,0.871,5,5,99,13.837
1125,0.6,0,5,0.05,1.559,1.46,0.873,5,4,100,13.832
1126,0.6,0,6,0.05,1.546,1.452,0.867,5,6,101,13.827
1127,0.599,0,9,0.05,1.532,1.461,0.864,5,5,102,13.823
1128,0.599,0,8,0.05,1.519,1.441,0.863,5,5,103,13.818
1129,0.599,0,6,0.05,1.507,1.451,0.865,5,4,104,13.813
1130,0.6,0,3,0.05,1.494,1.452,0.87,5,4,105,13.809
1131,0.6,0,8,0.05,1.481,1.451,0.872,5,4,106,13.804
1132,0.599,0,9,0.05,1.47,1.451,0.876,5,5,107,13.8
1133,0.599,0,7,0.05,1.458,1.451,0.872,5,4,108,13.795
1134,0.599,0,6,0.05,1.447,1.451,0.875,5,4,109,13.791
1135,0.599,0,7,0.05,1.436,1.441,0.872,5,5,110,13.787
1136,0.599,0,3,0.05,1.426,1.445,0.872,5,4,111,13.781
1137,0.599,0,6,0.05,1.415,1.45,0.872,5,4,112,13.777
1138,0.599,0,4,0.05,1.405,1.45,0.873,5,3,113,13.773
1139,0.6,0,4,0.05,1.395,1.451,0.874,5,4,114,13.77
1140,0.599,0,5,0.05,1.386,1.451,0.872,5,4,115,13.765
1141,0.599,0,7,0.05,1.377,1.451,0.87,5,5,116,13.761
1142,0.599,0,3,0.05,1.368,1.45,0.866,5,5,117,13.757
1143,0.599,0,4,0.05,1.36,1.445,0.876,5,5,118,13.753
1144,0.599,0,4,0.05,1.353,1.451,0.886,5,3,119,13.748
1145,0.599,0,5,0.05,1.344,1.451,0.881,5,4,120,13.745
1146,0.599,0,5,0.05,1.337,1.451,0.882,5,5,121,13.741
1147,0.599,0,3,0.05,1.331,1.465,0.882,5,5,122,13.738
1148,0.599,0,6,0.05,1.324,1.45,0.882,5,5,123,13.733
1149,0.599,0,7,0.05,1.318,1.442,0.87,4,4,124,13.73
1150,0.599,0,6,0.05,1.312,1.451,0.874,6,6,125,13.726
1151,0.6,0,2,0.05,1.307,1.451,0.859,6,5,126,13.723
1152,0.599,0,7,0.05,1.302,1.45,0.845,6,4,127,13.718
1153,0.6,0,4,0.05,1.298,1.451,0.852,7,5,128,13.715
1154,0.599,0,6,0.05,1.294,1.441,0.839,7,5,129,13.711
1155,0.599,0,5,0.05,1.29,1.451,0.85,7,5,130,13.708
1156,0.599,0,7,0.051,1.287,1.445,0.839,7,5,131,13.704
1157,0.599,0,7,0.05,1.284,1.442,0.846,7,5,132,13.701
1158,0.599,0,5,0.051,1.281,1.442,0.84,7,4,133,13.697
1159,0.599,0,6,0.05,1.28,1.461,0.827,7,5,134,13.694
1160,0.599,0,6,0.051,1.278,1.451,0.829,7,6,135,13.691
1161,0.599,0,7,0.051,1.277,1.451,0.828,7,5,136,13.687
1162,0.599,0,5,0.05,1.276,1.45,0.826,7,5,137,13.684
1163,0.599,0,7,0.051,1.276,1.452,0.828,7,5,138,13.681
1164,0.6,0,4,0.05,1.276,1.442,0.823,7,4,139,13.678
1165,0.6,0,3,0.05,1.276,1.46,0.824,8,4,140,13.673
1166,0.599,0,8,0.05,1.277,1.451,0.819,8,6,141,13.67
1167,0.599,0,5,0.05,1.279,1.451,0.817,8,4,142,13.667
1168,0.599,0,3,0.051,1.281,1.451,0.812,8,7,143,13.664
1169,0.6,0,5,0.05,1.283,1.451,0.817,8,6,144,13.661
1170,0.599,0,7,0.05,1.286,1.451,0.811,8,3,145,13.657
1171,0.599,0,5,0.05,1.289,1.445,0.814,7,6,146,13.654
1172,0.599,0,7,0.05,1.292,1.442,0.809,7,7,147,13.652
1173,0.599,0,6,0.05,1.297,1.451,0.816,7,5,148,13.649
1174,0.599,0,10,0.05,1.301,1.451,0.812,7,5,149,13.646
1175,0.599,0,7,0.05,1.305,1.441,0.816,7,6,150,13.642
1176,0.599,0,7,0.05,1.311,1.461,0.808,7,7,151,13.639
1177,0.599,0,9,0.05,1.316,1.451,0.812,7,5,152,13.636
1178,0.599,0,5,0.05,1.323,1.445,0.796,7,5,153,13.633
1179,0.599,0,7,0.05,1.328,1.451,0.801,7,8,154,13.631
1180,0.599,0,8,0.05,1.336,1.442,0.809,7,4,155,13.627
1181,0.599,0,8,0.05,1.343,1.461,0.809,7,6,156,13.624
1182,0.6,0,8,0.051,1.35,1.452,0.814,7,5,157,13.621
1183,0.599,0,4,0.05,1.358,1.445,0.8,7,7,158,13.618
1184,0.599,0,8,0.05,1.366,1.431,0.804,7,6,159,13.616
1185,0.599,0,9,0.05,1.374,1.451,0.811,6,6,160,13.613
1186,0.599,0,10,0.05,1.384,1.445,0.801,7,9,161,13.609
1187,0.6,0,5,0.05,1.393,1.445,0.805,7,9,162,13.607
1188,0.599,0,9,0.05,1.403,1.451,0.806,7,7,163,13.604
1189,0.599,0,9,0.05,1.413,1.451,0.803,7,8,164,13.601
1190,0.599,0,4,0.05,1.423,1.461,0.808,6,6,165,13.599
1191,0.599,0,4,0.05,1.433,1.451,0.81,6,8,166,13.596
1192,0.599,0,6,0.05,1.444,1.451,0.804,6,7,167,13.592
1193,0.6,0,6,0.05,1.456,1.445,0.801,6,7,168,13.59
1194,0.599,0,8,0.05,1.468,1.442,0.805,6,9,57,13.587
1195,0.599,0,8,0.05,1.48,1.451,0.804,6,7,58,13.584
1196,0.6,0,5,0.05,1.492,1.451,0.802,6,8,59,13.582
1197,0.599,0,12,0.05,1.504,1.45,0.793,6,6,60,13.579
1198,0.599,0,10,0.05,1.517,1.445,0.782,6,7,61,13.576
1199,0.599,0,9,0.05,1.53,1.452,0.786,6,7,62,13.573
1200,0.599,0,10,0.05,1.544,1.431,0.782,7,6,63,13.571
1201,0.599,0,10,0.05,1.557,1.451,0.784,7,8,64,13.568
1202,0.599,0,6,0.05,1.571,1.45,0.791,6,6,65,13.566
1203,0.599,0,7,0.05,1.585,1.451,0.784,6,10,66,13.563
1204,0.599,0,11,0.05,1.6,1.442,0.784,5,9,67,13.561
1205,0.599,0,7,0.05,1.614,1.451,0.785,5,8,68,13.557
1206,0.599,0,9,0.05,1.629,1.45,0.786,6,8,69,13.555
1207,0.599,0,9,0.05,1.644,1.461,0.775,6,8,70,13.552
1208,0.599,0,7,0.05,1.659,1.452,0.782,6,11,71,13.55
1209,0.599,0,8,0.05,1.675,1.442,0.784,6,6,72,13.547
1210,0.599,0,6,0.05,1.691,1.465,0.78,6,9,73,13.545
1211,0.598,0,10,0.05,1.706,1.441,0.782,7,8,74,13.543
1212,0.599,0,9,0.05,1.723,1.426,0.77,6,11,75,13.54
1213,0.599,0,10,0.05,1.739,1.431,0.781,6,7,76,13.537
1214,0.599,0,9,0.049,1.756,1.452,0.778,6,6,77,13.534
1215,0.599,0,7,0.05,1.773,1.431,0.774,6,9,78,13.532
1216,0.599,0,10,0.05,1.789,1.45,0.782,6,10,79,13.53
1217,0.599,0,9,0.05,1.807,1.451,0.77,6,7,80,13.527
1218,0.599,0,9,0.05,1.824,1.426,0.769,6,9,81,13.525
1219,0.599,0,11,0.05,1.834,1.45,0.764,5,6,82,13.523
1220,0.599,0,9,0.05,1.834,1.445,0.768,5,9,83,13.52
1221,0.599,0,10,0.05,1.835,1.431,0.781,5,6,84,13.517
1222,0.599,0,10,0.05,1.837,1.426,0.78,5,7,85,13.515
1223,0.599,0,10,0.05,1.838,1.465,0.786,5,7,86,13.513
1224,0.599,0,7,0.05,1.839,1.451,0.789,5,8,87,13.51
1225,0.6,0,5,0.05,1.842,1.451,0.789,5,7,88,13.508
1226,0.599,0,8,0.05,1.845,1.451,0.788,5,7,89,13.506
1227,0.599,0,4,0.05,1.848,1.445,0.79,5,5,90,13.504
1228,0.6,0,6,0.05,1.851,1.452,0.779,5,8,91,13.502
1229,0.599,0,11,0.05,1.855,1.452,0.787,5,7,92,13.499
1230,0.599,0,10,0.05,1.859,1.451,0.786,5,8,93,13.497
1231,0.6,0,7,0.049,1.863,1.451,0.791,5,6,94,13.494
1232,0.599,0,7,0.05,1.868,1.45,0.787,5,7,95,13.492
1233,0.599,0,5,0.05,1.873,1.461,0.791,5,7,96,13.49
1234,0.599,0,5,0.05,1.878,1.445,0.8,6,7,97,13.488
1235,0.6,0,9,0.05,1.884,1.452,0.796,5,6,98,13.485
1236,0.6,0,3,0.05,1.89,1.452,0.785,5,8,99,13.483
1237,0.599,0,6,0.05,1.895,1.451,0.786,5,7,100,13.481
1238,0.599,0,10,0.05,1.903,1.452,0.784,5,5,101,13.479
1239,0.599,0,5,0.05,1.91,1.442,0.782,5,7,102,13.477
1240,0.599,0,7,0.05,1.917,1.426,0.773,5,8,103,13.475
1241,0.599,0,8,0.05,1.924,1.451,0.777,5,6,104,13.473
1242,0.599,0,3,0.05,1.932,1.426,0.774,5,5,105,13.47
1243,0.6,0,4,0.05,1.94,1.452,0.776,5,8,106,13.468
1244,0.599,0,6,0.05,1.948,1.45,0.778,5,7,107,13.466
1245,0.599,0,5,0.05,1.956,1.451,0.782,6,5,108,13.464
1246,0.6,0,3,0.05,1.965,1.426,0.785,6,6,109,13.462
1247,0.599,0,1,0.05,1.974,1.451,0.782,6,11,110,13.46
1248,0.6,0,5,0.05,1.983,1.441,0.781,7,8,111,13.458
1249,0.599,0,4,0.049,1.992,1.452,0.78,7,9,112,13.457
1250,0.599,0,7,0.05,2.001,1.426,0.775,7,10,113,13.455
1251,0.599,0,6,0.05,2.011,1.426,0.761,7,11,114,13.453
1252,0.599,0,6,0.05,2.021,1.451,0.785,7,7,72,13.452
1253,0.599,0,3,0.05,2.032,1.451,0.777,8,6,73,13.449
1254,0.599,0,7,0.05,2.041,1.461,0.782,8,6,74,13.448
1255,0.599,0,5,0.05,2.052,1.445,0.782,8,6,75,13.446
1256,0.599,0,5,0.05,2.062,1.445,0.777,8,7,76,13.444
1257,0.599,0,8,0.05,2.073,1.445,0.774,8,6,77,13.441
1258,0.599,0,8,0.05,2.084,1.445,0.774,8,6,78,13.439
1259,0.599,0,7,0.05,2.095,1.451,0.778,7,7,79,13.438
1260,0.6,0,8,0.05,2.106,1.445,0.765,7,8,80,13.436
1261,0.599,0,6,0.05,2.118,1.426,0.774,7,5,81,13.434
1262,0.599,0,4,0.05,2.13,1.445,0.773,7,9,82,13.432
1263,0.6,0,5,0.05,2.141,1.451,0.771,7,7,83,13.43
1264,0.6,0,6,0.05,2.154,1.442,0.768,7,8,84,13.429
1265,0.6,0,4,0.05,2.167,1.445,0.759,7,7,85,13.427
1266,0.599,0,5,0.05,2.179,1.45,0.762,7,6,86,13.426
1267,0.599,0,6,0.05,2.192,1.451,0.765,7,8,87,13.423
1268,0.6,0,4,0.05,2.205,1.451,0.762,7,7,88,13.422
1269,0.599,0,6,0.05,2.218,1.445,0.762,7,9,50,13.42
1270,0.599,0,8,0.05,2.232,1.45,0.761,7,5,51,13.419
1271,0.599,0,7,0.05,2.248,1.445,0.763,7,8,52,13.418
1272,0.599,0,7,0.049,2.263,1.445,0.767,8,7,53,13.416
1273,0.599,0,4,0.05,2.279,1.451,0.758,8,9,54,13.415
1274,0.599,0,6,0.05,2.296,1.451,0.756,8,7,55,13.414
1275,0.599,0,5,0.05,2.312,1.445,0.751,8,6,56,13.413
1276,0.599,0,9,0.05,2.328,1.45,0.745,8,9,57,13.412
1277,0.599,0,6,0.05,2.345,1.46,0.754,8,6,58,13.41
1278,0.598,0,7,0.05,2.361,1.445,0.758,8,8,59,13.409
1279,0.599,0,5,0.05,2.378,1.451,0.761,8,6,60,13.408
1280,0.599,0,5,0.05,2.396,1.45,0.76,8,10,61,13.407
1281,0.599,0,6,0.05,2.413,1.426,0.772,8,6,62,13.406
1282,0.599,0,7,0.05,2.431,1.445,0.761,8,8,63,13.405
1283,0.6,0,8,0.05,2.444,1.45,0.761,8,7,64,13.403
1284,0.599,0,11,0.05,2.454,1.45,0.768,8,7,65,13.402
1285,0.599,0,8,0.05,2.464,1.451,0.759,8,9,66,13.401
1286,0.599,0,9,0.05,2.475,1.442,0.756,8,7,67,13.4
1287,0.599,0,11,0.05,2.486,1.45,0.752,8,7,68,13.399
1288,0.598,0,8,0.05,2.497,1.45,0.759,8,9,69,13.398
1289,0.599,0,8,0.05,2.508,1.46,0.76,9,9,70,13.397
1290,0.599,0,8,0.05,2.519,1.45,0.76,9,10,71,13.397
1291,0.598,0,10,0.05,2.53,1.445,0.751,9,8,72,13.396
1292,0.598,0,8,0.05,2.543,1.46,0.749,9,10,73,13.395
1293,0.599,0,6,0.05,2.555,1.465,0.748,8,9,74,13.394
1294,0.599,0,11,0.05,2.567,1.442,0.745,8,9,75,13.393
1295,0.598,0,7,0.05,2.579,1.426,0.741,9,10,76,13.393
1296,0.598,0,10,0.05,2.592,1.451,0.753,9,9,77,13.392
1297,0.599,0,10,0.05,2.605,1.431,0.749,9,9,78,13.391
1298,0.598,0,11,0.05,2.618,1.426,0.743,9,11,79,13.39
1299,0.599,0,13,0.05,2.632,1.445,0.735,9,7,80,13.39
1300,0.598,0,12,0.05,2.645,1.451,0.739,9,10,81,13.389
1301,0.599,0,14,0.05,2.659,1.442,0.729,9,9,82,13.388
1302,0.598,0,10,0.05,2.673,1.45,0.738,9,9,83,13.388
1303,0.599,0,12,0.05,2.687,1.45,0.723,9,10,84,13.387
1304,0.599,0,12,0.05,2.701,1.45,0.719,9,10,85,13.386
1305,0.599,0,8,0.05,2.716,1.44,0.713,9,9,86,13.386
1306,0.599,0,8,0.05,2.73,1.45,0.71,9,10,87,13.385
1307,0.599,0,8,0.05,2.745,1.46,0.715,9,10,88,13.385
1308,0.599,0,9,0.05,2.761,1.441,0.706,10,12,89,13.384
1309,0.599,0,10,0.05,2.776,1.45,0.703,11,10,90,13.384
1310,0.6,0,8,0.05,2.791,1.46,0.704,11,10,91,13.383
1311,0.599,0,6,0.05,2.806,1.45,0.698,11,9,92,13.382
1312,0.599,0,12,0.05,2.822,1.451,0.707,11,11,93,13.382
1313,0.599,0,10,0.05,2.839,1.442,0.728,11,10,94,13.381
1314,0.599,0,8,0.05,2.855,1.445,0.734,12,10,95,13.381
1315,0.599,0,12,0.05,2.87,1.452,0.733,11,10,96,13.38
1316,0.599,0,9,0.05,2.887,1.46,0.722,11,12,97,13.38
1317,0.599,0,13,0.05,2.903,1.445,0.723,11,9,98,13.38
1318,0.6,0,11,0.05,2.921,1.441,0.705,12,10,99,13.379
1319,0.598,0,13,0.05,2.937,1.426,0.695,12,10,100,13.379
1320,0.6,0,10,0.05,2.954,1.441,0.688,12,9,101,13.378
1321,0.598,0,9,0.05,2.971,1.445,0.683,12,11,102,13.378
1322,0.599,0,10,0.049,2.989,1.445,0.677,12,11,103,13.377
1323,0.599,0,10,0.05,3.007,1.46,0.683,12,9,104,13.377
1324,0.599,0,13,0.05,3.024,1.45,0.684,12,9,105,13.376
1325,0.599,0,8,0.05,3.042,1.426,0.686,12,10,106,13.376
1326,0.599,0,12,0.05,3.06,1.451,0.675,12,11,107,13.375
1327,0.599,0,15,0.05,3.078,1.451,0.675,12,8,108,13.375
1328,0.599,0,6,0.05,3.096,1.442,0.67,12,11,109,13.374
1329,0.599,0,13,0.05,3.114,1.416,0.67,12,8,110,13.374
1330,0.599,0,10,0.05,3.132,1.445,0.657,12,10,111,13.373
1331,0.599,0,11,0.05,3.15,1.45,0.656,12,9,112,13.372
1332,0.599,0,12,0.05,3.17,1.442,0.667,12,10,113,13.372
1333,0.599,0,12,0.05,3.188,1.441,0.665,12,9,114,13.371
1334,0.6,0,11,0.05,3.207,1.46,0.667,13,10,115,13.371
1335,0.599,0,10,0.05,3.227,1.426,0.646,13,10,116,13.37
1336,0.599,0,13,0.05,3.246,1.445,0.639,13,10,117,13.369
1337,0.599,0,11,0.05,3.265,1.45,0.644,14,9,118,13.369
1338,0.599,0,12,0.05,3.266,1.46,0.622,14,9,119,13.368
1339,0.599,0,14,0.05,3.256,1.451,0.626,14,8,120,13.368
1340,0.599,0,8,0.05,3.247,1.45,0.616,14,10,121,13.367
1341,0.599,0,14,0.05,3.237,1.441,0.619,14,7,122,13.367
1342,0.599,0,11,0.05,3.228,1.426,0.62,14,12,123,13.366
1343,0.599,0,10,0.05,3.218,1.441,0.625,14,9,124,13.367
1344,0.599,0,6,0.05,3.209,1.441,0.625,13,12,125,13.366
1345,0.599,0,15,0.05,3.2,1.45,0.636,13,11,126,13.365
1346,0.599,0,10,0.05,3.191,1.451,0.628,13,10,127,13.364
1347,0.599,0,9,0.05,3.181,1.426,0.654,13,9,128,13.363
1348,0.599,0,7,0.05,3.173,1.445,0.643,13,12,129,13.361
1349,0.599,0,10,0.05,3.164,1.445,0.629,13,12,130,13.36
1350,0.599,0,10,0.05,3.156,1.426,0.639,13,9,131,13.359
1351,0.599,0,9,0.049,3.147,1.445,0.63,13,11,132,13.357
1352,0.599,0,9,0.049,3.139,1.445,0.639,12,12,133,13.356
1353,0.599,0,12,0.05,3.131,1.46,0.635,12,10,134,13.355
1354,0.599,0,11,0.05,3.123,1.441,0.632,12,15,135,13.353
1355,0.599,0,8,0.05,3.114,1.426,0.643,12,9,136,13.352
1356,0.599,0,9,0.05,3.107,1.451,0.649,12,11,137,13.351
1357,0.599,0,9,0.05,3.1,1.451,0.65,13,10,138,13.35
1358,0.599,0,10,0.05,3.093,1.441,0.653,13,11,139,13.348
1359,0.599,0,11,0.05,3.082,1.45,0.656,13,9,140,13.347
1360,0.599,0,9,0.049,3.072,1.441,0.653,13,7,141,13.346
1361,0.6,0,12,0.049,3.062,1.445,0.666,13,7,142,13.345
1362,0.6,0,11,0.05,3.052,1.426,0.651,12,9,143,13.344
1363,0.599,0,8,0.05,3.042,1.445,0.658,12,9,144,13.342
1364,0.599,0,11,0.05,3.032,1.451,0.656,13,10,145,13.341
1365,0.599,0,11,0.05,3.022,1.431,0.665,14,6,146,13.34
1366,0.599,0,9,0.05,3.013,1.451,0.654,14,7,147,13.339
1367,0.599,0,14,0.049,3.004,1.461,0.645,14,6,148,13.338
1368,0.599,0,11,0.05,2.994,1.46,0.636,14,7,149,13.336
1369,0.599,0,8,0.05,2.985,1.452,0.634,14,8,150,13.335
1370,0.599,0,13,0.05,2.976,1.445,0.638,13,7,151,13.334
1371,0.598,0,10,0.05,2.967,1.422,0.631,13,8,152,13.333
1372,0.599,0,13,0.049,2.958,1.441,0.626,13,8,153,13.332
1373,0.599,0,13,0.05,2.95,1.452,0.625,12,8,154,13.331
1374,0.599,0,8,0.05,2.941,1.45,0.619,11,10,155,13.329
1375,0.599,0,14,0.05,2.933,1.441,0.62,10,7,156,13.328
1376,0.599,0,12,0.05,2.925,1.452,0.619,10,9,157,13.327
1377,0.599,0,11,0.05,2.917,1.445,0.619,10,9,158,13.326
1378,0.6,0,8,0.05,2.909,1.44,0.613,10,8,159,13.325
1379,0.6,0,7,0.05,2.902,1.441,0.62,10,10,160,13.324
1380,0.599,0,12,0.05,2.894,1.45,0.618,10,7,161,13.323
1381,0.599,0,9,0.049,2.887,1.45,0.614,10,10,162,13.321
1382,0.599,0,9,0.05,2.879,1.441,0.621,10,10,163,13.32
1383,0.599,0,12,0.05,2.873,1.426,0.618,10,11,164,13.319
1384,0.599,0,12,0.05,2.865,1.46,0.619,10,11,165,13.318
1385,0.599,0,12,0.05,2.859,1.445,0.628,10,10,166,13.317
1386,0.599,0,11,0.05,2.852,1.445,0.622,10,10,167,13.316
1387,0.599,0,13,0.05,2.846,1.426,0.617,10,11,168,13.315
1388,0.599,0,15,0.049,2.84,1.445,0.624,10,6,169,13.314
1389,0.599,0,15,0.05,2.833,1.441,0.614,9,12,170,13.312
1390,0.599,0,10,0.05,2.828,1.45,0.618,9,10,171,13.311
1391,0.599,0,11,0.05,2.822,1.426,0.621,10,9,172,13.31
1392,0.599,0,11,0.049,2.817,1.451,0.624,10,8,173,13.309
1393,0.599,0,13,0.05,2.811,1.426,0.613,10,10,174,13.308
1394,0.599,0,11,0.05,2.806,1.431,0.633,10,8,175,13.307
1395,0.598,0,12,0.049,2.8,1.451,0.632,10,9,176,13.306
1396,0.599,0,13,0.05,2.796,1.431,0.627,10,9,177,13.305
1397,0.599,0,10,0.05,2.791,1.431,0.624,10,7,178,13.304
1398,0.599,0,13,0.05,2.787,1.45,0.63,10,8,179,13.302
1399,0.599,0,13,0.05,2.782,1.46,0.626,10,10,180,13.301
1400,0.599,0,13,0.05,2.778,1.45,0.63,10,7,181,13.3
1401,0.598,0,12,0.05,2.773,1.431,0.63,10,8,182,13.299
1402,0.599,0,13,0.05,2.77,1.442,0.631,10,8,183,13.298
1403,0.598,0,16,0.05,2.766,1.451,0.636,10,9,184,13.297
1404,0.599,0,11,0.05,2.763,1.426,0.633,11,9,185,13.296
1405,0.599,0,8,0.05,2.759,1.445,0.643,11,9,186,13.295
1406,0.599,0,13,0.05,2.756,1.426,0.635,12,8,187,13.294
1407,0.599,0,14,0.05,2.754,1.426,0.637,12,9,188,13.293
1408,0.599,0,11,0.05,2.75,1.445,0.636,12,7,189,13.292
1409,0.599,0,13,0.05,2.748,1.451,0.633,11,10,190,13.29
1410,0.598,0,9,0.049,2.745,1.426,0.627,11,8,191,13.289
1411,0.599,0,13,0.05,2.743,1.431,0.63,11,11,192,13.288
1412,0.598,0,8,0.05,2.741,1.441,0.631,11,13,193,13.287
1413,0.599,0,12,0.049,2.739,1.451,0.626,11,12,194,13.286
1414,0.599,0,15,0.05,2.737,1.46,0.629,11,11,195,13.285
1415,0.599,0,14,0.05,2.736,1.445,0.627,11,11,196,13.284
1416,0.598,0,17,0.05,2.734,1.445,0.624,11,10,197,13.283
1417,0.599,0,15,0.05,2.733,1.426,0.625,11,9,198,13.282
1418,0.598,0,14,0.049,2.732,1.45,0.638,11,8,199,13.281
1419,0.599,0,15,0.05,2.731,1.461,0.646,11,8,200,13.28
1420,0.597,0,18,0.05,2.73,1.442,0.655,11,8,201,13.279
1421,0.599,0,15,0.049,2.73,1.46,0.658,11,8,202,13.277
1422,0.597,0,13,0.05,2.73,1.452,0.672,10,9,203,13.276
1423,0.599,0,11,0.05,2.73,1.445,0.676,10,8,204,13.275
1424,0.598,0,9,0.05,2.73,1.426,0.674,10,8,205,13.274
1425,0.599,0,12,0.05,2.73,1.465,0.678,10,9,206,13.273
1426,0.597,0,10,0.05,2.73,1.452,0.681,10,8,207,13.272
1427,0.599,0,12,0.05,2.731,1.442,0.681,10,9,208,13.271
1428,0.599,0,12,0.05,2.733,1.442,0.678,10,8,209,13.27
1429,0.599,0,7,0.049,2.733,1.46,0.679,10,8,210,13.269
1430,0.599,0,12,0.05,2.735,1.445,0.682,10,8,211,13.268
1431,0.599,0,12,0.05,2.736,1.452,0.678,10,8,212,13.267
1432,0.599,0,8,0.05,2.738,1.441,0.679,10,8,213,13.266
1433,0.599,0,9,0.05,2.739,1.445,0.681,9,10,214,13.265
1434,0.6,0,8,0.05,2.741,1.45,0.677,9,8,215,13.263
1435,0.599,0,7,0.05,2.743,1.442,0.674,9,8,216,13.262
1436,0.599,0,11,0.05,2.746,1.45,0.668,9,9,217,13.261
1437,0.599,0,9,0.05,2.748,1.445,0.671,9,9,218,13.26
1438,0.599,0,7,0.05,2.751,1.45,0.672,9,9,219,13.259
1439,0.599,0,11,0.049,2.753,1.445,0.681,9,8,220,13.258
1440,0.599,0,12,0.05,2.757,1.426,0.682,9,8,221,13.257
1441,0.599,0,9,0.05,2.759,1.431,0.688,9,9,222,13.256
1442,0.599,0,9,0.05,2.763,1.45,0.688,9,8,223,13.255
1443,0.599,0,8,0.049,2.766,1.445,0.691,9,8,224,13.254
1444,0.6,0,12,0.05,2.77,1.426,0.684,9,10,225,13.253
1445,0.599,0,8,0.05,2.773,1.461,0.692,9,9,226,13.252
1446,0.599,0,6,0.05,2.777,1.445,0.69,10,8,227,13.251
1447,0.599,0,8,0.049,2.78,1.445,0.683,10,8,228,13.25
1448,0.599,0,10,0.05,2.783,1.45,0.69,11,10,229,13.249
1449,0.599,0,9,0.05,2.786,1.451,0.685,11,9,230,13.247
1450,0.599,0,8,0.05,2.789,1.441,0.685,11,8,231,13.246
1451,0.599,0,9,0.049,2.792,1.445,0.687,10,8,232,13.245
1452,0.599,0,9,0.05,2.795,1.44,0.68,10,10,233,13.244
1453,0.599,0,12,0.05,2.796,1.445,0.684,11,10,234,13.243
1454,0.599,0,11,0.05,2.791,1.441,0.672,11,9,235,13.242
1455,0.599,0,13,0.05,2.777,1.441,0.675,11,8,236,13.241
1456,0.599,0,10,0.05,2.763,1.426,0.667,11,10,237,13.24
1457,0.599,0,12,0.05,2.75,1.44,0.668,11,10,238,13.239
1458,0.599,0,12,0.05,2.737,1.451,0.665,11,11,239,13.238
1459,0.599,0,10,0.05,2.723,1.441,0.667,11,8,240,13.237
1460,0.599,0,8,0.049,2.711,1.465,0.672,11,9,241,13.236
1461,0.599,0,6,0.05,2.698,1.441,0.67,11,9,242,13.235
1462,0.599,0,10,0.05,2.686,1.445,0.669,11,11,243,13.234
1463,0.599,0,6,0.05,2.674,1.44,0.668,11,10,244,13.233
1464,0.599,0,9,0.05,2.662,1.445,0.665,11,10,245,13.232
1465,0.6,0,6,0.049,2.651,1.451,0.672,11,9,246,13.231
1466,0.6,0,7,0.05,2.64,1.441,0.665,11,10,247,13.23
1467,0.6,0,7,0.05,2.629,1.442,0.666,11,10,248,13.229
1468,0.599,0,7,0.05,2.618,1.451,0.664,12,6,249,13.228
1469,0.599,0,6,0.049,2.608,1.465,0.67,11,7,250,13.227
1470,0.599,0,7,0.05,2.598,1.45,0.667,11,6,251,13.226
1471,0.599,0,10,0.05,2.588,1.442,0.672,11,7,252,13.225
1472,0.599,0,10,0.05,2.579,1.426,0.67,11,7,253,13.224
1473,0.599,0,12,0.05,2.57,1.445,0.674,11,5,254,13.224
1474,0.599,0,13,0.049,2.561,1.445,0.668,12,6,255,13.223
1475,0.599,0,10,0.05,2.552,1.431,0.664,11,6,256,13.222
1476,0.599,0,8,0.05,2.544,1.442,0.671,11,6,257,13.221
1477,0.599,0,8,0.05,2.536,1.445,0.673,12,6,258,13.22
1478,0.599,0,8,0.049,2.529,1.431,0.671,11,5,259,13.219
1479,0.599,0,9,0.05,2.522,1.451,0.666,10,7,260,13.218
1480,0.599,0,8,0.05,2.515,1.441,0.662,10,6,261,13.217
1481,0.599,0,5,0.05,2.509,1.422,0.661,10,6,262,13.216
1482,0.599,0,9,0.049,2.503,1.445,0.66,10,5,263,13.216
1483,0.599,0,7,0.05,2.497,1.431,0.653,10,6,264,13.215
1484,0.599,0,8,0.05,2.492,1.426,0.646,10,7,265,13.214
1485,0.599,0,5,0.05,2.487,1.45,0.651,11,5,266,13.213
1486,0.599,0,6,0.049,2.482,1.442,0.651,11,6,267,13.212
1487,0.599,0,10,0.05,2.478,1.445,0.652,11,6,268,13.212
1488,0.599,0,6,0.05,2.474,1.426,0.656,11,6,269,13.212
1489,0.6,0,7,0.05,2.47,1.431,0.661,11,7,270,13.211
1490,0.599,0,10,0.05,2.467,1.442,0.669,11,6,271,13.21
1491,0.599,0,11,0.05,2.465,1.426,0.67,11,7,272,13.21
1492,0.599,0,9,0.05,2.462,1.442,0.661,11,5,273,13.209
1493,0.599,0,9,0.049,2.459,1.445,0.663,11,6,274,13.208
1494,0.6,0,9,0.05,2.457,1.426,0.656,11,7,275,13.207
1495,0.599,0,9,0.05,2.456,1.426,0.658,10,7,276,13.207
1496,0.599,0,10,0.05,2.456,1.441,0.644,10,6,277,13.206
1497,0.599,0,13,0.05,2.455,1.442,0.661,10,6,278,13.205
1498,0.599,0,11,0.05,2.455,1.412,0.657,10,8,279,13.204
1499,0.599,0,14,0.05,2.455,1.451,0.665,10,6,280,13.204
1500,0.599,0,9,0.049,2.456,1.426,0.656,11,7,281,13.203
1501,0.599,0,8,0.05,2.457,1.431,0.67,11,7,282,13.202
1502,0.599,0,10,0.05,2.459,1.451,0.656,11,9,283,13.201
1503,0.599,0,13,0.05,2.461,1.422,0.664,11,7,284,13.201
1504,0.599,0,11,0.05,2.462,1.426,0.66,11,8,285,13.2
1505,0.599,0,9,0.05,2.464,1.445,0.668,11,6,286,13.199
1506,0.599,0,11,0.05,2.467,1.451,0.671,11,7,287,13.199
1507,0.599,0,8,0.049,2.469,1.461,0.668,11,7,288,13.198
1508,0.6,0,9,0.05,2.472,1.445,0.672,11,8,289,13.197
1509,0.599,0,8,0.05,2.474,1.422,0.666,11,7,290,13.197
1510,0.6,0,7,0.049,2.478,1.445,0.674,11,7,291,13.196
1511,0.599,0,8,0.05,2.48,1.445,0.674,10,8,292,13.195
1512,0.599,0,13,0.05,2.484,1.442,0.683,10,8,293,13.195
1513,0.599,0,12,0.05,2.487,1.445,0.671,10,5,294,13.194
1514,0.6,0,6,0.05,2.49,1.445,0.679,9,8,295,13.193
1515,0.599,0,5,0.05,2.494,1.445,0.669,9,8,296,13.193
1516,0.599,0,8,0.05,2.497,1.426,0.676,9,7,297,13.192
1517,0.599,0,11,0.05,2.502,1.445,0.664,9,7,298,13.192
1518,0.599,0,11,0.05,2.506,1.441,0.671,8,8,299,13.191
1519,0.599,0,5,0.05,2.51,1.461,0.666,8,7,300,13.19
1520,0.599,0,8,0.05,2.515,1.422,0.663,8,8,301,13.19
1521,0.599,0,8,0.05,2.52,1.441,0.656,8,7,302,13.189
1522,0.599,0,9,0.05,2.524,1.401,0.653,7,7,303,13.188
1523,0.599,0,10,0.05,2.529,1.451,0.635,7,10,304,13.188
1524,0.599,0,12,0.05,2.534,1.442,0.657,7,9,305,13.187
1525,0.599,0,9,0.05,2.539,1.451,0.648,7,6,306,13.187
1526,0.599,0,8,0.049,2.545,1.45,0.658,7,6,307,13.186
1527,0.599,0,5,0.05,2.55,1.44,0.643,7,7,308,13.185
1528,0.599,0,13,0.05,2.555,1.426,0.652,7,7,309,13.185
1529,0.598,0,12,0.049,2.562,1.465,0.643,7,6,310,13.184
1530,0.598,0,17,0.05,2.567,1.44,0.647,7,8,311,13.184
1531,0.598,0,8,0.05,2.573,1.451,0.638,7,9,312,13.183
1532,0.597,0,14,0.05,2.578,1.451,0.644,7,7,313,13.183
1533,0.598,0,14,0.049,2.585,1.465,0.635,7,8,314,13.182
1534,0.597,0,17,0.05,2.591,1.426,0.642,7,9,315,13.181
1535,0.598,0,20,0.05,2.597,1.45,0.63,7,9,316,13.181
1536,0.596,0,19,0.05,2.604,1.441,0.641,7,7,317,13.18
1537,0.598,0,17,0.05,2.61,1.422,0.632,7,7,318,13.18
1538,0.598,0,12,0.049,2.617,1.465,0.641,8,8,319,13.179
1539,0.598,0,11,0.05,2.624,1.445,0.628,8,10,320,13.179
1540,0.597,0,17,0.05,2.631,1.441,0.625,9,9,321,13.178
1541,0.598,0,18,0.05,2.637,1.422,0.626,9,8,322,13.178
1542,0.599,0,15,0.049,2.645,1.465,0.618,9,8,323,13.177
1543,0.598,0,17,0.05,2.652,1.441,0.617,9,9,324,13.177
1544,0.599,0,17,0.05,2.659,1.45,0.614,9,11,325,13.176
1545,0.598,0,20,0.05,2.666,1.426,0.608,9,9,326,13.175
1546,0.599,0,12,0.049,2.674,1.45,0.618,9,10,327,13.175
1547,0.598,0,18,0.05,2.682,1.431,0.608,9,11,328,13.174
1548,0.599,0,16,0.049,2.689,1.426,0.619,9,9,329,13.174
1549,0.599,0,15,0.05,2.697,1.441,0.623,9,11,330,13.173
1550,0.599,0,12,0.05,2.705,1.441,0.622,9,11,331,13.173
1551,0.599,0,18,0.05,2.713,1.465,0.617,9,11,332,13.172
1552,0.599,0,12,0.05,2.721,1.441,0.621,9,10,333,13.172
1553,0.599,0,15,0.05,2.729,1.452,0.624,9,10,334,13.171
1554,0.599,0,19,0.049,2.737,1.442,0.619,9,10,335,13.171
1555,0.599,0,14,0.05,2.746,1.441,0.626,9,9,336,13.17
1556,0.599,0,8,0.05,2.754,1.44,0.638,9,8,337,13.17
1557,0.598,0,14,0.049,2.763,1.422,0.629,9,8,338,13.169
1558,0.599,0,10,0.05,2.771,1.441,0.641,9,10,339,13.169
1559,0.598,0,15,0.05,2.779,1.445,0.644,10,10,340,13.168
1560,0.599,0,11,0.05,2.788,1.431,0.647,10,8,341,13.168
1561,0.599,0,11,0.05,2.797,1.441,0.639,10,10,342,13.168
1562,0.599,0,10,0.05,2.805,1.445,0.634,10,6,343,13.167
1563,0.599,0,13,0.05,2.815,1.465,0.638,10,9,344,13.167
1564,0.599,0,15,0.049,2.823,1.442,0.637,10,6,345,13.166
1565,0.599,0,17,0.05,2.831,1.445,0.641,10,8,346,13.166
1566,0.599,0,11,0.049,2.84,1.442,0.64,10,6,347,13.165
1567,0.599,0,14,0.05,2.848,1.45,0.645,10,5,348,13.165
1568,0.599,0,14,0.049,2.857,1.442,0.643,10,8,349,13.164
1569,0.599,0,13,0.05,2.866,1.442,0.646,10,7,350,13.164
1570,0.599,0,12,0.049,2.874,1.44,0.645,10,7,351,13.163
1571,0.599,0,10,0.05,2.882,1.441,0.643,10,5,352,13.163
1572,0.599,0,9,0.049,2.891,1.441,0.64,10,6,353,13.162
1573,0.599,0,13,0.05,2.899,1.441,0.648,10,5,354,13.162
1574,0.599,0,16,0.05,2.907,1.441,0.653,10,6,355,13.161
1575,0.599,0,12,0.05,2.915,1.426,0.659,9,7,356,13.161
1576,0.599,0,7,0.05,2.924,1.441,0.658,9,6,357,13.161
1577,0.599,0,8,0.049,2.932,1.441,0.652,9,6,358,13.16
1578,0.599,0,13,0.05,2.94,1.45,0.649,9,5,359,13.16
1579,0.599,0,8,0.05,2.948,1.44,0.645,9,6,360,13.159
1580,0.599,0,18,0.05,2.955,1.445,0.646,10,5,361,13.159
1581,0.599,0,15,0.05,2.964,1.426,0.654,10,6,362,13.158
1582,0.599,0,17,0.05,2.971,1.441,0.65,10,5,363,13.158
1583,0.599,0,13,0.05,2.978,1.45,0.646,10,5,364,13.157
1584,0.599,0,14,0.05,2.986,1.441,0.644,10,4,365,13.157
1585,0.599,0,12,0.05,2.993,1.451,0.657,11,5,366,13.156
1586,0.599,0,15,0.05,3.001,1.441,0.643,11,5,367,13.156
1587,0.599,0,14,0.05,3.009,1.412,0.652,11,4,368,13.155
1588,0.599,0,12,0.05,3.016,1.451,0.654,11,5,369,13.155
1589,0.598,0,10,0.049,3.023,1.441,0.657,12,4,370,13.155
1590,0.599,0,10,0.05,3.03,1.426,0.652,12,4,371,13.154
1591,0.598,0,15,0.05,3.037,1.441,0.646,12,4,372,13.154
1592,0.599,0,12,0.05,3.044,1.442,0.637,12,5,373,13.153
1593,0.598,0,11,0.05,3.05,1.461,0.633,12,3,374,13.153
1594,0.599,0,12,0.049,3.058,1.44,0.63,12,5,375,13.152
1595,0.599,0,15,0.05,3.065,1.45,0.632,12,4,376,13.152
1596,0.599,0,12,0.05,3.071,1.45,0.63,12,6,377,13.151
1597,0.599,0,13,0.05,3.078,1.451,0.623,11,5,378,13.151
1598,0.599,0,15,0.05,3.085,1.451,0.634,11,4,379,13.15
1599,0.599,0,8,0.049,3.09,1.426,0.629,11,5,380,13.15
1600,0.599,0,16,0.05,3.097,1.45,0.626,11,6,381,13.15
1601,0.599,0,15,0.05,3.103,1.442,0.632,11,5,382,13.15
1602,0.599,0,14,0.05,3.11,1.426,0.637,11,4,383,13.15
1603,0.599,0,15,0.05,3.116,1.44,0.645,10,4,384,13.149
1604,0.599,0,15,0.05,3.122,1.452,0.645,11,5,385,13.149
1605,0.599,0,13,0.049,3.128,1.441,0.647,11,3,386,13.148
1606,0.599,0,11,0.05,3.134,1.44,0.654,11,4,387,13.148
1607,0.599,0,14,0.05,3.14,1.45,0.66,11,4,388,13.147
1608,0.599,0,15,0.049,3.146,1.441,0.652,12,3,389,13.147
1609,0.599,0,12,0.049,3.151,1.441,0.661,12,3,390,13.146
1610,0.599,0,13,0.049,3.158,1.45,0.662,12,3,391,13.146
1611,0.599,0,13,0.05,3.163,1.441,0.662,13,4,392,13.145
1612,0.599,0,9,0.05,3.169,1.44,0.664,13,3,393,13.145
1613,0.599,0,11,0.05,3.174,1.445,0.655,13,3,394,13.144
1614,0.599,0,18,0.05,3.18,1.441,0.658,13,4,395,13.144
1615,0.599,0,10,0.05,3.185,1.442,0.653,13,4,396,13.143
1616,0.599,0,13,0.05,3.19,1.426,0.655,13,3,397,13.143
1617,0.599,0,13,0.05,3.195,1.441,0.65,12,3,398,13.143
1618,0.599,0,14,0.05,3.201,1.46,0.65,12,4,399,13.142
1619,0.599,0,12,0.049,3.206,1.441,0.645,11,3,400,13.142
1620,0.599,0,9,0.05,3.211,1.442,0.649,13,3,401,13.141
1621,0.599,0,18,0.05,3.216,1.44,0.632,13,4,402,13.141
1622,0.599,0,13,0.05,3.221,1.445,0.623,13,4,403,13.14
1623,0.599,0,7,0.05,3.226,1.441,0.622,13,4,404,13.139
1624,0.599,0,9,0.05,3.231,1.44,0.621,13,5,405,13.139
1625,0.599,0,6,0.05,3.237,1.442,0.622,13,3,406,13.138
1626,0.599,0,10,0.05,3.241,1.442,0.641,13,4,407,13.137
1627,0.599,0,9,0.05,3.246,1.441,0.644,13,5,408,13.137
1628,0.599,0,11,0.05,3.25,1.451,0.629,15,4,409,13.136
1629,0.599,0,16,0.05,3.255,1.442,0.623,15,4,410,13.135
1630,0.599,0,15,0.05,3.26,1.44,0.622,13,8,411,13.134
1631,0.599,0,7,0.05,3.264,1.442,0.626,13,4,412,13.133
1632,0.598,0,16,0.05,3.269,1.445,0.614,14,4,413,13.132
1633,0.599,0,13,0.05,3.273,1.44,0.604,14,6,414,13.131
1634,0.599,0,17,0.05,3.278,1.45,0.595,14,5,415,13.13
1635,0.599,0,12,0.05,3.282,1.441,0.589,14,3,416,13.129
1636,0.599,0,12,0.05,3.287,1.45,0.59,14,5,417,13.127
1637,0.599,0,9,0.05,3.292,1.442,0.589,13,6,418,13.126
1638,0.599,0,10,0.05,3.296,1.445,0.606,13,4,419,13.125
1639,0.599,0,12,0.05,3.301,1.461,0.611,14,5,420,13.124
1640,0.598,0,10,0.05,3.305,1.45,0.608,14,5,421,13.122
1641,0.599,0,6,0.049,3.309,1.426,0.59,14,7,422,13.121
1642,0.599,0,14,0.05,3.314,1.442,0.593,13,5,423,13.12
1643,0.599,0,9,0.05,3.317,1.426,0.601,13,6,424,13.118
1644,0.599,0,8,0.05,3.321,1.45,0.597,14,7,425,13.117
1645,0.599,0,15,0.05,3.326,1.442,0.604,14,5,426,13.116
1646,0.599,0,8,0.05,3.33,1.426,0.599,14,5,427,13.114
1647,0.599,0,6,0.05,3.334,1.426,0.59,14,6,428,13.113
1648,0.599,0,13,0.05,3.338,1.442,0.598,14,4,20,13.111
1649,0.599,0,9,0.05,3.322,1.426,0.596,14,4,21,13.11
1650,0.599,0,12,0.05,3.306,1.422,0.592,14,7,22,13.108
1651,0.599,0,11,0.05,3.291,1.451,0.599,12,5,23,13.107
1652,0.599,0,8,0.05,3.274,1.45,0.592,12,5,24,13.107
1653,0.599,0,11,0.05,3.258,1.422,0.59,12,5,25,13.105
1654,0.599,0,10,0.05,3.243,1.441,0.594,12,3,26,13.104
1655,0.599,0,7,0.05,3.227,1.445,0.59,12,6,27,13.102
1656,0.6,0,8,0.05,3.211,1.445,0.587,12,6,28,13.101
1657,0.599,0,10,0.049,3.195,1.441,0.6,12,4,29,13.099
1658,0.599,0,8,0.05,3.179,1.426,0.59,12,7,30,13.098
1659,0.599,0,8,0.05,3.164,1.441,0.59,12,4,31,13.096
1660,0.599,0,11,0.049,3.149,1.441,0.597,12,5,32,13.095
1661,0.599,0,9,0.05,3.133,1.426,0.586,12,5,33,13.093
1662,0.599,0,8,0.05,3.119,1.441,0.583,12,5,34,13.092
1663,0.599,0,10,0.05,3.104,1.441,0.577,12,3,35,13.09
1664,0.599,0,11,0.05,3.088,1.445,0.576,12,5,36,13.089
1665,0.599,0,7,0.05,3.073,1.445,0.586,12,5,37,13.087
1666,0.599,0,13,0.05,3.059,1.451,0.593,12,2,38,13.086
1667,0.599,0,10,0.05,3.044,1.445,0.589,12,5,39,13.084
1668,0.599,0,12,0.05,3.029,1.426,0.592,12,4,40,13.083
1669,0.599,0,9,0.049,3.015,1.45,0.592,12,3,41,13.081
1670,0.599,0,12,0.05,3.0,1.445,0.586,12,5,42,13.08
1671,0.599,0,5,0.05,2.986,1.451,0.594,12,5,43,13.078
1672,0.599,0,11,0.05,2.972,1.452,0.587,12,3,44,13.076
1673,0.6,0,7,0.05,2.958,1.441,0.591,12,5,45,13.075
1674,0.599,0,12,0.05,2.944,1.426,0.586,12,6,46,13.073
1675,0.599,0,13,0.049,2.93,1.441,0.59,12,5,47,13.072
1676,0.599,0,10,0.049,2.916,1.451,0.586,12,6,48,13.07
1677,0.599,0,12,0.05,2.903,1.442,0.591,12,4,49,13.07
1678,0.599,0,12,0.05,2.889,1.44,0.587,12,4,50,13.068
1679,0.599,0,16,0.05,2.876,1.45,0.58,12,7,51,13.067
1680,0.599,0,11,0.05,2.863,1.451,0.58,12,3,52,13.065
1681,0.597,0,14,0.05,2.85,1.44,0.585,12,4,53,13.063
1682,0.599,0,13,0.05,2.836,1.45,0.581,12,3,54,13.062
1683,0.597,0,9,0.049,2.823,1.445,0.581,12,5,55,13.06
1684,0.599,0,11,0.05,2.81,1.44,0.58,12,2,56,13.059
1685,0.596,0,12,0.05,2.797,1.442,0.594,12,5,57,13.057
1686,0.599,0,11,0.05,2.785,1.441,0.595,12,2,58,13.055
1687,0.599,0,10,0.05,2.773,1.452,0.595,12,5,59,13.054
1688,0.599,0,16,0.05,2.76,1.441,0.595,14,3,60,13.052
1689,0.599,0,14,0.05,2.748,1.45,0.598,14,3,61,13.05
1690,0.599,0,11,0.05,2.737,1.44,0.59,14,2,62,13.049
1691,0.599,0,15,0.049,2.725,1.431,0.581,14,5,63,13.047
1692,0.599,0,12,0.049,2.712,1.451,0.582,14,4,64,13.046
1693,0.599,0,12,0.05,2.701,1.44,0.585,15,5,65,13.044
1694,0.599,0,14,0.05,2.689,1.445,0.58,15,4,66,13.042
1695,0.599,0,12,0.05,2.678,1.422,0.577,15,6,67,13.041
1696,0.599,0,15,0.05,2.667,1.441,0.579,15,3,68,13.039
1697,0.599,0,10,0.05,2.656,1.441,0.575,15,4,69,13.038
1698,0.599,0,13,0.05,2.645,1.445,0.575,15,3,70,13.037
1699,0.599,0,13,0.05,2.635,1.45,0.574,14,2,71,13.035
1700,0.599,0,9,0.05,2.624,1.441,0.568,14,3,72,13.033
1701,0.599,0,12,0.05,2.613,1.445,0.571,14,3,73,13.032
1702,0.599,0,10,0.049,2.603,1.441,0.565,14,3,74,13.03
1703,0.599,0,6,0.049,2.592,1.451,0.571,14,2,75,13.028
1704,0.599,0,10,0.05,2.582,1.426,0.581,14,2,76,13.027
1705,0.599,0,14,0.05,2.573,1.44,0.581,14,5,77,13.025
1706,0.599,0,6,0.05,2.563,1.46,0.581,14,2,78,13.023
1707,0.599,0,6,0.05,2.554,1.452,0.589,14,4,3,13.022
1708,0.599,0,10,0.05,2.545,1.451,0.589,14,1,2,13.02
1709,0.599,0,7,0.049,2.535,1.45,0.592,14,1,1,13.018
1710,0.599,0,10,0.05,2.526,1.445,0.6,14,2,2,13.017
1711,0.599,0,9,0.05,2.517,1.451,0.604,14,2,2,13.015
1712,0.599,0,11,0.05,2.508,1.441,0.605,14,1,1,13.013
1713,0.599,0,13,0.05,2.5,1.445,0.604,13,3,2,13.012
1714,0.599,0,14,0.05,2.492,1.441,0.603,13,3,2,13.011
1715,0.599,0,11,0.05,2.483,1.445,0.601,14,2,3,13.009
1716,0.599,0,6,0.05,2.475,1.45,0.605,15,3,4,13.007
1717,0.599,0,13,0.049,2.468,1.44,0.603,15,1,5,13.005
1718,0.599,0,8,0.05,2.46,1.445,0.604,15,2,6,13.004
1719,0.599,0,13,0.05,2.452,1.452,0.601,15,0,0,13.002
1720,0.6,0,8,0.05,2.445,1.44,0.603,15,2,1,13.0
1721,0.599,0,12,0.05,2.438,1.44,0.592,15,1,2,12.998
1722,0.599,0,10,0.05,2.431,1.445,0.586,16,1,1,12.997
1723,0.599,0,12,0.05,2.424,1.45,0.59,17,3,1,12.995
1724,0.599,0,9,0.05,2.418,1.445,0.586,17,2,1,12.993
1725,0.599,0,15,0.05,2.412,1.445,0.576,17,1,1,12.991
1726,0.599,0,16,0.05,2.406,1.45,0.565,17,2,1,12.989
1727,0.599,0,13,0.05,2.399,1.445,0.569,17,2,1,12.987
1728,0.6,0,9,0.05,2.393,1.445,0.565,17,2,2,12.987
1729,0.599,0,14,0.049,2.388,1.45,0.561,17,3,3,12.985
1730,0.599,0,16,0.05,2.382,1.445,0.566,17,1,4,12.983
1731,0.599,0,12,0.049,2.377,1.441,0.56,17,3,5,12.981
1732,0.599,0,14,0.05,2.372,1.451,0.57,17,1,6,12.98
1733,0.599,0,10,0.049,2.367,1.445,0.566,17,3,7,12.978
1734,0.599,0,11,0.05,2.363,1.445,0.562,17,1,8,12.976
1735,0.599,0,16,0.049,2.359,1.441,0.565,17,1,9,12.974
1736,0.599,0,11,0.05,2.354,1.45,0.568,17,3,10,12.973
1737,0.599,0,16,0.05,2.35,1.401,0.563,16,2,11,12.971
1738,0.599,0,13,0.05,2.346,1.451,0.569,16,2,12,12.969
1739,0.599,0,14,0.05,2.342,1.45,0.572,16,2,13,12.967
1740,0.599,0,15,0.05,2.339,1.422,0.564,16,3,14,12.966
1741,0.599,0,16,0.049,2.336,1.441,0.569,16,4,15,12.964
1742,0.599,0,15,0.05,2.333,1.445,0.571,16,3,16,12.963
1743,0.599,0,8,0.05,2.331,1.422,0.571,16,2,17,12.962
1744,0.599,0,13,0.05,2.328,1.441,0.574,16,3,18,12.96
1745,0.599,0,15,0.05,2.326,1.445,0.571,16,3,19,12.958
1746,0.599,0,11,0.051,2.323,1.45,0.571,16,2,20,12.956
1747,0.599,0,13,0.05,2.321,1.445,0.561,17,3,21,12.955
1748,0.599,0,12,0.05,2.319,1.46,0.575,17,3,22,12.953
1749,0.599,0,16,0.05,2.318,1.45,0.571,17,2,23,12.951
1750,0.599,0,14,0.05,2.317,1.445,0.578,17,4,24,12.95
1751,0.599,0,16,0.05,2.316,1.426,0.58,17,4,25,12.948
1752,0.599,0,11,0.05,2.315,1.441,0.589,17,4,26,12.946
1753,0.599,0,15,0.05,2.314,1.445,0.589,16,3,27,12.945
1754,0.6,0,14,0.05,2.314,1.445,0.589,16,4,28,12.943
1755,0.599,0,10,0.05,2.313,1.445,0.589,16,3,17,12.941
1756,0.599,0,10,0.05,2.313,1.45,0.601,16,2,18,12.939
1757,0.599,0,10,0.05,2.313,1.451,0.59,16,3,19,12.938
1758,0.599,0,13,0.05,2.313,1.441,0.596,16,2,20,12.936
1759,0.599,0,21,0.05,2.313,1.451,0.597,16,4,21,12.934
1760,0.599,0,11,0.05,2.313,1.45,0.601,16,2,22,12.933
1761,0.599,0,19,0.05,2.313,1.445,0.602,16,3,23,12.931
1762,0.599,0,16,0.05,2.313,1.445,0.606,16,2,24,12.929
1763,0.599,0,17,0.05,2.313,1.426,0.609,16,3,25,12.927
1764,0.599,0,17,0.05,2.312,1.426,0.607,16,2,26,12.925
1765,0.599,0,20,0.05,2.312,1.445,0.618,16,3,27,12.923
1766,0.599,0,16,0.05,2.312,1.45,0.615,16,2,28,12.92
1767,0.599,0,18,0.05,2.312,1.445,0.616,16,3,29,12.918
1768,0.598,0,16,0.05,2.312,1.45,0.613,17,2,30,12.916
1769,0.599,0,9,0.05,2.312,1.452,0.614,17,1,31,12.914
1770,0.599,0,14,0.05,2.312,1.461,0.605,17,3,32,12.912
1771,0.599,0,13,0.05,2.313,1.441,0.609,17,1,33,12.91
1772,0.599,0,14,0.05,2.314,1.441,0.603,17,2,34,12.908
1773,0.599,0,16,0.05,2.314,1.445,0.598,17,3,35,12.906
1774,0.599,0,14,0.05,2.315,1.45,0.606,17,1,36,12.903
1775,0.599,0,13,0.051,2.316,1.45,0.602,17,1,37,12.901
1776,0.599,0,11,0.05,2.318,1.45,0.599,17,3,38,12.899
1777,0.599,0,15,0.051,2.32,1.445,0.605,17,1,39,12.897
1778,0.599,0,9,0.05,2.322,1.445,0.602,17,1,40,12.895
1779,0.599,0,12,0.05,2.324,1.45,0.607,17,1,41,12.892
1780,0.599,0,10,0.05,2.326,1.44,0.609,17,2,42,12.891
1781,0.599,0,13,0.05,2.329,1.451,0.611,17,2,43,12.889
1782,0.599,0,13,0.049,2.332,1.45,0.608,16,1,44,12.886
1783,0.599,0,17,0.05,2.334,1.441,0.61,16,1,1,12.884
1784,0.599,0,12,0.05,2.337,1.445,0.607,16,1,1,12.882
1785,0.599,0,14,0.05,2.341,1.441,0.607,16,3,2,12.879
1786,0.599,0,13,0.049,2.344,1.45,0.609,16,1,3,12.877
1787,0.599,0,16,0.05,2.348,1.445,0.61,16,1,4,12.875
1788,0.599,0,15,0.05,2.352,1.452,0.605,16,1,5,12.873
1789,0.599,0,14,0.05,2.356,1.45,0.613,16,1,6,12.87
1790,0.599,0,10,0.05,2.361,1.445,0.603,16,1,7,12.868
1791,0.599,0,14,0.05,2.366,1.441,0.603,16,3,8,12.866
1792,0.599,0,11,0.05,2.37,1.445,0.611,16,1,1,12.864
1793,0.599,0,10,0.05,2.375,1.445,0.609,17,2,1,12.862
1794,0.599,0,12,0.049,2.38,1.441,0.605,17,2,2,12.86
1795,0.599,0,15,0.05,2.385,1.45,0.599,17,2,3,12.858
1796,0.599,0,16,0.05,2.391,1.451,0.599,17,2,4,12.856
1797,0.599,0,13,0.049,2.397,1.422,0.591,17,3,5,12.854
1798,0.599,0,12,0.05,2.403,1.441,0.596,17,2,6,12.853
1799,0.599,0,13,0.05,2.409,1.452,0.598,17,2,7,12.851
1800,0.599,0,4,0.05,2.416,1.445,0.591,18,2,8,12.849
1801,0.599,0,9,0.05,2.421,1.445,0.594,18,2,9,12.847
1802,0.599,0,9,0.05,2.428,1.44,0.582,18,2,10,12.846
1803,0.599,0,7,0.05,2.435,1.441,0.585,17,3,11,12.844
1804,0.599,0,16,0.05,2.442,1.442,0.582,17,2,12,12.843
1805,0.599,0,9,0.05,2.45,1.441,0.588,17,2,13,12.841
1806,0.599,0,10,0.05,2.457,1.451,0.59,17,2,14,12.839
1807,0.599,0,10,0.05,2.465,1.44,0.588,17,2,15,12.837
1808,0.599,0,13,0.05,2.473,1.445,0.585,16,2,16,12.836
1809,0.599,0,16,0.05,2.481,1.441,0.579,16,2,17,12.834
1810,0.599,0,17,0.05,2.488,1.452,0.584,16,4,18,12.832
1811,0.599,0,9,0.05,2.509,1.442,0.582,16,2,19,12.831
1812,0.599,0,10,0.05,2.517,1.445,0.593,16,2,20,12.829
1813,0.599,0,13,0.05,2.526,1.442,0.591,17,3,21,12.827
1814,0.599,0,13,0.05,2.534,1.452,0.602,17,2,22,12.826
1815,0.599,0,7,0.05,2.543,1.426,0.596,17,3,23,12.824
1816,0.599,0,7,0.05,2.563,1.45,0.598,17,3,24,12.822
1817,0.599,0,12,0.05,2.571,1.445,0.596,17,2,25,12.821
1818,0.6,0,6,0.05,2.591,1.441,0.596,17,2,26,12.819
1819,0.599,0,13,0.05,2.599,1.441,0.592,17,4,27,12.818
1820,0.599,0,12,0.05,2.609,1.445,0.596,17,3,28,12.817
1821,0.599,0,8,0.05,2.618,1.445,0.595,17,1,29,12.815
1822,0.6,0,8,0.05,2.627,1.445,0.602,17,4,30,12.813
1823,0.599,0,6,0.05,2.638,1.45,0.594,17,1,31,12.812
1824,0.599,0,10,0.05,2.657,1.445,0.598,17,2,32,12.81
1825,0.599,0,6,0.05,2.668,1.451,0.593,17,2,33,12.808
1826,0.599,0,8,0.05,2.678,1.45,0.597,17,2,34,12.807
1827,0.599,0,5,0.05,2.688,1.442,0.6,17,2,35,12.805
1828,0.599,0,9,0.05,2.699,1.445,0.609,17,2,36,12.804
1829,0.599,0,13,0.05,2.709,1.445,0.606,18,1,37,12.802
1830,0.599,0,11,0.05,2.721,1.45,0.607,18,2,1,12.8
1831,0.599,0,9,0.05,2.732,1.441,0.595,18,1,1,12.799
1832,0.599,0,9,0.05,2.742,1.445,0.597,18,2,2,12.797
1833,0.599,0,6,0.05,2.755,1.442,0.59,18,0,0,12.795
1834,0.599,0,9,0.05,2.766,1.445,0.596,18,3,1,12.794
1835,0.599,0,10,0.05,2.779,1.445,0.599,18,1,1,12.793
1836,0.599,0,13,0.05,2.795,1.451,0.609,18,2,1,12.792
1837,0.599,0,10,0.05,2.811,1.45,0.611,18,0,0,12.79
1838,0.599,0,12,0.05,2.826,1.445,0.61,18,2,1,12.788
1839,0.599,0,14,0.05,2.842,1.445,0.607,18,2,2,12.786
1840,0.599,0,9,0.05,2.858,1.426,0.605,17,0,0,12.785
1841,0.599,0,9,0.049,2.874,1.451,0.608,17,1,1,12.783
1842,0.599,0,7,0.05,2.893,1.452,0.614,18,2,2,12.781
1843,0.599,0,11,0.05,2.913,1.445,0.606,18,0,0,12.779
1844,0.599,0,11,0.049,2.925,1.45,0.608,18,3,1,12.777
1845,0.599,0,12,0.05,2.932,1.431,0.609,18,1,2,12.775
1846,0.599,0,10,0.05,2.936,1.461,0.613,18,3,3,12.773
1847,0.599,0,4,0.05,2.94,1.45,0.612,17,2,4,12.77
1848,0.6,0,5,0.05,2.944,1.451,0.613,17,2,5,12.768
1849,0.599,0,7,0.05,2.948,1.442,0.608,17,2,6,12.765
1850,0.599,0,11,0.05,2.952,1.441,0.619,17,2,7,12.761
1851,0.6,0,10,0.05,2.956,1.45,0.625,17,2,8,12.758
1852,0.599,0,8,0.05,2.961,1.441,0.629,17,1,9,12.754
1853,0.599,0,9,0.05,2.966,1.445,0.635,17,3,10,12.754
1854,0.599,0,7,0.05,2.971,1.445,0.631,17,3,11,12.756
1855,0.599,0,9,0.05,2.976,1.452,0.631,17,2,12,12.758
1856,0.599,0,9,0.05,2.981,1.442,0.639,18,1,13,12.759
1857,0.6,0,9,0.05,2.987,1.451,0.632,19,3,14,12.761
1858,0.599,0,8,0.05,2.991,1.45,0.628,19,2,15,12.762
1859,0.599,0,8,0.05,2.996,1.445,0.626,19,3,16,12.764
1860,0.599,0,7,0.05,3.002,1.445,0.63,19,3,17,12.765
1861,0.599,0,9,0.05,3.007,1.445,0.632,19,2,18,12.767
1862,0.599,0,12,0.05,3.012,1.451,0.636,17,2,19,12.769
1863,0.599,0,9,0.05,3.017,1.445,0.632,17,2,20,12.771
1864,0.6,0,4,0.05,3.022,1.441,0.632,18,2,21,12.773
1865,0.599,0,7,0.049,3.027,1.45,0.631,18,3,22,12.773
1866,0.599,0,15,0.049,3.032,1.452,0.632,18,3,23,12.775
1867,0.599,0,16,0.05,3.036,1.445,0.628,18,3,24,12.777
1868,0.6,0,13,0.05,3.042,1.416,0.627,18,2,25,12.779
1869,0.599,0,11,0.05,3.046,1.445,0.635,18,3,26,12.781
1870,0.6,0,9,0.05,3.051,1.452,0.636,18,3,27,12.783
1871,0.599,0,8,0.05,3.056,1.451,0.631,18,3,28,12.785
1872,0.599,0,10,0.05,3.061,1.441,0.635,18,2,29,12.785
1873,0.6,0,5,0.049,3.065,1.451,0.645,18,3,30,12.787
1874,0.599,0,9,0.049,3.07,1.452,0.643,18,3,31,12.789
1875,0.599,0,8,0.05,3.075,1.412,0.653,18,3,32,12.792
1876,0.599,0,10,0.05,3.08,1.451,0.652,18,2,33,12.794
1877,0.599,0,13,0.05,3.084,1.445,0.651,18,3,34,12.796
1878,0.599,0,9,0.05,3.089,1.445,0.652,17,3,35,12.797
1879,0.599,0,11,0.05,3.094,1.45,0.651,17,3,36,12.799
1880,0.599,0,12,0.05,3.099,1.445,0.643,17,3,37,12.801
1881,0.599,0,12,0.05,3.105,1.445,0.641,17,3,38,12.803
1882,0.599,0,12,0.05,3.111,1.45,0.64,17,3,39,12.805
1883,0.599,0,10,0.05,3.119,1.441,0.634,17,2,40,12.808
1884,0.599,0,10,0.05,3.127,1.426,0.638,18,2,22,12.81
1885,0.6,0,9,0.05,3.134,1.445,0.631,18,2,23,12.811
1886,0.599,0,14,0.05,3.141,1.45,0.631,18,2,24,12.813
1887,0.599,0,10,0.05,3.148,1.441,0.629,18,2,25,12.816
1888,0.599,0,11,0.05,3.156,1.426,0.624,18,2,26,12.818
1889,0.599,0,11,0.05,3.163,1.445,0.629,18,2,27,12.82
1890,0.599,0,11,0.05,3.169,1.445,0.628,18,3,28,12.823
1891,0.599,0,9,0.05,3.177,1.426,0.626,18,2,29,12.825
1892,0.599,0,11,0.05,3.183,1.452,0.628,18,2,30,12.826
1893,0.599,0,12,0.05,3.191,1.445,0.625,18,2,31,12.829
1894,0.599,0,10,0.05,3.197,1.445,0.627,18,2,32,12.831
1895,0.599,0,9,0.05,3.204,1.451,0.63,18,2,33,12.833
1896,0.599,0,13,0.05,3.211,1.452,0.639,18,2,34,12.836
1897,0.599,0,8,0.05,3.217,1.426,0.644,18,2,35,12.838
1898,0.599,0,11,0.05,3.205,1.441,0.649,18,2,36,12.84
1899,0.599,0,9,0.05,3.191,1.445,0.647,18,2,37,12.843
1900,0.599,0,4,0.05,3.178,1.452,0.664,18,2,38,12.845
1901,0.599,0,11,0.05,3.163,1.426,0.668,18,2,39,12.849
1902,0.599,0,9,0.05,3.15,1.445,0.67,18,3,40,12.852
1903,0.599,0,10,0.05,3.137,1.445,0.668,18,2,41,12.854
1904,0.599,0,11,0.05,3.123,1.426,0.667,18,3,42,12.858
1905,0.598,0,9,0.05,3.11,1.451,0.688,18,3,43,12.862
1906,0.599,0,10,0.05,3.098,1.465,0.69,18,3,44,12.865
1907,0.597,0,13,0.05,3.084,1.442,0.69,18,3,45,12.869
1908,0.599,0,11,0.05,3.071,1.445,0.686,18,3,46,12.872
1909,0.597,0,13,0.05,3.059,1.452,0.689,19,3,47,12.877
1910,0.599,0,10,0.05,3.046,1.445,0.679,19,3,48,12.881
1911,0.598,0,12,0.05,3.033,1.441,0.68,19,2,28,12.885
1912,0.599,0,10,0.05,3.021,1.445,0.682,20,3,29,12.89
1913,0.599,0,14,0.05,3.009,1.452,0.676,20,3,30,12.895
1914,0.599,0,9,0.05,2.996,1.441,0.662,19,3,31,12.9
1915,0.597,0,8,0.05,2.984,1.416,0.673,19,2,32,12.904
1916,0.599,0,10,0.05,2.973,1.445,0.667,19,3,33,12.91
1917,0.597,0,12,0.05,2.961,1.452,0.669,19,3,34,12.916
1918,0.599,0,11,0.05,2.949,1.45,0.67,19,1,35,12.92
1919,0.598,0,13,0.05,2.938,1.445,0.674,18,4,36,12.926
1920,0.599,0,10,0.05,2.926,1.445,0.681,18,2,37,12.932
1921,0.598,0,15,0.05,2.915,1.445,0.679,18,4,38,12.938
1922,0.599,0,14,0.05,2.904,1.445,0.685,18,2,39,12.944
1923,0.598,0,12,0.05,2.893,1.445,0.683,18,3,40,12.95
1924,0.599,0,12,0.05,2.882,1.445,0.683,18,1,41,12.956
1925,0.599,0,11,0.05,2.872,1.445,0.686,18,3,42,12.963
1926,0.599,0,9,0.05,2.861,1.445,0.681,18,3,43,12.97
1927,0.599,0,10,0.05,2.85,1.441,0.685,18,1,44,12.976
1928,0.599,0,11,0.05,2.84,1.451,0.686,19,5,45,12.982
1929,0.599,0,13,0.05,2.83,1.445,0.679,19,1,46,12.988
1930,0.599,0,12,0.05,2.82,1.441,0.671,19,2,47,12.994
1931,0.599,0,10,0.05,2.81,1.452,0.675,20,1,48,13.0
1932,0.599,0,9,0.05,2.801,1.445,0.677,20,3,49,13.005
1933,0.599,0,11,0.05,2.79,1.445,0.664,20,3,50,13.011
1934,0.599,0,12,0.05,2.781,1.445,0.664,19,2,51,13.015
1935,0.599,0,10,0.05,2.772,1.441,0.661,19,3,52,13.019
1936,0.599,0,6,0.05,2.763,1.441,0.665,19,3,53,13.023
1937,0.599,0,12,0.05,2.754,1.445,0.665,19,2,54,13.026
1938,0.599,0,9,0.05,2.756,1.445,0.659,19,2,55,13.028
1939,0.6,0,13,0.05,2.766,1.441,0.656,19,3,56,13.029
1940,0.599,0,10,0.049,2.775,1.451,0.661,19,5,57,13.03
1941,0.6,0,8,0.05,2.784,1.445,0.654,19,1,58,13.029
1942,0.599,0,10,0.05,2.793,1.445,0.662,20,3,59,13.029
1943,0.599,0,10,0.05,2.803,1.441,0.651,20,3,60,13.028
1944,0.599,0,11,0.05,2.813,1.442,0.644,20,1,61,13.028
1945,0.6,0,7,0.05,2.822,1.445,0.658,20,3,62,13.028
1946,0.599,0,10,0.05,2.832,1.445,0.652,20,3,63,13.027
1947,0.6,0,11,0.049,2.842,1.45,0.647,20,2,64,13.027
1948,0.599,0,12,0.05,2.852,1.445,0.652,20,2,65,13.026
1949,0.599,0,13,0.05,2.862,1.445,0.645,20,3,66,13.026
1950,0.6,0,10,0.05,2.872,1.441,0.646,20,1,67,13.027
1951,0.599,0,11,0.05,2.882,1.441,0.656,20,2,68,13.03
1952,0.599,0,6,0.05,2.892,1.445,0.651,20,2,69,13.034
1953,0.599,0,5,0.05,2.903,1.461,0.65,20,1,70,13.037
1954,0.599,0,11,0.05,2.913,1.442,0.65,20,3,71,13.04
1955,0.599,0,6,0.05,2.924,1.44,0.663,20,2,72,13.041
1956,0.599,0,11,0.05,2.934,1.445,0.663,20,3,73,13.044
1957,0.599,0,11,0.05,2.945,1.451,0.669,20,2,74,13.045
1958,0.599,0,9,0.05,2.956,1.44,0.659,20,3,75,13.046
1959,0.599,0,8,0.05,2.966,1.451,0.67,20,3,76,13.047
1960,0.599,0,8,0.05,2.977,1.445,0.664,18,3,77,13.047
1961,0.6,0,9,0.05,2.988,1.452,0.667,18,3,78,13.047
1962,0.599,0,8,0.05,2.999,1.441,0.673,18,4,79,13.047
1963,0.599,0,6,0.05,3.01,1.445,0.683,18,2,4,13.046
1964,0.599,0,8,0.05,3.021,1.445,0.681,19,1,5,13.044
1965,0.6,0,8,0.05,3.019,1.45,0.667,19,2,6,13.044
1966,0.599,0,7,0.05,3.03,1.445,0.665,19,3,7,13.042
1967,0.6,0,9,0.05,3.041,1.451,0.664,19,1,8,13.041
1968,0.599,0,8,0.05,3.053,1.461,0.663,19,2,9,13.039
1969,0.599,0,5,0.05,3.051,1.441,0.656,18,1,2,13.038
1970,0.599,0,7,0.05,3.062,1.445,0.649,18,2,1,13.037
1971,0.599,0,8,0.05,3.074,1.445,0.651,18,1,1,13.036
1972,0.599,0,6,0.049,3.072,1.445,0.655,19,1,2,13.034
1973,0.599,0,7,0.05,3.083,1.445,0.657,19,1,3,13.034
1974,0.599,0,13,0.05,3.095,1.445,0.653,19,2,4,13.032
1975,0.599,0,6,0.05,3.095,1.441,0.655,19,1,1,13.032
1976,0.6,0,4,0.051,3.106,1.445,0.656,19,2,2,13.03
1977,0.599,0,9,0.05,3.118,1.445,0.663,20,3,3,13.03
1978,0.599,0,10,0.05,3.117,1.445,0.67,20,2,4,13.029
1979,0.6,0,7,0.05,3.128,1.44,0.673,20,1,4,13.026
1980,0.599,0,7,0.05,3.138,1.445,0.665,20,2,1,13.021
1981,0.599,0,9,0.05,3.131,1.442,0.654,19,2,2,13.014
1982,0.599,0,9,0.05,3.123,1.451,0.661,19,3,3,13.006
1983,0.598,0,8,0.05,3.117,1.45,0.658,19,3,4,12.998
1984,0.599,0,7,0.05,3.11,1.45,0.685,19,1,4,12.989
1985,0.599,0,9,0.05,3.103,1.441,0.669,19,3,5,12.98
1986,0.599,0,9,0.05,3.096,1.445,0.668,19,0,0,12.971
1987,0.599,0,9,0.05,3.089,1.445,0.657,19,3,1,12.962
1988,0.599,0,14,0.05,3.083,1.441,0.656,18,1,2,12.951
1989,0.599,0,12,0.05,3.077,1.44,0.674,18,2,3,12.941
1990,0.599,0,11,0.051,3.071,1.452,0.676,18,3,1,12.93
1991,0.599,0,12,0.05,3.065,1.451,0.659,19,1,1,12.919
1992,0.599,0,7,0.051,3.06,1.441,0.663,19,2,1,12.908
1993,0.599,0,9,0.05,3.054,1.441,0.679,18,1,1,12.896
1994,0.599,0,10,0.051,3.048,1.445,0.667,18,2,1,12.884
1995,0.599,0,10,0.051,3.043,1.445,0.689,18,0,0,12.871
1996,0.599,0,10,0.053,3.038,1.441,0.68,18,3,1,12.858
1997,0.598,0,8,0.056,3.033,1.445,0.668,18,0,0,12.846
1998,0.6,0,9,0.061,3.028,1.46,0.681,18,1,1,12.833
1999,0.599,0,9,0.066,3.024,1.445,0.678,18,1,1,12.819
2000,0.599,0,6,0.073,3.019,1.452,0.67,19,0,0,12.805
2001,0.598,0,8,0.08,3.014,1.445,0.67,19,0,0,12.791
2002,0.599,0,11,0.08,3.01,1.445,0.67,20,0,0,12.776
2003,0.599,0,8,0.079,3.006,1.445,0.665,20,2,1,12.761
2004,0.599,0,9,0.078,3.003,1.445,0.669,20,1,1,12.746
2005,0.599,0,10,0.077,2.999,1.441,0.67,20,0,0,12.73
2006,0.598,0,9,0.077,2.996,1.441,0.661,20,1,1,12.715
2007,0.599,0,5,0.079,2.992,1.451,0.667,20,0,0,12.699
2008,0.599,0,10,0.083,2.988,1.46,0.662,20,2,1,12.682
2009,0.599,0,11,0.087,2.986,1.452,0.667,20,0,0,12.666
2010,0.598,0,9,0.095,2.983,1.441,0.661,20,1,1,12.649
2011,0.599,0,11,0.103,2.981,1.445,0.669,20,4,2,12.632
2012,0.598,0,7,0.112,2.977,1.445,0.659,20,1,3,12.614
2013,0.599,0,8,0.114,2.975,1.452,0.665,20,2,4,12.597
2014,0.598,0,9,0.11,2.972,1.445,0.655,20,2,5,12.58
2015,0.599,0,9,0.105,2.967,1.445,0.655,20,2,6,12.561
2016,0.598,0,10,0.1,2.962,1.445,0.651,19,3,7,12.543
2017,0.598,0,6,0.095,2.959,1.445,0.655,19,2,8,12.524
2018,0.599,0,8,0.09,2.955,1.441,0.653,18,2,2,12.505
2019,0.598,0,10,0.083,2.952,1.452,0.652,18,1,1,12.487
2020,0.599,0,9,0.077,2.948,1.445,0.654,18,3,2,12.467
2021,0.598,0,8,0.071,2.945,1.452,0.649,19,3,3,12.448
2022,0.599,0,7,0.066,2.942,1.445,0.647,19,2,3,12.428
2023,0.599,0,8,0.062,2.938,1.441,0.651,19,3,4,12.408
2024,0.599,0,11,0.06,2.936,1.45,0.651,19,2,2,12.388
2025,0.599,0,11,0.06,2.933,1.445,0.648,19,1,1,12.367
2026,0.599,0,9,0.06,2.93,1.442,0.648,19,3,2,12.347
2027,0.599,0,10,0.061,2.927,1.442,0.664,19,2,3,12.326
2028,0.599,0,11,0.065,2.924,1.445,0.653,19,3,4,12.305
2029,0.599,0,10,0.068,2.922,1.445,0.653,19,3,5,12.284
2030,0.599,0,10,0.075,2.919,1.442,0.65,19,1,6,12.263
2031,0.599,0,5,0.081,2.917,1.46,0.662,19,1,7,12.242
2032,0.599,0,9,0.088,2.914,1.445,0.656,19,2,8,12.22
2033,0.599,0,9,0.094,2.912,1.445,0.659,19,3,9,12.198
2034,0.599,0,11,0.1,2.909,1.445,0.657,19,1,10,12.177
2035,0.599,0,8,0.106,2.907,1.452,0.649,19,2,11,12.155
2036,0.599,0,9,0.111,2.906,1.445,0.655,19,1,12,12.132
2037,0.599,0,9,0.115,2.904,1.441,0.65,19,2,13,12.11
2038,0.599,0,8,0.12,2.901,1.451,0.65,19,2,14,12.088
2039,0.599,0,11,0.124,2.899,1.451,0.65,18,2,15,12.066
2040,0.599,0,11,0.127,2.898,1.445,0.642,18,2,16,12.042
2041,0.599,0,11,0.13,2.896,1.445,0.637,18,2,17,12.02
2042,0.6,0,10,0.133,2.894,1.441,0.642,18,1,1,11.997
2043,0.599,0,5,0.135,2.892,1.445,0.637,18,2,2,11.975
2044,0.599,0,7,0.137,2.891,1.445,0.635,17,3,2,11.952
2045,0.599,0,8,0.138,2.889,1.441,0.634,17,2,3,11.928
2046,0.599,0,8,0.139,2.887,1.441,0.64,17,2,4,11.906
2047,0.599,0,4,0.14,2.886,1.441,0.65,17,2,5,11.883
2048,0.599,0,6,0.14,2.885,1.451,0.646,17,2,6,11.859
2049,0.599,0,10,0.14,2.884,1.441,0.653,17,2,7,11.836
2050,0.599,0,8,0.139,2.883,1.441,0.654,18,4,8,11.813
2051,0.599,0,8,0.138,2.882,1.445,0.655,18,1,9,11.789
2052,0.599,0,9,0.137,2.88,1.445,0.657,18,2,10,11.766
2053,0.599,0,8,0.135,2.878,1.45,0.651,18,3,2,11.743
2054,0.599,0,6,0.132,2.877,1.445,0.652,18,2,2,11.72
2055,0.599,0,8,0.13,2.875,1.45,0.653,18,2,2,11.696
2056,0.599,0,4,0.127,2.873,1.441,0.647,18,1,2,11.673
2057,0.599,0,6,0.125,2.871,1.445,0.655,18,1,1,11.65
2058,0.599,0,5,0.122,2.87,1.441,0.653,18,1,1,11.626
2059,0.599,0,7,0.119,2.867,1.441,0.65,18,2,2,11.603
2060,0.599,0,9,0.117,2.865,1.451,0.66,19,0,0,11.58
2061,0.599,0,10,0.114,2.863,1.445,0.658,19,2,1,11.556
2062,0.599,0,8,0.111,2.861,1.445,0.658,19,1,2,11.533
2063,0.599,0,9,0.109,2.859,1.441,0.652,20,1,1,11.51
2064,0.599,0,9,0.106,2.857,1.451,0.635,20,2,1,11.487
2065,0.599,0,8,0.105,2.862,1.451,0.636,19,1,2,11.463
2066,0.599,0,8,0.105,2.868,1.445,0.638,19,2,3,11.439
2067,0.599,0,7,0.106,2.873,1.44,0.637,19,1,1,11.416
2068,0.6,0,7,0.109,2.88,1.441,0.637,19,2,2,11.393
2069,0.599,0,9,0.113,2.885,1.445,0.642,19,2,2,11.37
2070,0.599,0,5,0.119,2.891,1.451,0.644,20,2,2,11.347
2071,0.599,0,9,0.126,2.897,1.442,0.641,20,3,3,11.323
2072,0.599,0,8,0.134,2.903,1.445,0.637,20,2,3,11.299
2073,0.599,0,9,0.144,2.91,1.445,0.644,19,2,4,11.276
2074,0.599,0,9,0.155,2.917,1.442,0.641,19,1,5,11.253
2075,0.599,0,12,0.167,2.922,1.44,0.634,18,2,1,11.23
2076,0.599,0,7,0.179,2.929,1.451,0.644,19,3,2,11.207
2077,0.599,0,8,0.193,2.936,1.445,0.634,19,2,3,11.183
2078,0.599,0,8,0.208,2.943,1.412,0.635,19,3,4,11.16
2079,0.599,0,10,0.222,2.95,1.445,0.629,19,3,5,11.136
2080,0.599,0,8,0.237,2.957,1.441,0.63,19,3,6,11.113
2081,0.599,0,7,0.251,2.965,1.451,0.629,19,2,7,11.09
2082,0.599,0,9,0.266,2.972,1.445,0.627,19,3,8,11.066
2083,0.599,0,5,0.281,2.979,1.441,0.63,19,3,9,11.043
2084,0.599,0,5,0.295,2.987,1.451,0.626,19,2,10,11.02
2085,0.599,0,6,0.31,2.994,1.465,0.64,19,2,11,10.997
2086,0.599,0,10,0.324,3.002,1.451,0.639,18,3,12,10.973
2087,0.599,0,10,0.339,3.01,1.426,0.635,19,2,13,10.949
2088,0.599,0,6,0.353,3.017,1.445,0.635,19,2,14,10.926
2089,0.6,0,6,0.368,3.026,1.445,0.622,18,3,15,10.903
2090,0.599,0,7,0.382,3.035,1.445,0.63,18,2,16,10.88
2091,0.599,0,7,0.397,3.045,1.441,0.627,18,2,17,10.857
2092,0.599,0,7,0.411,3.055,1.445,0.622,18,2,18,10.833
2093,0.599,0,6,0.426,3.066,1.441,0.629,17,1,19,10.809
2094,0.599,0,6,0.44,3.077,1.445,0.628,17,1,20,10.786
2095,0.599,0,3,0.455,3.089,1.451,0.621,17,1,21,10.763
2096,0.599,0,5,0.469,3.1,1.451,0.622,17,1,22,10.74
2097,0.599,0,8,0.484,3.112,1.445,0.627,17,2,23,10.717
2098,0.599,0,10,0.499,3.111,1.46,0.633,16,1,24,10.693
2099,0.599,0,10,0.513,3.102,1.441,0.627,17,0,0,10.669
2100,0.6,0,5,0.528,3.095,1.445,0.626,15,1,1,10.646
2101,0.599,0,6,0.542,3.088,1.451,0.619,15,0,0,10.623
2102,0.6,0,6,0.556,3.081,1.445,0.604,15,0,0,10.6
2103,0.599,0,8,0.572,3.075,1.445,0.607,15,1,1,10.576
2104,0.599,0,7,0.586,3.07,1.451,0.617,15,0,0,10.553
2105,0.599,0,7,0.601,3.064,1.406,0.624,15,0,0,10.53
2106,0.599,0,8,0.615,3.06,1.442,0.622,15,1,1,10.506
2107,0.599,0,8,0.629,3.056,1.445,0.622,15,0,0,10.483
2108,0.599,0,4,0.644,3.052,1.451,0.628,15,1,1,10.46
2109,0.599,0,7,0.659,3.05,1.441,0.626,15,0,0,10.436
2110,0.599,0,8,0.674,3.048,1.445,0.634,15,0,0,10.413
2111,0.599,0,8,0.688,3.046,1.46,0.63,15,0,0,10.39
2112,0.599,0,9,0.702,3.045,1.451,0.636,15,1,1,10.367
2113,0.599,0,4,0.717,3.044,1.451,0.631,15,0,0,10.343
2114,0.599,0,8,0.732,3.044,1.445,0.631,15,0,0,10.319
2115,0.599,0,13,0.747,3.044,1.445,0.617,15,0,0,10.296
2116,0.599,0,9,0.761,3.044,1.451,0.625,15,1,1,10.273
2117,0.599,0,9,0.775,3.045,1.441,0.62,15,2,2,10.25
2118,0.599,0,12,0.79,3.046,1.451,0.612,15,3,3,10.227
2119,0.599,0,9,0.805,3.047,1.451,0.615,15,1,4,10.203
2120,0.599,0,13,0.819,3.049,1.445,0.613,15,2,1,10.179
2121,0.6,0,10,0.834,3.051,1.451,0.618,15,2,2,10.156
2122,0.599,0,13,0.849,3.054,1.44,0.622,16,1,3,10.133
2123,0.599,0,10,0.864,3.059,1.451,0.637,16,2,4,10.11
2124,0.599,0,12,0.88,3.074,1.445,0.628,16,3,5,10.086
2125,0.599,0,12,0.896,3.091,1.451,0.627,16,2,6,10.063
2126,0.599,0,9,0.912,3.11,1.441,0.631,16,2,7,10.04
2127,0.599,0,10,0.928,3.13,1.451,0.627,16,2,8,10.016
2128,0.599,0,14,0.945,3.15,1.445,0.627,16,2,9,9.993
2129,0.599,0,12,0.961,3.171,1.445,0.631,16,3,10,9.97
2130,0.599,0,11,0.98,3.193,1.445,0.629,16,3,11,9.946
2131,0.599,0,10,0.996,3.215,1.445,0.628,16,3,12,9.923
2132,0.6,0,10,1.014,3.237,1.445,0.624,16,3,13,9.9
2133,0.599,0,14,1.031,3.26,1.445,0.629,16,4,14,9.877
2134,0.599,0,14,1.049,3.271,1.445,0.626,16,3,15,9.853
2135,0.599,0,12,1.068,3.271,1.451,0.619,16,3,16,9.829
2136,0.599,0,12,1.086,3.269,1.445,0.612,16,3,17,9.806
2137,0.599,0,11,1.104,3.268,1.445,0.611,15,4,18,9.783
2138,0.599,0,11,1.122,3.267,1.452,0.598,15,3,19,9.76
2139,0.599,0,14,1.141,3.267,1.445,0.607,15,3,20,9.737
2140,0.599,0,17,1.16,3.266,1.445,0.61,15,3,21,9.713
2141,0.599,0,12,1.179,3.266,1.452,0.609,15,3,22,9.689
2142,0.599,0,15,1.198,3.266,1.44,0.602,16,3,23,9.666
2143,0.599,0,14,1.217,3.265,1.451,0.603,16,5,24,9.643
2144,0.599,0,11,1.236,3.265,1.452,0.595,16,3,25,9.62
2145,0.599,0,9,1.255,3.264,1.451,0.6,16,3,26,9.597
2146,0.599,0,9,1.275,3.264,1.416,0.6,16,3,27,9.573
2147,0.599,0,13,1.295,3.264,1.445,0.599,16,3,28,9.549
2148,0.6,0,13,1.314,3.263,1.445,0.593,16,3,29,9.526
2149,0.599,0,13,1.334,3.263,1.445,0.592,17,2,27,9.503
2150,0.599,0,10,1.354,3.262,1.451,0.593,17,3,28,9.48
2151,0.599,0,9,1.374,3.262,1.445,0.578,17,3,29,9.456
2152,0.599,0,11,1.394,3.261,1.451,0.581,17,3,30,9.433
2153,0.599,0,7,1.414,3.261,1.445,0.583,17,3,31,9.41
2154,0.6,0,4,1.434,3.261,1.445,0.575,17,2,32,9.386
2155,0.599,0,8,1.455,3.261,1.451,0.579,17,3,33,9.363
2156,0.599,0,11,1.476,3.261,1.445,0.582,17,2,34,9.339
2157,0.599,0,10,1.496,3.261,1.451,0.58,17,1,29,9.316
2158,0.6,0,8,1.516,3.261,1.445,0.574,17,2,30,9.293
2159,0.6,0,10,1.537,3.262,1.442,0.572,17,2,31,9.27
2160,0.599,0,11,1.557,3.263,1.452,0.574,17,1,32,9.247
2161,0.599,0,9,1.578,3.264,1.451,0.58,17,2,33,9.223
2162,0.599,0,10,1.599,3.264,1.46,0.575,18,2,34,9.199
2163,0.599,0,9,1.62,3.266,1.445,0.579,18,1,35,9.176
2164,0.599,0,11,1.641,3.268,1.445,0.576,19,2,36,9.153
2165,0.599,0,11,1.662,3.268,1.451,0.57,19,1,37,9.13
2166,0.599,0,12,1.682,3.27,1.451,0.572,19,3,38,9.107
2167,0.599,0,13,1.704,3.272,1.441,0.563,19,2,39,9.083
2168,0.599,0,10,1.725,3.274,1.445,0.566,19,1,40,9.059
2169,0.599,0,5,1.746,3.276,1.441,0.571,18,1,1,9.036
2170,0.599,0,7,1.767,3.278,1.445,0.575,18,0,0,9.013
2171,0.599,0,7,1.788,3.281,1.451,0.573,18,0,0,8.99
2172,0.599,0,11,1.81,3.283,1.445,0.572,18,0,0,8.966
2173,0.599,0,9,1.832,3.286,1.442,0.569,18,0,0,8.943
2174,0.599,0,11,1.853,3.288,1.445,0.569,18,1,1,8.92
2175,0.599,0,12,1.874,3.292,1.441,0.568,18,0,0,8.896
2176,0.599,0,10,1.896,3.294,1.445,0.568,18,0,0,8.873
2177,0.599,0,6,1.917,3.298,1.445,0.572,18,0,0,8.85
2178,0.599,0,6,1.939,3.301,1.451,0.569,18,0,0,8.826
2179,0.599,0,9,1.961,3.31,1.442,0.577,17,1,1,8.803
2180,0.599,0,14,1.982,3.314,1.445,0.574,16,1,1,8.78
2181,0.6,0,6,2.004,3.317,1.441,0.571,16,0,0,8.757
2182,0.599,0,9,2.025,3.322,1.445,0.57,16,2,1,8.733
2183,0.599,0,9,2.048,3.325,1.445,0.574,16,0,0,8.709
2184,0.599,0,9,2.069,3.33,1.445,0.561,16,0,0,8.686
2185,0.599,0,9,2.091,3.335,1.445,0.564,16,0,0,8.663
2186,0.599,0,8,2.113,3.339,1.445,0.551,16,2,1,8.64
2187,0.599,0,11,2.134,3.35,1.445,0.564,16,1,1,8.617
2188,0.6,0,7,2.157,3.356,1.445,0.571,16,1,1,8.593
2189,0.599,0,7,2.179,3.356,1.441,0.569,16,0,0,8.569
2190,0.599,0,12,2.2,3.356,1.441,0.567,16,2,1,8.546
2191,0.599,0,7,2.222,3.356,1.445,0.553,16,3,2,8.523
2192,0.6,0,11,2.244,3.356,1.445,0.557,16,0,0,8.5
2193,0.599,0,11,2.266,3.356,1.451,0.554,17,4,1,8.477
2194,0.599,0,12,2.289,3.356,1.442,0.558,17,1,2,8.453
2195,0.599,0,5,2.311,3.356,1.445,0.554,17,2,3,8.43
2196,0.599,0,13,2.332,3.356,1.445,0.556,17,4,4,8.406
2197,0.599,0,10,2.354,3.356,1.441,0.558,17,3,5,8.383
2198,0.6,0,11,2.376,3.356,1.451,0.56,16,3,6,8.36
2199,0.599,0,8,2.399,3.356,1.445,0.569,15,2,7,8.336
2200,0.599,0,6,2.421,3.356,1.441,0.554,15,3,8,8.313
2201,0.599,0,8,2.443,3.356,1.441,0.562,15,3,9,8.29
2202,0.599,0,8,2.465,3.356,1.442,0.562,15,2,10,8.266
2203,0.599,0,9,2.487,3.356,1.451,0.567,15,3,11,8.243
2204,0.599,0,9,2.51,3.356,1.441,0.562,15,3,12,8.219
2205,0.599,0,11,2.532,3.356,1.461,0.558,15,3,13,8.196
2206,0.599,0,16,2.554,3.356,1.445,0.559,15,4,14,8.173
2207,0.599,0,13,2.576,3.356,1.445,0.562,15,1,2,8.15
2208,0.599,0,9,2.599,3.356,1.426,0.567,14,4,3,8.127
2209,0.599,0,5,2.621,3.356,1.45,0.562,15,2,4,8.103
2210,0.599,0,11,2.644,3.356,1.445,0.564,15,3,5,8.079
2211,0.598,0,10,2.666,3.356,1.445,0.565,15,2,6,8.056
2212,0.599,0,9,2.688,3.356,1.445,0.571,16,0,0,8.033
2213,0.599,0,13,2.71,3.356,1.445,0.564,16,2,1,8.01
2214,0.599,0,9,2.733,3.356,1.445,0.562,16,2,2,7.987
2215,0.599,0,13,2.756,3.356,1.445,0.565,16,3,3,7.963
2216,0.599,0,8,2.778,3.356,1.406,0.561,17,2,4,7.939
2217,0.599,0,13,2.8,3.356,1.452,0.57,17,2,5,7.916
2218,0.599,0,9,2.823,3.356,1.406,0.559,16,4,6,7.893
2219,0.599,0,10,2.845,3.356,1.445,0.567,16,0,0,7.87
2220,0.599,0,12,2.868,3.356,1.452,0.572,16,4,1,7.846
2221,0.599,0,8,2.89,3.356,1.445,0.569,16,2,2,7.823
2222,0.599,0,7,2.913,3.356,1.441,0.574,16,3,3,7.8
2223,0.599,0,16,2.935,3.356,1.445,0.569,16,4,4,7.776
2224,0.599,0,10,2.957,3.356,1.452,0.573,16,0,0,7.753
2225,0.599,0,10,2.98,3.356,1.451,0.572,16,2,1,7.73
2226,0.599,0,9,3.003,3.356,1.451,0.575,16,1,2,7.706
2227,0.599,0,14,3.025,3.356,1.445,0.587,16,1,3,7.683
2228,0.599,0,9,3.048,3.356,1.452,0.589,17,1,4,7.66
2229,0.599,0,14,3.07,3.356,1.442,0.59,17,0,0,7.637
2230,0.599,0,11,3.093,3.356,1.451,0.584,17,2,1,7.613
2231,0.599,0,13,3.116,3.356,1.445,0.583,17,2,2,7.589
2232,0.599,0,9,3.139,3.356,1.452,0.581,17,1,3,7.566
2233,0.599,0,10,3.161,3.356,1.441,0.582,17,1,4,7.543
2234,0.599,0,10,3.183,3.356,1.452,0.588,16,0,0,7.52
2235,0.599,0,14,3.206,3.356,1.451,0.591,16,1,1,7.497
2236,0.599,0,9,3.229,3.356,1.452,0.588,16,1,2,7.473
2237,0.599,0,13,3.252,3.356,1.441,0.595,16,1,3,7.449
2238,0.599,0,10,3.274,3.356,1.441,0.586,16,0,0,7.426
2239,0.599,0,10,3.297,3.356,1.451,0.577,16,2,1,7.403
2240,0.599,0,14,3.319,3.356,1.445,0.584,16,1,2,7.38
2241,0.598,0,13,3.342,3.356,1.451,0.589,17,1,3,7.357
2242,0.599,0,10,3.365,3.356,1.426,0.578,17,0,0,7.333
2243,0.599,0,13,3.388,3.356,1.445,0.569,17,1,1,7.31
2244,0.599,0,9,3.41,3.356,1.442,0.576,17,1,2,7.286
2245,0.599,0,10,3.433,3.356,1.452,0.567,18,1,3,7.263
2246,0.599,0,10,3.455,3.356,1.451,0.562,18,0,0,7.24
2247,0.599,0,6,3.479,3.356,1.441,0.561,18,2,1,7.216
2248,0.599,0,11,3.502,3.356,1.442,0.559,18,1,2,7.193
2249,0.599,0,12,3.524,3.348,1.451,0.547,18,1,1,7.17
2250,0.599,0,12,3.547,3.339,1.441,0.549,18,2,1,7.147
2251,0.599,0,10,3.569,3.329,1.451,0.564,18,1,2,7.123
2252,0.599,0,12,3.593,3.32,1.451,0.567,17,1,1,7.099
2253,0.599,0,10,3.616,3.311,1.445,0.581,16,1,1,7.076
2254,0.599,0,14,3.638,3.302,1.445,0.577,16,1,1,7.053
2255,0.599,0,8,3.661,3.294,1.412,0.566,16,1,1,7.03
2256,0.599,0,14,3.683,3.285,1.452,0.556,16,2,2,7.007
2257,0.599,0,11,3.706,3.276,1.445,0.557,16,0,0,6.983
2258,0.599,0,8,3.73,3.269,1.412,0.56,15,3,1,6.959
2259,0.599,0,14,3.752,3.26,1.442,0.564,15,1,2,6.936
2260,0.599,0,12,3.775,3.252,1.441,0.558,15,3,3,6.913
2261,0.599,0,10,3.798,3.244,1.442,0.551,16,1,4,6.89
2262,0.599,0,11,3.82,3.236,1.445,0.564,17,4,5,6.867
2263,0.6,0,6,3.844,3.227,1.441,0.551,17,2,6,6.843
2264,0.599,0,13,3.866,3.22,1.412,0.547,17,1,7,6.819
2265,0.599,0,10,3.889,3.212,1.452,0.537,17,4,8,6.796
2266,0.599,0,14,3.912,3.204,1.445,0.542,17,1,9,6.773
2267,0.599,0,10,3.934,3.198,1.452,0.541,17,4,10,6.75
2268,0.599,0,10,3.958,3.191,1.412,0.546,16,1,11,6.726
2269,0.599,0,14,3.981,3.183,1.426,0.54,16,3,12,6.703
2270,0.599,0,7,4.004,3.175,1.452,0.545,16,1,13,6.68
2271,0.599,0,9,4.026,3.168,1.45,0.54,16,2,14,6.656
2272,0.599,0,13,4.049,3.162,1.445,0.541,17,1,15,6.633
2273,0.599,0,10,4.073,3.155,1.452,0.53,17,3,16,6.609
2274,0.599,0,9,4.095,3.148,1.44,0.527,17,2,17,6.586
2275,0.599,0,12,4.118,3.141,1.452,0.52,17,2,18,6.563
2276,0.599,0,13,4.141,3.135,1.426,0.526,17,2,19,6.54
2277,0.599,0,11,4.163,3.128,1.452,0.513,17,2,20,6.517
2278,0.599,0,12,4.176,3.122,1.452,0.51,17,2,21,6.503
2279,0.598,0,7,4.189,3.115,1.442,0.504,18,1,22,6.486
2280,0.599,0,10,4.202,3.109,1.412,0.512,18,1,23,6.47
2281,0.599,0,12,4.216,3.103,1.452,0.514,18,2,24,6.453
2282,0.599,0,10,4.23,3.097,1.442,0.515,18,2,25,6.436
2283,0.599,0,13,4.244,3.091,1.416,0.509,18,2,26,6.419
2284,0.599,0,10,4.257,3.085,1.442,0.504,18,1,27,6.404
2285,0.599,0,7,4.271,3.079,1.442,0.502,17,2,28,6.387
2286,0.599,0,11,4.285,3.073,1.416,0.504,17,1,29,6.371
2287,0.599,0,6,4.299,3.068,1.461,0.494,17,1,30,6.354
2288,0.599,0,10,4.314,3.062,1.426,0.486,17,2,31,6.338
2289,0.599,0,9,4.328,3.056,1.431,0.487,17,2,32,6.321
2290,0.599,0,8,4.343,3.051,1.412,0.483,17,1,1,6.305
2291,0.599,0,8,4.357,3.046,1.442,0.488,17,0,0,6.288
2292,0.599,0,10,4.373,3.04,1.412,0.482,17,0,0,6.271
2293,0.599,0,13,4.388,3.036,1.442,0.49,17,0,0,6.255
2294,0.599,0,9,4.402,3.031,1.442,0.481,17,3,1,6.239
2295,0.599,0,13,4.417,3.026,1.445,0.482,17,0,0,6.223
2296,0.599,0,9,4.433,3.021,1.431,0.5,17,1,1,6.206
2297,0.599,0,12,4.448,3.016,1.445,0.501,17,1,1,6.189
2298,0.599,0,10,4.464,3.012,1.405,0.505,16,1,1,6.172
2299,0.599,0,9,4.479,3.007,1.445,0.504,16,2,1,6.157
2300,0.599,0,9,4.495,3.003,1.465,0.506,16,0,0,6.14
2301,0.599,0,13,4.51,2.998,1.406,0.5,16,2,1,6.124
2302,0.599,0,12,4.526,2.994,1.445,0.508,15,2,2,6.107
2303,0.599,0,11,4.542,2.99,1.445,0.507,15,0,0,6.09
2304,0.599,0,12,4.557,2.986,1.445,0.513,15,2,1,6.074
2305,0.599,0,12,4.573,2.983,1.441,0.508,15,1,1,6.058
2306,0.599,0,13,4.589,2.979,1.422,0.504,15,2,1,6.041
2307,0.599,0,10,4.605,2.975,1.422,0.507,15,1,1,6.024
2308,0.599,0,11,4.621,2.972,1.441,0.508,15,2,1,6.008
2309,0.599,0,11,4.637,2.969,1.451,0.512,15,2,1,5.991
2310,0.599,0,10,4.653,2.967,1.461,0.505,15,2,1,5.975
2311,0.599,0,9,4.669,2.964,1.442,0.513,15,0,0,5.959
2312,0.599,0,12,4.685,2.963,1.445,0.507,15,4,1,5.942
2313,0.599,0,11,4.701,2.961,1.422,0.501,15,0,0,5.926
2314,0.599,0,13,4.717,2.961,1.441,0.512,15,1,1,5.91
2315,0.599,0,10,4.734,2.962,1.422,0.509,15,1,1,5.892
2316,0.6,0,15,4.75,2.962,1.442,0.514,16,2,1,5.876
2317,0.599,0,11,4.766,2.963,1.445,0.506,16,2,1,5.86
2318,0.599,0,9,4.783,2.964,1.401,0.491,16,1,1,5.843
2319,0.599,0,11,4.799,2.966,1.445,0.503,16,3,1,5.827
2320,0.599,0,11,4.816,2.968,1.441,0.493,16,1,2,5.81
2321,0.599,0,13,4.832,2.97,1.422,0.505,16,4,3,5.794
2322,0.599,0,12,4.849,2.973,1.406,0.499,16,3,4,5.777
2323,0.599,0,8,4.865,2.976,1.431,0.496,16,1,5,5.761
2324,0.6,0,10,4.882,2.98,1.452,0.499,16,3,6,5.745
2325,0.599,0,11,4.899,2.984,1.401,0.5,16,2,7,5.728
2326,0.599,0,13,4.916,2.989,1.416,0.507,16,3,8,5.711
2327,0.599,0,13,4.932,2.995,1.445,0.507,16,1,9,5.695
2328,0.599,0,13,4.949,3.0,1.416,0.509,16,3,10,5.679
2329,0.599,0,10,4.966,3.004,1.445,0.525,17,0,0,5.662
2330,0.599,0,11,4.983,3.004,1.416,0.525,17,1,1,5.646
2331,0.599,0,7,5.0,3.004,1.431,0.499,17,2,1,5.629
2332,0.599,0,12,5.017,3.005,1.416,0.505,17,3,1,5.613
2333,0.599,0,9,5.034,3.006,1.406,0.505,17,2,1,5.597
2334,0.599,0,12,5.052,3.007,1.431,0.509,16,1,2,5.579
2335,0.599,0,11,5.069,3.008,1.412,0.506,16,1,1,5.563
2336,0.599,0,15,5.086,3.009,1.426,0.505,16,4,1,5.547
2337,0.599,0,12,5.103,3.011,1.431,0.503,16,1,1,5.531
2338,0.599,0,7,5.121,3.012,1.422,0.498,16,1,1,5.513
2339,0.599,0,6,5.138,3.013,1.451,0.511,16,1,1,5.497
2340,0.599,0,10,5.155,3.014,1.445,0.506,16,1,1,5.481
2341,0.599,0,9,5.173,3.016,1.422,0.504,16,2,1,5.464
2342,0.599,0,10,5.19,3.016,1.445,0.504,16,2,1,5.448
2343,0.599,0,12,5.208,3.018,1.406,0.496,16,1,1,5.431
2344,0.599,0,10,5.226,3.019,1.422,0.495,16,1,1,5.415
2345,0.599,0,11,5.243,3.02,1.406,0.484,16,4,1,5.399
2346,0.599,0,9,5.261,3.022,1.416,0.483,16,1,2,5.382
2347,0.599,0,12,5.279,3.023,1.406,0.482,15,3,3,5.365
2348,0.599,0,9,5.298,3.024,1.451,0.477,15,4,4,5.348
2349,0.599,0,12,5.315,3.026,1.396,0.476,15,0,0,5.333
2350,0.599,0,9,5.333,3.027,1.406,0.471,15,2,1,5.316
2351,0.599,0,11,5.351,3.03,1.45,0.477,15,0,0,5.3
2352,0.599,0,7,5.37,3.033,1.406,0.471,15,4,1,5.283
2353,0.599,0,11,5.388,3.035,1.396,0.481,15,1,1,5.267
2354,0.599,0,11,5.406,3.038,1.406,0.485,15,1,1,5.25
2355,0.599,0,15,5.425,3.042,1.426,0.5,15,0,0,5.234
2356,0.599,0,10,5.443,3.045,1.406,0.485,15,2,1,5.218
2357,0.599,0,5,5.462,3.048,1.426,0.485,15,0,0,5.201
2358,0.599,0,11,5.48,3.052,1.426,0.488,15,2,1,5.185
2359,0.599,0,8,5.499,3.056,1.368,0.485,15,0,0,5.169
2360,0.599,0,13,5.517,3.06,1.405,0.485,15,3,1,5.153
2361,0.599,0,4,5.536,3.064,1.405,0.48,15,3,2,5.137
2362,0.599,0,11,5.555,3.069,1.385,0.481,15,2,1,5.121
2363,0.599,0,10,5.573,3.073,1.461,0.477,15,5,2,5.105
2364,0.599,0,10,5.592,3.078,1.385,0.483,15,5,3,5.089
2365,0.599,0,13,5.61,3.083,1.385,0.476,15,1,2,5.074
2366,0.599,0,10,5.629,3.087,1.406,0.476,15,4,3,5.058
2367,0.6,0,10,5.647,3.093,1.426,0.471,15,2,2,5.042
2368,0.599,0,9,5.666,3.098,1.401,0.469,15,3,1,5.026
2369,0.599,0,9,5.685,3.103,1.412,0.469,15,1,2,5.01
2370,0.599,0,9,5.703,3.108,1.426,0.468,14,3,1,4.996
2371,0.599,0,10,5.722,3.114,1.36,0.467,14,4,2,4.98
2372,0.599,0,9,5.739,3.12,1.412,0.461,14,1,3,4.965
2373,0.599,0,14,5.758,3.126,1.412,0.472,14,4,4,4.95
2374,0.599,0,8,5.776,3.132,1.401,0.465,14,4,5,4.935
2375,0.599,0,8,5.795,3.137,1.412,0.46,15,4,6,4.92
2376,0.599,0,11,5.813,3.144,1.392,0.46,15,4,7,4.906
2377,0.599,0,13,5.832,3.15,1.401,0.473,15,0,0,4.89
2378,0.599,0,7,5.85,3.156,1.401,0.483,16,5,1,4.876
2379,0.6,0,6,5.869,3.162,1.442,0.483,16,1,2,4.861
2380,0.599,0,11,5.887,3.168,1.45,0.485,16,3,3,4.846
2381,0.599,0,6,5.906,3.175,1.445,0.483,16,2,4,4.832
2382,0.599,0,9,5.924,3.182,1.385,0.467,16,2,5,4.818
2383,0.599,0,8,5.943,3.188,1.396,0.469,16,3,6,4.803
2384,0.599,0,13,5.961,3.194,1.45,0.464,17,1,7,4.789
2385,0.599,0,12,5.979,3.2,1.381,0.454,17,2,8,4.775
2386,0.598,0,13,5.998,3.207,1.396,0.455,17,4,9,4.762
2387,0.599,0,14,6.016,3.214,1.396,0.463,17,3,10,4.748
2388,0.598,0,8,6.034,3.221,1.44,0.455,18,1,11,4.734
2389,0.599,0,10,6.052,3.227,1.38,0.449,18,3,12,4.72
2390,0.598,0,12,6.071,3.234,1.381,0.447,18,2,13,4.707
2391,0.599,0,9,6.089,3.241,1.441,0.438,17,3,14,4.693
2392,0.598,0,10,6.107,3.247,1.381,0.436,17,3,15,4.68
2393,0.599,0,13,6.126,3.254,1.385,0.445,16,2,16,4.666
2394,0.598,0,10,6.144,3.261,1.445,0.445,17,4,17,4.653
2395,0.599,0,13,6.162,3.268,1.392,0.437,17,2,18,4.639
2396,0.598,0,7,6.181,3.275,1.396,0.436,17,4,19,4.626
2397,0.599,0,12,6.199,3.281,1.396,0.432,17,3,20,4.613
2398,0.599,0,9,6.217,3.289,1.451,0.447,17,3,21,4.601
2399,0.599,0,9,6.235,3.296,1.426,0.437,17,3,22,4.588
2400,0.599,0,9,6.254,3.303,1.422,0.44,17,4,23,4.574
2401,0.599,0,10,6.272,3.31,1.445,0.438,17,4,24,4.562
2402,0.599,0,7,6.29,3.318,1.461,0.442,17,4,25,4.55
2403,0.599,0,7,6.308,3.325,1.385,0.436,17,6,26,4.537
2404,0.599,0,8,6.327,3.332,1.422,0.437,17,5,27,4.524
2405,0.599,0,11,6.344,3.339,1.426,0.442,17,4,28,4.512
2406,0.599,0,12,6.363,3.345,1.422,0.441,17,6,29,4.5
2407,0.599,0,12,6.381,3.343,1.412,0.439,17,5,30,4.487
2408,0.599,0,8,6.399,3.339,1.422,0.437,17,5,31,4.476
2409,0.599,0,8,6.418,3.337,1.401,0.436,17,6,32,4.463
2410,0.599,0,10,6.435,3.334,1.422,0.442,17,6,33,4.452
2411,0.599,0,10,6.454,3.332,1.445,0.442,17,5,34,4.439
2412,0.6,0,12,6.472,3.329,1.44,0.446,17,6,35,4.428
2413,0.599,0,11,6.491,3.327,1.422,0.448,17,5,36,4.416
2414,0.599,0,12,6.508,3.325,1.405,0.443,17,6,37,4.405
2415,0.599,0,12,6.527,3.323,1.422,0.448,17,5,38,4.392
2416,0.599,0,11,6.545,3.321,1.451,0.438,17,7,39,4.381
2417,0.599,0,7,6.563,3.319,1.422,0.439,17,5,40,4.371
2418,0.599,0,8,6.581,3.318,1.412,0.445,17,5,41,4.359
2419,0.599,0,15,6.598,3.316,1.426,0.446,16,6,42,4.348
2420,0.599,0,7,6.589,3.315,1.399,0.449,16,7,43,4.336
2421,0.599,0,10,6.581,3.315,1.451,0.456,16,4,44,4.325
2422,0.599,0,9,6.573,3.314,1.405,0.454,16,5,45,4.314
2423,0.599,0,6,6.567,3.315,1.431,0.459,16,6,46,4.302
2424,0.599,0,11,6.56,3.315,1.385,0.45,16,6,47,4.291
2425,0.599,0,6,6.553,3.315,1.445,0.456,16,4,48,4.28
2426,0.599,0,11,6.546,3.317,1.445,0.458,16,6,49,4.268
2427,0.599,0,10,6.541,3.318,1.385,0.456,16,4,50,4.256
2428,0.599,0,11,6.534,3.32,1.422,0.453,16,6,51,4.245
2429,0.6,0,11,6.529,3.322,1.441,0.455,16,5,52,4.233
2430,0.599,0,13,6.524,3.325,1.381,0.46,15,5,53,4.221
2431,0.599,0,6,6.518,3.328,1.38,0.446,15,7,54,4.218
2432,0.598,0,8,6.514,3.331,1.441,0.448,15,5,55,4.22
2433,0.599,0,11,6.509,3.335,1.396,0.441,15,7,56,4.222
2434,0.599,0,9,6.505,3.339,1.422,0.439,15,5,57,4.224
2435,0.599,0,11,6.5,3.344,1.44,0.434,15,6,47,4.226
2436,0.599,0,10,6.496,3.349,1.396,0.429,15,6,48,4.228
2437,0.599,0,12,6.493,3.355,1.38,0.433,15,5,49,4.231
2438,0.599,0,12,6.49,3.356,1.441,0.427,15,6,9,4.233
2439,0.599,0,7,6.487,3.356,1.38,0.43,15,7,10,4.235
2440,0.6,0,9,6.483,3.356,1.381,0.431,15,6,11,4.238
2441,0.599,0,9,6.481,3.356,1.441,0.422,15,8,12,4.241
2442,0.599,0,8,6.478,3.356,1.385,0.428,15,7,13,4.243
2443,0.599,0,9,6.477,3.356,1.45,0.432,15,6,14,4.246
2444,0.599,0,7,6.475,3.356,1.396,0.425,15,9,15,4.248
2445,0.599,0,8,6.473,3.356,1.45,0.427,16,8,16,4.251
2446,0.599,0,11,6.471,3.356,1.396,0.42,16,8,17,4.253
2447,0.599,0,9,6.47,3.356,1.45,0.426,16,8,18,4.256
2448,0.6,0,10,6.468,3.356,1.396,0.412,16,8,19,4.259
2449,0.599,0,12,6.466,3.356,1.385,0.407,16,7,20,4.262
2450,0.599,0,9,6.465,3.356,1.396,0.407,16,8,21,4.264
2451,0.599,0,10,6.464,3.356,1.396,0.415,16,9,22,4.267
2452,0.599,0,12,6.462,3.356,1.426,0.406,16,9,23,4.269
2453,0.6,0,5,6.461,3.352,1.396,0.414,17,8,24,4.272
2454,0.599,0,8,6.461,3.345,1.368,0.401,17,9,25,4.274
2455,0.599,0,11,6.461,3.339,1.385,0.396,17,8,26,4.277
2456,0.599,0,10,6.461,3.332,1.392,0.406,17,8,27,4.28
2457,0.6,0,9,6.461,3.326,1.332,0.407,17,8,28,4.283
2458,0.599,0,8,6.462,3.32,1.412,0.4,17,9,29,4.286
2459,0.599,0,8,6.465,3.314,1.412,0.402,17,7,30,4.289
2460,0.6,0,5,6.468,3.309,1.465,0.396,17,8,31,4.292
2461,0.599,0,10,6.471,3.303,1.426,0.409,17,7,32,4.295
2462,0.599,0,11,6.475,3.298,1.412,0.404,17,5,33,4.299
2463,0.599,0,10,6.478,3.293,1.431,0.413,17,8,34,4.304
2464,0.599,0,10,6.482,3.287,1.399,0.421,17,5,35,4.308
2465,0.599,0,12,6.486,3.283,1.426,0.424,17,8,36,4.313
2466,0.599,0,13,6.49,3.278,1.399,0.408,17,7,37,4.318
2467,0.599,0,8,6.494,3.273,1.426,0.411,17,7,38,4.323
2468,0.599,0,12,6.498,3.269,1.422,0.41,17,8,39,4.328
2469,0.599,0,7,6.502,3.264,1.422,0.417,17,7,40,4.333
2470,0.599,0,15,6.507,3.259,1.368,0.416,16,6,41,4.338
2471,0.599,0,8,6.511,3.256,1.396,0.416,15,10,42,4.343
2472,0.599,0,11,6.516,3.25,1.396,0.424,15,7,43,4.347
2473,0.599,0,14,6.52,3.247,1.45,0.427,15,7,44,4.352
2474,0.599,0,10,6.525,3.243,1.385,0.423,15,10,45,4.357
2475,0.599,0,14,6.529,3.239,1.426,0.421,15,8,46,4.362
2476,0.599,0,15,6.534,3.235,1.368,0.409,14,9,47,4.367
2477,0.599,0,8,6.539,3.232,1.426,0.415,14,9,48,4.372
2478,0.599,0,12,6.544,3.228,1.385,0.418,14,9,49,4.377
2479,0.599,0,10,6.549,3.224,1.405,0.433,14,7,50,4.381
2480,0.599,0,14,6.554,3.221,1.442,0.421,14,9,51,4.386
2481,0.599,0,11,6.559,3.218,1.368,0.44,14,9,52,4.391
2482,0.599,0,14,6.565,3.214,1.442,0.444,14,8,53,4.396
2483,0.599,0,17,6.57,3.211,1.368,0.449,14,8,54,4.401
2484,0.599,0,14,6.575,3.208,1.426,0.446,14,6,55,4.405
2485,0.599,0,11,6.581,3.205,1.412,0.444,13,8,56,4.41
2486,0.599,0,14,6.586,3.202,1.401,0.441,13,7,57,4.414
2487,0.599,0,16,6.592,3.2,1.401,0.442,13,8,58,4.419
2488,0.599,0,15,6.597,3.196,1.401,0.446,13,5,59,4.424
2489,0.599,0,17,6.603,3.194,1.392,0.448,13,7,60,4.428
2490,0.599,0,18,6.608,3.191,1.385,0.449,12,7,61,4.432
2491,0.599,0,18,6.614,3.188,1.385,0.451,12,7,62,4.437
2492,0.599,0,10,6.619,3.186,1.385,0.448,12,5,63,4.441
2493,0.599,0,11,6.625,3.183,1.441,0.446,12,7,64,4.445
2494,0.599,0,11,6.63,3.181,1.381,0.438,12,7,65,4.449
2495,0.599,0,11,6.636,3.18,1.381,0.437,12,7,66,4.453
2496,0.599,0,12,6.641,3.181,1.44,0.438,11,6,67,4.457
2497,0.599,0,12,6.647,3.193,1.381,0.435,11,8,68,4.46
2498,0.599,0,13,6.652,3.202,1.385,0.433,11,6,69,4.463
2499,0.599,0,13,6.658,3.213,1.451,0.444,12,7,70,4.467
2500,0.599,0,12,6.663,3.223,1.401,0.454,12,7,71,4.469
2501,0.599,0,13,6.669,3.234,1.451,0.462,12,7,72,4.472
2502,0.598,0,18,6.675,3.244,1.401,0.455,12,6,73,4.475
2503,0.599,0,12,6.68,3.254,1.445,0.457,13,8,74,4.477
2504,0.599,0,16,6.685,3.266,1.401,0.452,13,7,75,4.478
2505,0.599,0,13,6.675,3.274,1.426,0.459,13,7,76,4.48
2506,0.599,0,14,6.666,3.268,1.445,0.447,13,8,77,4.482
2507,0.599,0,12,6.656,3.263,1.412,0.453,13,7,78,4.482
2508,0.599,0,13,6.648,3.258,1.426,0.44,13,6,79,4.483
2509,0.599,0,17,6.639,3.253,1.426,0.44,13,8,80,4.483
2510,0.599,0,15,6.631,3.249,1.431,0.442,14,6,81,4.483
2511,0.599,0,15,6.623,3.245,1.405,0.441,14,6,82,4.482
2512,0.599,0,13,6.616,3.241,1.426,0.437,14,7,83,4.482
2513,0.599,0,11,6.609,3.237,1.422,0.431,14,7,84,4.48
2514,0.599,0,14,6.602,3.234,1.422,0.434,14,4,84,4.478
2515,0.599,0,17,6.596,3.231,1.426,0.434,14,7,85,4.475
2516,0.599,0,15,6.591,3.228,1.422,0.437,14,4,86,4.473
2517,0.599,0,14,6.586,3.225,1.412,0.448,14,6,87,4.47
2518,0.599,0,15,6.581,3.225,1.426,0.444,14,3,83,4.468
2519,0.599,0,13,6.577,3.223,1.461,0.453,14,3,84,4.47
2520,0.599,0,15,6.573,3.223,1.422,0.45,14,4,85,4.474
2521,0.599,0,16,6.57,3.202,1.422,0.464,14,4,86,4.477
2522,0.599,0,15,6.567,3.18,1.426,0.461,14,4,87,4.479
2523,0.599,0,10,6.565,3.157,1.422,0.462,14,2,88,4.483
2524,0.599,0,17,6.563,3.136,1.412,0.479,14,4,89,4.485
2525,0.599,0,11,6.562,3.114,1.422,0.473,15,1,90,4.489
2526,0.599,0,15,6.56,3.093,1.422,0.469,16,5,91,4.491
2527,0.599,0,15,6.561,3.072,1.431,0.464,16,3,92,4.494
2528,0.599,0,12,6.56,3.051,1.441,0.455,16,3,93,4.497
2529,0.599,0,8,6.561,3.03,1.426,0.455,16,3,94,4.5
2530,0.599,0,14,6.561,3.009,1.405,0.454,16,3,95,4.502
2531,0.599,0,12,6.563,2.989,1.451,0.446,16,5,96,4.506
2532,0.599,0,15,6.565,2.968,1.405,0.447,16,3,97,4.508
2533,0.599,0,18,6.568,2.948,1.451,0.447,16,2,98,4.511
2534,0.598,0,13,6.571,2.929,1.405,0.438,16,4,99,4.514
2535,0.599,0,11,6.575,2.91,1.44,0.44,16,5,100,4.517
2536,0.599,0,13,6.58,2.891,1.401,0.433,16,3,101,4.519
2537,0.599,0,14,6.584,2.872,1.412,0.436,16,5,102,4.523
2538,0.598,0,10,6.591,2.856,1.451,0.452,15,2,103,4.525
2539,0.599,0,13,6.597,2.838,1.442,0.456,15,5,104,4.528
2540,0.598,0,19,6.605,2.821,1.426,0.465,15,5,105,4.531
2541,0.599,0,12,6.612,2.804,1.426,0.477,15,5,106,4.534
2542,0.598,0,15,6.619,2.788,1.442,0.467,15,4,107,4.536
2543,0.599,0,14,6.628,2.772,1.451,0.475,13,7,108,4.539
2544,0.598,0,13,6.637,2.756,1.405,0.47,13,7,109,4.542
2545,0.599,0,13,6.645,2.741,1.426,0.469,13,6,110,4.545
2546,0.599,0,7,6.655,2.726,1.442,0.47,13,8,111,4.547
2547,0.599,0,9,6.664,2.711,1.426,0.472,13,4,112,4.549
2548,0.599,0,15,6.675,2.698,1.412,0.475,13,4,113,4.551
2549,0.599,0,12,6.686,2.684,1.442,0.477,13,6,114,4.554
2550,0.599,0,11,6.698,2.672,1.426,0.465,13,6,115,4.556
2551,0.599,0,11,6.711,2.661,1.426,0.461,13,4,116,4.557
2552,0.599,0,9,6.724,2.65,1.426,0.461,13,7,117,4.559
2553,0.599,0,8,6.738,2.64,1.426,0.452,13,6,118,4.561
2554,0.599,0,14,6.752,2.631,1.426,0.455,13,7,119,4.562
2555,0.599,0,9,6.769,2.624,1.426,0.449,13,9,120,4.563
2556,0.599,0,10,6.784,2.616,1.405,0.45,14,6,121,4.564
2557,0.599,0,8,6.801,2.61,1.426,0.436,16,6,122,4.565
2558,0.599,0,12,6.819,2.607,1.416,0.434,16,7,123,4.564
2559,0.599,0,6,6.838,2.604,1.406,0.425,16,6,124,4.564
2560,0.599,0,12,6.857,2.602,1.401,0.435,16,6,125,4.563
2561,0.599,0,13,6.877,2.602,1.385,0.431,16,6,126,4.562
2562,0.599,0,12,6.897,2.603,1.406,0.428,16,7,127,4.561
2563,0.599,0,15,6.919,2.607,1.452,0.43,16,5,128,4.558
2564,0.599,0,15,6.941,2.611,1.401,0.448,16,5,129,4.554
2565,0.599,0,14,6.963,2.617,1.401,0.435,16,5,130,4.551
2566,0.6,0,8,6.986,2.625,1.401,0.443,16,6,131,4.547
2567,0.599,0,9,7.002,2.634,1.401,0.438,16,6,132,4.543
2568,0.599,0,8,7.0,2.644,1.405,0.436,15,5,133,4.537
2569,0.599,0,12,6.998,2.656,1.445,0.435,15,5,134,4.531
2570,0.599,0,10,6.996,2.669,1.426,0.433,15,7,135,4.525
2571,0.599,0,9,6.988,2.683,1.412,0.427,15,5,136,4.519
2572,0.599,0,14,6.985,2.698,1.401,0.424,15,6,137,4.51
2573,0.599,0,11,6.982,2.714,1.381,0.433,15,7,138,4.502
2574,0.599,0,8,6.985,2.728,1.412,0.441,15,4,27,4.493
2575,0.599,0,9,6.99,2.744,1.412,0.454,15,6,28,4.484
2576,0.599,0,13,6.996,2.759,1.401,0.466,15,5,29,4.473
2577,0.599,0,10,7.004,2.775,1.431,0.471,16,4,30,4.461
2578,0.599,0,7,7.009,2.791,1.416,0.473,16,4,31,4.449
2579,0.599,0,12,7.007,2.807,1.431,0.47,15,5,32,4.437
2580,0.599,0,10,7.005,2.822,1.431,0.47,15,5,33,4.422
2581,0.599,0,11,7.002,2.838,1.401,0.47,15,5,34,4.409
2582,0.599,0,9,6.999,2.853,1.401,0.459,16,5,35,4.394
2583,0.599,0,5,6.997,2.869,1.431,0.479,17,4,36,4.379
2584,0.599,0,8,6.994,2.886,1.401,0.483,17,4,37,4.363
2585,0.599,0,10,6.991,2.902,1.412,0.462,17,7,38,4.347
2586,0.599,0,9,6.989,2.917,1.412,0.465,17,7,39,4.336
2587,0.6,0,7,6.985,2.933,1.412,0.459,17,8,40,4.327
2588,0.599,0,10,6.983,2.949,1.45,0.469,18,7,41,4.318
2589,0.599,0,8,6.981,2.965,1.442,0.465,18,9,42,4.309
2590,0.599,0,7,6.977,2.981,1.401,0.466,18,9,43,4.299
2591,0.599,0,11,6.975,2.997,1.412,0.469,18,6,39,4.289
2592,0.599,0,7,6.972,3.012,1.442,0.48,18,7,40,4.283
2593,0.6,0,5,6.969,3.029,1.412,0.477,19,6,41,4.286
2594,0.599,0,8,6.966,3.045,1.412,0.479,20,6,42,4.291
2595,0.599,0,8,6.963,3.061,1.401,0.463,19,5,43,4.296
2596,0.599,0,9,6.961,3.076,1.422,0.453,19,5,44,4.3
2597,0.599,0,7,6.959,3.093,1.412,0.451,19,4,45,4.303
2598,0.599,0,10,6.956,3.109,1.401,0.459,19,5,46,4.306
2599,0.599,0,12,6.955,3.125,1.412,0.464,19,4,47,4.309
2600,0.599,0,9,6.953,3.141,1.401,0.468,19,5,48,4.313
2601,0.599,0,9,6.952,3.157,1.431,0.468,19,3,49,4.316
2602,0.599,0,9,6.95,3.173,1.452,0.464,19,2,39,4.319
2603,0.599,0,7,6.948,3.189,1.416,0.472,19,3,40,4.321
2604,0.598,0,8,6.946,3.205,1.452,0.475,18,1,6,4.323
2605,0.599,0,13,6.945,3.221,1.412,0.467,18,2,7,4.325
2606,0.598,0,16,6.944,3.236,1.445,0.465,18,3,8,4.327
2607,0.599,0,15,6.943,3.252,1.412,0.464,20,2,9,4.33
2608,0.598,0,17,6.942,3.267,1.451,0.467,21,1,10,4.331
2609,0.598,0,16,6.94,3.283,1.401,0.463,21,3,11,4.334
2610,0.599,0,12,6.939,3.298,1.406,0.457,21,1,12,4.336
2611,0.599,0,8,6.939,3.313,1.412,0.463,20,2,13,4.339
2612,0.599,0,11,6.938,3.328,1.401,0.466,20,2,14,4.341
2613,0.599,0,9,6.937,3.345,1.412,0.471,20,1,15,4.344
2614,0.598,0,13,6.935,3.356,1.445,0.476,20,2,16,4.346
2615,0.598,0,15,6.934,3.356,1.412,0.476,20,1,17,4.348
2616,0.598,0,9,6.932,3.356,1.445,0.48,20,2,18,4.352
2617,0.599,0,16,6.931,3.356,1.412,0.485,20,2,19,4.354
2618,0.598,0,16,6.93,3.356,1.445,0.483,21,1,20,4.357
2619,0.598,0,12,6.929,3.356,1.412,0.487,21,2,21,4.36
2620,0.598,0,10,6.927,3.356,1.445,0.494,22,2,22,4.362
2621,0.599,0,16,6.925,3.356,1.445,0.489,22,3,23,4.365
2622,0.599,0,13,6.924,3.356,1.445,0.496,22,2,24,4.368
2623,0.598,0,10,6.923,3.356,1.445,0.499,23,3,25,4.371
2624,0.599,0,17,6.921,3.356,1.431,0.498,23,2,26,4.374
2625,0.599,0,12,6.92,3.356,1.441,0.499,23,2,27,4.376
2626,0.599,0,13,6.918,3.356,1.416,0.505,24,2,28,4.379
2627,0.599,0,10,6.916,3.356,1.412,0.498,23,2,29,4.383
2628,0.599,0,11,6.914,3.356,1.431,0.496,23,1,30,4.386
2629,0.598,0,16,6.913,3.356,1.441,0.504,23,3,31,4.388
2630,0.599,0,14,6.911,3.355,1.401,0.501,23,3,32,4.391
2631,0.599,0,9,6.91,3.355,1.412,0.496,23,2,33,4.394
2632,0.599,0,10,6.908,3.354,1.441,0.507,23,1,4,4.397
2633,0.599,0,16,6.906,3.354,1.412,0.512,22,2,5,4.4
2634,0.599,0,14,6.905,3.354,1.431,0.51,22,3,6,4.403
2635,0.598,0,15,6.902,3.354,1.441,0.511,22,2,7,4.406
2636,0.599,0,13,6.9,3.354,1.406,0.518,22,2,8,4.409
2637,0.599,0,14,6.898,3.354,1.426,0.521,23,3,9,4.412
2638,0.599,0,12,6.897,3.355,1.44,0.522,23,1,10,4.415
2639,0.598,0,13,6.895,3.355,1.426,0.52,23,4,11,4.418
2640,0.599,0,12,6.893,3.356,1.416,0.524,23,1,12,4.421
2641,0.598,0,13,6.891,3.356,1.44,0.522,23,4,13,4.425
2642,0.599,0,16,6.889,3.356,1.451,0.524,22,1,14,4.428
2643,0.599,0,18,6.887,3.356,1.441,0.525,22,1,15,4.431
2644,0.599,0,11,6.885,3.356,1.451,0.524,22,3,16,4.434
2645,0.598,0,14,6.882,3.356,1.445,0.524,22,1,17,4.438
2646,0.598,0,12,6.88,3.356,1.426,0.53,22,1,18,4.442
2647,0.598,0,14,6.878,3.356,1.441,0.531,21,4,19,4.446
2648,0.598,0,9,6.876,3.356,1.445,0.543,21,1,20,4.45
2649,0.598,0,17,6.874,3.356,1.422,0.534,22,2,21,4.455
2650,0.598,0,14,6.872,3.356,1.441,0.54,22,2,22,4.459
2651,0.598,0,12,6.87,3.356,1.405,0.534,22,3,23,4.463
2652,0.597,0,11,6.867,3.356,1.412,0.537,22,1,24,4.467
2653,0.599,0,11,6.865,3.356,1.44,0.533,23,3,25,4.471
2654,0.599,0,10,6.863,3.356,1.44,0.527,23,3,26,4.475
2655,0.598,0,12,6.861,3.356,1.45,0.523,23,2,27,4.479
2656,0.599,0,11,6.858,3.356,1.44,0.509,23,4,28,4.483
2657,0.599,0,14,6.856,3.356,1.441,0.513,25,4,29,4.487
2658,0.598,0,14,6.854,3.356,1.442,0.519,25,3,30,4.492
2659,0.599,0,10,6.851,3.356,1.45,0.516,25,3,31,4.496
2660,0.598,0,14,6.848,3.356,1.401,0.504,25,5,32,4.5
2661,0.599,0,10,6.846,3.356,1.441,0.506,26,4,33,4.506
2662,0.598,0,12,6.843,3.356,1.441,0.514,24,4,34,4.51
2663,0.599,0,15,6.841,3.356,1.392,0.503,24,3,35,4.514
2664,0.598,0,9,6.838,3.356,1.405,0.508,24,3,36,4.519
2665,0.599,0,13,6.836,3.356,1.441,0.51,24,3,6,4.523
2666,0.598,0,8,6.833,3.356,1.405,0.505,24,2,7,4.528
2667,0.599,0,7,6.831,3.356,1.44,0.507,24,2,4,4.533
2668,0.599,0,5,6.828,3.356,1.442,0.508,24,4,5,4.537
2669,0.599,0,8,6.826,3.356,1.426,0.506,24,2,6,4.541
2670,0.599,0,7,6.823,3.356,1.399,0.508,24,2,7,4.546
2671,0.599,0,5,6.82,3.356,1.405,0.503,24,3,8,4.551
2672,0.6,0,7,6.818,3.356,1.405,0.501,24,2,9,4.555
2673,0.599,0,7,6.815,3.356,1.405,0.51,23,3,10,4.56
2674,0.599,0,7,6.813,3.356,1.405,0.516,23,3,11,4.565
2675,0.599,0,9,6.81,3.356,1.431,0.526,23,2,12,4.571
2676,0.599,0,7,6.808,3.356,1.442,0.524,23,3,13,4.575
2677,0.599,0,9,6.806,3.356,1.405,0.524,23,4,14,4.58
2678,0.599,0,7,6.803,3.356,1.426,0.528,23,2,15,4.586
2679,0.599,0,6,6.802,3.356,1.412,0.528,23,3,16,4.59
2680,0.599,0,5,6.802,3.356,1.405,0.53,22,3,17,4.596
2681,0.599,0,5,6.804,3.356,1.412,0.528,22,2,18,4.602
2682,0.599,0,7,6.805,3.356,1.405,0.53,22,4,19,4.607
2683,0.599,0,6,6.806,3.356,1.405,0.531,21,4,20,4.612
2684,0.599,0,9,6.807,3.356,1.405,0.524,21,3,21,4.618
2685,0.599,0,9,6.809,3.356,1.405,0.527,21,3,22,4.624
2686,0.599,0,10,6.81,3.356,1.405,0.531,21,2,23,4.629
2687,0.599,0,5,6.811,3.356,1.441,0.527,21,4,24,4.635
2688,0.6,0,7,6.812,3.356,1.405,0.516,21,3,25,4.641
2689,0.599,0,8,6.813,3.356,1.44,0.533,21,1,26,4.646
2690,0.599,0,7,6.814,3.356,1.405,0.54,22,2,27,4.653
2691,0.598,0,9,6.815,3.356,1.442,0.538,23,3,28,4.659
2692,0.599,0,10,6.816,3.356,1.44,0.52,23,1,29,4.666
2693,0.599,0,10,6.817,3.356,1.426,0.514,23,3,30,4.671
2694,0.6,0,4,6.818,3.356,1.401,0.527,23,2,31,4.678
2695,0.599,0,8,6.819,3.356,1.44,0.52,24,1,1,4.684
2696,0.599,0,12,6.82,3.356,1.401,0.508,24,2,1,4.69
2697,0.599,0,12,6.82,3.356,1.426,0.513,24,1,2,4.696
2698,0.599,0,8,6.821,3.356,1.401,0.511,25,1,1,4.703
2699,0.599,0,13,6.822,3.356,1.441,0.513,26,1,1,4.71
2700,0.599,0,10,6.822,3.356,,,26,0,1,4.716
