tick,min_separation_m,overlap_pairs,pairs_inside_margin,plinth_gap_m,post_gap_m,speed_max_mps,speed_mean_mps,arrived,stalled,longest_current_stall,remaining_max_m
1,0.9,0,0,7.026,3.356,1.385,0.412,0,0,0,20.0
2,0.898,0,0,7.003,3.34,1.445,0.768,0,0,0,19.998
3,0.896,0,0,6.98,3.323,1.426,1.03,0,0,0,19.993
4,0.894,0,0,6.957,3.307,1.44,1.241,0,0,0,19.985
5,0.891,0,0,6.934,3.291,1.445,1.404,0,0,0,19.975
6,0.889,0,0,6.911,3.274,1.445,1.403,0,0,0,19.952
7,0.887,0,0,6.888,3.259,1.44,1.391,0,0,0,19.929
8,0.884,0,0,6.866,3.243,1.451,1.408,0,0,0,19.906
9,0.882,0,0,6.843,3.227,1.445,1.397,0,0,0,19.883
10,0.88,0,0,6.82,3.211,1.445,1.401,0,0,0,19.861
11,0.877,0,0,6.797,3.195,1.44,1.4,0,0,0,19.838
12,0.875,0,0,6.774,3.179,1.445,1.399,0,0,0,19.815
13,0.873,0,0,6.751,3.164,1.441,1.396,0,0,0,19.792
14,0.87,0,0,6.728,3.149,1.445,1.407,0,0,0,19.769
15,0.868,0,0,6.705,3.133,1.451,1.396,0,0,0,19.746
16,0.866,0,0,6.682,3.118,1.445,1.392,0,0,0,19.724
17,0.863,0,0,6.659,3.103,1.442,1.407,0,0,0,19.701
18,0.862,0,0,6.636,3.087,1.451,1.401,0,0,0,19.678
19,0.86,0,0,6.613,3.073,1.445,1.389,0,0,0,19.655
20,0.857,0,0,6.59,3.058,1.445,1.411,0,0,0,19.632
21,0.855,0,0,6.568,3.043,1.46,1.399,0,0,0,19.609
22,0.853,0,0,6.545,3.028,1.441,1.388,0,0,0,19.587
23,0.85,0,0,6.522,3.014,1.451,1.41,0,0,0,19.564
24,0.849,0,0,6.499,2.999,1.445,1.405,0,0,0,19.541
25,0.846,0,0,6.476,2.985,1.426,1.388,0,0,0,19.518
26,0.844,0,0,6.453,2.97,1.445,1.408,0,0,0,19.495
27,0.842,0,0,6.43,2.956,1.445,1.402,0,0,0,19.472
28,0.84,0,0,6.407,2.942,1.426,1.388,0,0,0,19.45
29,0.838,0,0,6.384,2.927,1.451,1.407,0,0,0,19.427
30,0.836,0,0,6.361,2.913,1.451,1.402,0,0,0,19.404
31,0.834,0,0,6.338,2.9,1.445,1.393,0,0,0,19.382
32,0.831,0,0,6.315,2.886,1.451,1.406,0,0,0,19.359
33,0.83,0,0,6.292,2.872,1.445,1.397,0,0,0,19.336
34,0.828,0,0,6.269,2.858,1.445,1.39,0,0,0,19.314
35,0.826,0,0,6.246,2.845,1.445,1.404,0,0,0,19.291
36,0.823,0,0,6.224,2.831,1.451,1.402,0,0,0,19.268
37,0.822,0,0,6.201,2.818,1.426,1.391,0,0,0,19.245
38,0.82,0,0,6.178,2.805,1.451,1.404,0,0,0,19.222
39,0.818,0,0,6.155,2.792,1.451,1.405,0,0,0,19.199
40,0.816,0,0,6.132,2.778,1.445,1.39,0,0,0,19.177
41,0.814,0,0,6.109,2.766,1.445,1.403,0,0,0,19.154
42,0.812,0,0,6.086,2.752,1.445,1.398,0,0,0,19.131
43,0.811,0,0,6.063,2.74,1.445,1.395,0,0,0,19.108
44,0.809,0,0,6.04,2.727,1.445,1.405,0,0,0,19.085
45,0.807,0,0,6.017,2.715,1.451,1.401,0,0,0,19.062
46,0.805,0,0,5.994,2.702,1.445,1.39,0,0,0,19.04
47,0.803,0,0,5.971,2.691,1.441,1.402,0,0,0,19.017
48,0.801,0,0,5.948,2.678,1.445,1.399,0,0,0,18.994
49,0.8,0,0,5.925,2.666,1.451,1.392,0,0,0,18.971
50,0.798,0,0,5.902,2.655,1.46,1.409,0,0,0,18.948
51,0.797,0,0,5.879,2.642,1.44,1.397,0,0,0,18.925
52,0.795,0,0,5.856,2.63,1.445,1.388,0,0,0,18.903
53,0.793,0,0,5.833,2.62,1.451,1.408,0,0,0,18.881
54,0.791,0,0,5.81,2.608,1.44,1.397,0,0,0,18.858
55,0.789,0,0,5.787,2.596,1.451,1.389,0,0,0,18.835
56,0.788,0,0,5.764,2.585,1.46,1.405,0,0,0,18.812
57,0.786,0,0,5.741,2.574,1.445,1.404,0,0,0,18.789
58,0.784,0,0,5.718,2.563,1.412,1.383,0,0,0,18.766
59,0.783,0,0,5.695,2.552,1.451,1.398,0,0,0,18.744
60,0.781,0,0,5.672,2.542,1.451,1.412,0,0,0,18.721
61,0.779,0,0,5.649,2.531,1.445,1.388,0,0,0,18.698
62,0.777,0,0,5.626,2.521,1.441,1.396,0,0,0,18.675
63,0.777,0,0,5.603,2.51,1.445,1.401,0,0,0,18.652
64,0.775,0,0,5.58,2.5,1.445,1.382,0,0,0,18.629
65,0.773,0,0,5.558,2.49,1.445,1.403,0,0,0,18.607
66,0.771,0,0,5.535,2.48,1.441,1.399,0,0,0,18.585
67,0.77,0,0,5.512,2.47,1.445,1.391,0,0,0,18.562
68,0.768,0,0,5.489,2.461,1.46,1.399,0,0,0,18.539
69,0.766,0,0,5.466,2.452,1.445,1.4,0,0,0,18.516
70,0.765,0,0,5.443,2.442,1.451,1.392,0,0,0,18.494
71,0.763,0,0,5.42,2.434,1.451,1.398,0,0,0,18.471
72,0.761,0,0,5.397,2.425,1.445,1.398,0,0,0,18.448
73,0.76,0,0,5.374,2.416,1.445,1.386,0,0,0,18.425
74,0.759,0,0,5.351,2.408,1.445,1.398,0,0,0,18.402
75,0.758,0,0,5.328,2.399,1.451,1.401,0,0,0,18.379
76,0.756,0,0,5.305,2.391,1.445,1.387,0,0,0,18.357
77,0.754,0,0,5.282,2.382,1.445,1.402,0,0,0,18.334
78,0.753,0,0,5.259,2.375,1.451,1.396,0,0,0,18.312
79,0.751,0,0,5.236,2.367,1.46,1.39,0,0,0,18.289
80,0.749,0,0,5.213,2.36,1.445,1.396,0,0,0,18.266
81,0.747,0,0,5.19,2.352,1.445,1.396,0,0,0,18.244
82,0.747,0,0,5.167,2.345,1.451,1.391,0,0,0,18.221
83,0.745,0,0,5.144,2.338,1.451,1.4,0,0,0,18.199
84,0.744,0,0,5.121,2.331,1.441,1.394,0,0,0,18.177
85,0.742,0,0,5.098,2.324,1.445,1.389,0,0,0,18.156
86,0.74,0,0,5.075,2.318,1.441,1.392,0,0,0,18.134
87,0.739,0,0,5.052,2.311,1.46,1.404,0,0,0,18.113
88,0.736,0,0,5.029,2.305,1.46,1.385,0,0,0,18.092
89,0.736,0,0,5.005,2.299,1.445,1.394,0,0,0,18.071
90,0.734,0,0,4.982,2.294,1.451,1.397,0,0,0,18.05
91,0.733,0,0,4.959,2.287,1.451,1.389,0,0,0,18.028
92,0.731,0,0,4.936,2.282,1.451,1.395,0,0,0,18.007
93,0.731,0,0,4.913,2.277,1.451,1.4,0,0,0,17.986
94,0.728,0,0,4.89,2.272,1.412,1.379,0,0,0,17.965
95,0.727,0,0,4.867,2.268,1.451,1.4,0,0,0,17.944
96,0.725,0,0,4.844,2.262,1.445,1.4,0,0,0,17.922
97,0.725,0,0,4.821,2.258,1.451,1.388,0,0,0,17.901
98,0.723,0,0,4.798,2.254,1.441,1.388,0,0,0,17.88
99,0.721,0,0,4.775,2.25,1.445,1.395,0,0,0,17.86
100,0.719,0,0,4.752,2.246,1.441,1.388,0,0,0,17.838
101,0.719,0,0,4.729,2.243,1.445,1.393,0,0,0,17.817
102,0.717,0,0,4.706,2.239,1.445,1.388,0,0,0,17.796
103,0.715,0,0,4.683,2.235,1.451,1.4,0,0,0,17.775
104,0.714,0,0,4.66,2.232,1.44,1.388,0,0,0,17.755
105,0.713,0,0,4.637,2.229,1.44,1.388,0,0,0,17.734
106,0.711,0,0,4.614,2.227,1.445,1.388,0,0,0,17.713
107,0.71,0,0,4.591,2.224,1.451,1.4,0,0,0,17.692
108,0.708,0,0,4.568,2.222,1.44,1.383,0,0,0,17.671
109,0.707,0,0,4.545,2.22,1.441,1.381,0,0,0,17.651
110,0.706,0,0,4.523,2.218,1.451,1.402,0,0,0,17.63
111,0.703,0,0,4.5,2.217,1.46,1.395,0,0,0,17.609
112,0.702,0,0,4.477,2.215,1.451,1.384,0,0,0,17.588
113,0.701,0,0,4.454,2.213,1.451,1.39,0,0,0,17.568
114,0.699,0,0,4.431,2.212,1.445,1.392,0,0,0,17.547
115,0.698,0,0,4.408,2.21,1.445,1.386,0,0,0,17.526
116,0.696,0,0,4.385,2.208,1.451,1.387,0,0,0,17.505
117,0.694,0,0,4.362,2.206,1.451,1.393,0,0,0,17.485
118,0.693,0,0,4.339,2.205,1.445,1.386,0,0,0,17.465
119,0.692,0,0,4.316,2.203,1.451,1.391,0,0,0,17.444
120,0.69,0,0,4.293,2.201,1.46,1.393,0,0,0,17.423
121,0.689,0,0,4.269,2.199,1.451,1.386,0,0,0,17.402
122,0.687,0,0,4.246,2.198,1.451,1.387,0,0,0,17.382
123,0.686,0,0,4.223,2.196,1.46,1.394,0,0,0,17.362
124,0.684,0,0,4.201,2.194,1.451,1.386,0,0,0,17.341
125,0.683,0,0,4.178,2.192,1.445,1.392,0,0,0,17.321
126,0.681,0,0,4.155,2.191,1.445,1.386,0,0,0,17.3
127,0.68,0,0,4.132,2.191,1.441,1.377,0,0,0,17.28
128,0.679,0,0,4.109,2.189,1.451,1.391,0,0,0,17.259
129,0.677,0,0,4.086,2.189,1.451,1.391,0,0,0,17.239
130,0.676,0,0,4.063,2.188,1.451,1.383,0,0,0,17.218
131,0.674,0,0,4.04,2.188,1.451,1.396,0,0,0,17.197
132,0.673,0,0,4.017,2.187,1.445,1.385,0,0,0,17.176
133,0.671,0,0,3.995,2.187,1.445,1.378,0,0,0,17.156
134,0.67,0,0,3.972,2.189,1.451,1.392,0,0,0,17.136
135,0.669,0,0,3.949,2.189,1.445,1.386,0,0,0,17.115
136,0.667,0,0,3.926,2.19,1.445,1.384,0,0,0,17.094
137,0.667,0,0,3.903,2.191,1.451,1.382,0,0,0,17.074
138,0.665,0,0,3.88,2.192,1.46,1.393,0,0,0,17.053
139,0.665,0,0,3.856,2.193,1.445,1.383,0,0,0,17.032
140,0.663,0,0,3.834,2.195,1.451,1.38,0,0,0,17.012
141,0.662,0,0,3.811,2.196,1.445,1.387,0,0,0,16.991
142,0.661,0,0,3.788,2.198,1.451,1.384,0,0,0,16.97
143,0.659,0,0,3.765,2.2,1.445,1.38,0,0,0,16.949
144,0.658,0,0,3.742,2.198,1.451,1.381,0,0,0,16.929
145,0.658,0,0,3.719,2.195,1.451,1.386,0,0,0,16.908
146,0.655,0,0,3.697,2.192,1.451,1.39,0,0,0,16.887
147,0.655,0,0,3.674,2.189,1.445,1.378,0,0,0,16.867
148,0.654,0,0,3.651,2.187,1.401,1.369,0,0,0,16.846
149,0.652,0,0,3.628,2.185,1.445,1.388,0,0,0,16.825
150,0.651,0,0,3.605,2.183,1.451,1.376,0,0,0,16.804
151,0.651,0,0,3.583,2.181,1.451,1.378,0,0,0,16.784
152,0.65,0,0,3.56,2.179,1.451,1.379,0,0,0,16.763
153,0.649,0,0,3.537,2.178,1.451,1.39,0,0,0,16.741
154,0.647,0,0,3.513,2.176,1.401,1.364,0,0,0,16.721
155,0.647,0,0,3.491,2.174,1.445,1.373,0,0,0,16.7
156,0.646,0,0,3.468,2.172,1.451,1.379,0,0,0,16.679
157,0.644,0,0,3.445,2.17,1.451,1.366,0,0,0,16.659
158,0.644,0,0,3.422,2.168,1.441,1.366,0,0,0,16.638
159,0.643,0,0,3.4,2.167,1.451,1.375,0,0,0,16.617
160,0.642,0,0,3.377,2.165,1.451,1.368,0,0,0,16.596
161,0.64,0,0,3.354,2.163,1.451,1.369,0,0,0,16.575
162,0.64,0,0,3.332,2.161,1.441,1.361,0,0,0,16.554
163,0.639,0,0,3.309,2.159,1.451,1.369,0,0,0,16.534
164,0.638,0,0,3.286,2.157,1.445,1.366,0,0,0,16.513
165,0.637,0,0,3.263,2.156,1.451,1.367,0,0,0,16.491
166,0.637,0,0,3.24,2.154,1.445,1.36,0,0,0,16.47
167,0.636,0,0,3.217,2.153,1.445,1.363,0,0,0,16.45
168,0.635,0,0,3.194,2.152,1.451,1.371,0,0,0,16.429
169,0.634,0,0,3.172,2.151,1.451,1.359,0,0,0,16.407
170,0.634,0,0,3.149,2.151,1.451,1.357,0,0,0,16.387
171,0.633,0,0,3.126,2.15,1.441,1.364,0,0,0,16.366
172,0.632,0,0,3.104,2.15,1.451,1.356,0,0,0,16.345
173,0.63,0,0,3.081,2.15,1.445,1.352,0,0,0,16.324
174,0.63,0,0,3.058,2.15,1.445,1.364,0,0,0,16.303
175,0.628,0,0,3.035,2.151,1.445,1.352,0,0,0,16.282
176,0.627,0,0,3.012,2.152,1.445,1.354,0,0,0,16.262
177,0.627,0,0,2.989,2.153,1.445,1.352,0,0,0,16.241
178,0.626,0,0,2.967,2.154,1.445,1.347,0,0,0,16.22
179,0.625,0,0,2.944,2.155,1.445,1.355,0,0,0,16.2
180,0.624,0,0,2.92,2.156,1.441,1.347,0,0,0,16.179
181,0.623,0,0,2.898,2.158,1.451,1.354,0,0,0,16.158
182,0.623,0,0,2.875,2.16,1.441,1.345,0,0,0,16.138
183,0.621,0,0,2.852,2.162,1.445,1.344,0,0,0,16.117
184,0.62,0,0,2.83,2.164,1.445,1.347,0,0,0,16.096
185,0.62,0,0,2.806,2.161,1.451,1.345,0,0,0,16.076
186,0.619,0,0,2.783,2.158,1.445,1.344,0,0,0,16.055
187,0.618,0,0,2.761,2.156,1.451,1.344,0,0,0,16.034
188,0.618,0,0,2.737,2.154,1.441,1.348,0,0,0,16.014
189,0.617,0,0,2.714,2.152,1.445,1.34,0,0,0,15.993
190,0.615,0,0,2.692,2.15,1.451,1.339,0,0,0,15.972
191,0.614,0,0,2.669,2.148,1.445,1.337,0,0,0,15.951
192,0.614,0,0,2.645,2.146,1.451,1.337,0,0,0,15.932
193,0.613,0,0,2.622,2.144,1.451,1.335,0,0,0,15.911
194,0.612,0,0,2.6,2.143,1.445,1.325,0,0,0,15.89
195,0.611,0,0,2.577,2.141,1.451,1.335,0,0,0,15.871
196,0.61,0,0,2.553,2.139,1.392,1.32,0,0,0,15.85
197,0.61,0,0,2.531,2.137,1.451,1.329,0,0,0,15.83
198,0.608,0,0,2.508,2.135,1.451,1.328,0,0,0,15.811
199,0.607,0,0,2.484,2.133,1.392,1.314,0,0,0,15.79
200,0.607,0,0,2.462,2.131,1.445,1.318,0,0,0,15.77
201,0.607,0,0,2.439,2.129,1.445,1.322,0,0,0,15.751
202,0.607,0,0,2.415,2.128,1.445,1.315,0,0,0,15.731
203,0.605,0,0,2.393,2.126,1.451,1.314,0,0,0,15.71
204,0.604,0,0,2.37,2.124,1.44,1.303,0,0,0,15.691
205,0.604,0,0,2.347,2.123,1.451,1.322,0,0,0,15.671
206,0.604,0,0,2.324,2.122,1.451,1.311,0,0,0,15.651
207,0.603,0,0,2.301,2.121,1.445,1.306,0,0,0,15.632
208,0.602,0,0,2.278,2.12,1.441,1.304,0,0,0,15.612
209,0.602,0,0,2.255,2.119,1.451,1.307,0,0,0,15.592
210,0.602,0,0,2.232,2.119,1.451,1.308,0,0,0,15.572
211,0.601,0,0,2.209,2.118,1.445,1.299,0,0,0,15.553
212,0.601,0,0,2.186,2.118,1.445,1.302,0,0,0,15.533
213,0.601,0,0,2.163,2.118,1.445,1.303,0,0,0,15.513
214,0.6,0,1,2.14,2.119,1.441,1.297,0,0,0,15.494
215,0.6,0,0,2.117,2.119,1.445,1.313,0,0,0,15.474
216,0.601,0,0,2.094,2.12,1.445,1.312,0,0,0,15.454
217,0.601,0,0,2.072,2.121,1.445,1.316,0,0,0,15.434
218,0.601,0,0,2.049,2.122,1.445,1.317,0,0,0,15.413
219,0.6,0,0,2.026,2.124,1.441,1.312,0,0,0,15.393
220,0.6,0,0,2.004,2.125,1.445,1.309,0,0,0,15.372
221,0.6,0,3,1.981,2.127,1.445,1.309,0,0,0,15.351
222,0.599,0,4,1.959,2.129,1.445,1.304,0,0,0,15.331
223,0.6,0,0,1.936,2.131,1.441,1.305,0,0,0,15.311
224,0.599,0,1,1.913,2.131,1.445,1.301,0,0,0,15.29
225,0.599,0,4,1.891,2.128,1.451,1.314,0,0,0,15.27
226,0.599,0,4,1.869,2.126,1.445,1.305,0,0,0,15.25
227,0.6,0,4,1.845,2.123,1.445,1.301,0,0,0,15.23
228,0.599,0,4,1.823,2.122,1.441,1.297,0,0,0,15.21
229,0.599,0,4,1.801,2.12,1.445,1.296,0,0,0,15.19
230,0.6,0,4,1.779,2.118,1.445,1.306,0,0,0,15.17
231,0.599,0,4,1.756,2.116,1.445,1.299,0,0,0,15.149
232,0.599,0,4,1.734,2.114,1.445,1.29,0,0,0,15.13
233,0.599,0,3,1.711,2.112,1.392,1.291,0,0,0,15.109
234,0.599,0,4,1.689,2.111,1.451,1.289,0,0,0,15.09
235,0.599,0,4,1.667,2.109,1.445,1.295,0,0,0,15.07
236,0.599,0,4,1.646,2.107,1.445,1.276,0,0,0,15.051
237,0.599,0,4,1.623,2.105,1.445,1.289,0,0,0,15.031
238,0.599,0,4,1.601,2.103,1.451,1.284,0,0,0,15.011
239,0.599,0,4,1.579,2.101,1.445,1.279,0,0,0,14.991
240,0.599,0,4,1.558,2.099,1.44,1.273,0,0,0,14.972
241,0.599,0,4,1.537,2.098,1.445,1.296,0,0,0,14.953
242,0.6,0,4,1.515,2.096,1.451,1.285,0,0,0,14.934
243,0.599,0,2,1.493,2.094,1.44,1.288,0,0,0,14.914
244,0.599,0,6,1.472,2.093,1.445,1.275,0,0,0,14.895
245,0.6,0,6,1.45,2.091,1.441,1.284,0,0,0,14.876
246,0.599,0,5,1.429,2.09,1.445,1.272,0,0,0,14.857
247,0.599,0,8,1.407,2.089,1.392,1.274,0,0,0,14.838
248,0.599,0,7,1.387,2.089,1.441,1.269,0,0,0,14.82
249,0.599,0,8,1.366,2.088,1.451,1.276,0,0,0,14.801
250,0.599,0,8,1.345,2.088,1.445,1.263,0,0,0,14.782
251,0.599,0,8,1.324,2.088,1.392,1.262,0,0,0,14.764
252,0.599,0,8,1.303,2.088,1.445,1.269,0,0,0,14.745
253,0.599,0,6,1.282,2.088,1.44,1.256,0,0,0,14.727
254,0.599,0,7,1.261,2.09,1.392,1.26,0,0,0,14.71
255,0.599,0,7,1.241,2.091,1.445,1.252,0,0,0,14.691
256,0.599,0,6,1.22,2.092,1.445,1.254,0,0,0,14.673
257,0.599,0,8,1.199,2.093,1.392,1.242,0,0,0,14.662
258,0.599,0,8,1.179,2.094,1.392,1.245,0,0,0,14.651
259,0.598,0,7,1.158,2.096,1.445,1.24,0,0,0,14.64
260,0.599,0,7,1.138,2.097,1.431,1.241,0,0,0,14.628
261,0.599,0,5,1.118,2.099,1.431,1.232,0,0,0,14.617
262,0.599,0,8,1.097,2.101,1.392,1.233,0,0,0,14.605
263,0.599,0,5,1.077,2.103,1.445,1.231,0,0,0,14.594
264,0.599,0,5,1.056,2.101,1.465,1.227,0,0,0,14.583
265,0.599,0,7,1.036,2.098,1.431,1.217,0,0,0,14.572
266,0.599,0,8,1.016,2.095,1.401,1.219,0,0,0,14.56
267,0.599,0,6,0.996,2.093,1.451,1.218,0,0,0,14.549
268,0.599,0,7,0.977,2.091,1.431,1.209,0,0,0,14.538
269,0.599,0,9,0.959,2.089,1.401,1.203,0,0,0,14.527
270,0.599,0,6,0.94,2.087,1.431,1.202,0,0,0,14.516
271,0.599,0,8,0.922,2.086,1.392,1.194,0,0,0,14.503
272,0.599,0,11,0.904,2.084,1.445,1.196,0,0,0,14.492
273,0.599,0,11,0.886,2.082,1.385,1.197,0,0,0,14.481
274,0.599,0,11,0.869,2.08,1.392,1.189,0,0,0,14.469
275,0.598,0,12,0.852,2.078,1.392,1.182,0,0,0,14.458
276,0.598,0,12,0.835,2.076,1.385,1.18,0,0,0,14.446
277,0.599,0,12,0.819,2.074,1.385,1.175,0,0,0,14.435
278,0.599,0,13,0.803,2.072,1.392,1.171,0,0,0,14.425
279,0.598,0,12,0.788,2.07,1.392,1.17,0,0,0,14.415
280,0.598,0,13,0.772,2.068,1.385,1.163,0,0,0,14.404
281,0.598,0,15,0.757,2.066,1.392,1.161,0,0,0,14.395
282,0.598,0,16,0.742,2.064,1.392,1.158,0,0,0,14.386
283,0.597,0,17,0.728,2.062,1.385,1.151,0,0,0,14.376
284,0.598,0,18,0.714,2.061,1.342,1.14,0,0,0,14.366
285,0.597,0,17,0.701,2.06,1.385,1.14,0,0,0,14.357
286,0.597,0,17,0.687,2.059,1.385,1.136,0,0,0,14.348
287,0.597,0,18,0.675,2.058,1.354,1.133,0,0,0,14.339
288,0.597,0,21,0.662,2.057,1.332,1.114,0,0,0,14.33
289,0.598,0,24,0.65,2.057,1.354,1.12,0,0,0,14.322
290,0.598,0,24,0.638,2.057,1.368,1.113,0,0,0,14.315
291,0.598,0,25,0.625,2.056,1.354,1.104,0,0,0,14.307
292,0.598,0,24,0.615,2.056,1.354,1.101,0,0,0,14.298
293,0.598,0,25,0.604,2.056,1.342,1.091,0,0,0,14.291
294,0.599,0,26,0.592,2.057,1.332,1.091,0,0,0,14.284
295,0.598,0,25,0.582,2.057,1.368,1.082,0,0,0,14.277
296,0.599,0,24,0.572,2.058,1.342,1.083,0,0,0,14.27
297,0.599,0,24,0.562,2.058,1.354,1.076,0,0,0,14.264
298,0.599,0,22,0.552,2.06,1.354,1.069,0,0,0,14.256
299,0.598,0,22,0.543,2.061,1.385,1.069,0,0,0,14.25
300,0.598,0,25,0.534,2.062,1.342,1.06,0,0,0,14.243
301,0.598,0,24,0.525,2.064,1.354,1.059,0,0,0,14.237
302,0.598,0,24,0.517,2.065,1.385,1.057,0,0,0,14.231
303,0.598,0,27,0.509,2.067,1.354,1.051,0,0,0,14.225
304,0.598,0,24,0.501,2.07,1.385,1.042,0,0,0,14.219
305,0.598,0,24,0.493,2.071,1.405,1.045,0,0,0,14.213
306,0.598,0,24,0.486,2.073,1.405,1.034,0,0,0,14.207
307,0.598,0,27,0.479,2.076,1.405,1.035,0,0,0,14.202
308,0.598,0,28,0.472,2.078,1.405,1.027,0,0,0,14.196
309,0.598,0,26,0.464,2.081,1.405,1.026,0,0,0,14.191
310,0.598,0,29,0.457,2.083,1.371,1.018,0,0,0,14.186
311,0.599,0,32,0.45,2.087,1.405,1.017,0,0,0,14.181
312,0.598,0,30,0.444,2.089,1.405,1.009,0,0,0,14.176
313,0.598,0,32,0.438,2.092,1.426,1.005,0,0,0,14.171
314,0.598,0,29,0.431,2.095,1.405,0.999,0,0,0,14.167
315,0.599,0,32,0.425,2.098,1.371,0.997,0,0,0,14.162
316,0.598,0,29,0.419,2.102,1.426,0.996,0,0,0,14.158
317,0.599,0,29,0.412,2.106,1.405,0.992,0,0,0,14.153
318,0.599,0,26,0.407,2.109,1.371,0.988,0,0,0,14.149
319,0.599,0,30,0.4,2.112,1.426,0.98,0,0,0,14.145
320,0.599,0,27,0.394,2.117,1.371,0.983,0,0,0,14.141
321,0.599,0,32,0.389,2.12,1.426,0.978,0,0,0,14.138
322,0.599,0,26,0.382,2.124,1.371,0.976,0,0,0,14.134
323,0.599,0,27,0.378,2.128,1.426,0.964,0,0,0,14.13
324,0.599,0,30,0.372,2.133,1.371,0.972,0,0,0,14.126
325,0.599,0,25,0.366,2.137,1.426,0.964,0,0,0,14.124
326,0.599,0,24,0.361,2.141,1.396,0.958,0,0,0,14.12
327,0.599,0,24,0.356,2.146,1.371,0.955,0,0,0,14.117
328,0.599,0,23,0.351,2.15,1.371,0.948,0,0,0,14.115
329,0.598,0,24,0.345,2.155,1.348,0.945,0,0,0,14.112
330,0.598,0,30,0.341,2.16,1.316,0.939,0,0,0,14.109
331,0.597,0,27,0.336,2.165,1.371,0.937,0,0,0,14.107
332,0.597,0,31,0.331,2.17,1.348,0.935,0,0,0,14.105
333,0.597,0,31,0.326,2.175,1.396,0.93,0,0,0,14.103
334,0.597,0,26,0.321,2.18,1.253,0.922,0,0,0,14.102
335,0.598,0,32,0.316,2.185,1.283,0.918,0,0,0,14.1
336,0.597,0,37,0.312,2.19,1.31,0.913,0,0,0,14.098
337,0.598,0,32,0.308,2.195,1.253,0.918,0,0,0,14.097
338,0.598,0,36,0.303,2.201,1.253,0.907,0,0,0,14.096
339,0.598,0,33,0.298,2.207,1.237,0.905,0,0,0,14.095
340,0.598,0,33,0.293,2.212,1.253,0.902,0,0,0,14.094
341,0.598,0,37,0.288,2.219,1.237,0.899,0,0,0,14.094
342,0.598,0,36,0.283,2.224,1.253,0.894,0,0,0,14.094
343,0.598,0,30,0.279,2.229,1.237,0.893,0,0,0,14.094
344,0.599,0,35,0.274,2.236,1.195,0.883,0,0,0,14.094
345,0.599,0,38,0.269,2.242,1.253,0.889,0,0,0,14.094
346,0.598,0,33,0.264,2.248,1.195,0.88,0,0,0,14.094
347,0.599,0,35,0.259,2.254,1.195,0.878,0,0,0,14.095
348,0.598,0,36,0.254,2.26,1.195,0.877,0,0,0,14.094
349,0.598,0,29,0.249,2.265,1.195,0.876,0,0,0,14.096
350,0.598,0,27,0.244,2.271,1.195,0.87,0,0,0,14.097
351,0.599,0,28,0.239,2.277,1.316,0.873,0,0,0,14.097
352,0.599,0,28,0.235,2.282,1.396,0.867,0,0,0,14.098
353,0.598,0,30,0.23,2.289,1.396,0.867,0,0,0,14.1
354,0.599,0,27,0.225,2.294,1.396,0.865,0,0,0,14.1
355,0.598,0,26,0.22,2.3,1.396,0.863,0,0,0,14.101
356,0.599,0,28,0.215,2.306,1.316,0.865,0,0,0,14.103
357,0.599,0,23,0.211,2.311,1.342,0.858,0,0,0,14.103
358,0.599,0,24,0.206,2.317,1.316,0.856,0,0,0,14.104
359,0.599,0,27,0.202,2.323,1.342,0.863,0,0,0,14.104
360,0.599,0,28,0.198,2.329,1.316,0.851,0,0,0,14.105
361,0.599,0,22,0.193,2.335,1.316,0.856,0,0,0,14.106
362,0.599,0,20,0.189,2.341,1.316,0.853,0,0,0,14.105
363,0.599,0,30,0.184,2.347,1.288,0.847,0,0,0,14.106
364,0.599,0,25,0.181,2.353,1.316,0.847,0,0,0,14.106
365,0.599,0,25,0.177,2.36,1.237,0.849,0,0,0,14.105
366,0.599,0,23,0.172,2.366,1.412,0.847,0,0,0,14.105
367,0.599,0,23,0.168,2.373,1.237,0.849,0,0,0,14.105
368,0.599,0,22,0.165,2.38,1.237,0.843,0,0,0,14.105
369,0.599,0,22,0.16,2.387,1.237,0.845,0,0,0,14.104
370,0.598,0,22,0.157,2.393,1.182,0.837,0,0,0,14.104
371,0.598,0,24,0.153,2.4,1.237,0.842,0,0,0,14.105
372,0.598,0,20,0.149,2.406,1.182,0.837,0,0,0,14.104
373,0.598,0,23,0.146,2.413,1.182,0.837,0,0,0,14.104
374,0.599,0,25,0.141,2.42,1.182,0.838,0,0,0,14.105
375,0.599,0,29,0.138,2.427,1.182,0.832,0,0,0,14.104
376,0.599,0,24,0.134,2.434,1.182,0.829,0,0,0,14.105
377,0.599,0,31,0.13,2.44,1.183,0.83,0,0,0,14.105
378,0.599,0,29,0.126,2.448,1.182,0.83,0,0,0,14.105
379,0.599,0,28,0.123,2.454,1.207,0.833,0,0,0,14.106
380,0.599,0,25,0.119,2.462,1.207,0.829,0,0,0,14.106
381,0.599,0,28,0.116,2.468,1.207,0.831,0,0,0,14.107
382,0.599,0,34,0.113,2.476,1.261,0.828,0,0,0,14.108
383,0.599,0,25,0.109,2.483,1.261,0.829,0,0,0,14.109
384,0.599,0,28,0.108,2.49,1.182,0.831,0,0,0,14.111
385,0.598,0,21,0.106,2.497,1.182,0.826,0,0,0,14.112
386,0.599,0,25,0.105,2.505,1.182,0.826,0,0,0,14.114
387,0.599,0,26,0.104,2.512,1.183,0.838,0,0,0,14.115
388,0.599,0,27,0.104,2.518,1.159,0.827,0,0,0,14.116
389,0.599,0,20,0.104,2.527,1.159,0.828,0,0,0,14.117
390,0.599,0,20,0.105,2.534,1.159,0.828,0,0,0,14.118
391,0.599,0,17,0.106,2.541,1.195,0.828,0,0,0,14.118
392,0.599,0,22,0.107,2.549,1.183,0.832,0,0,0,14.119
393,0.599,0,21,0.109,2.556,1.182,0.827,0,0,0,14.12
394,0.599,0,21,0.111,2.563,1.182,0.825,0,0,0,14.12
395,0.599,0,22,0.114,2.572,1.195,0.828,0,0,0,14.12
396,0.599,0,24,0.117,2.58,1.182,0.827,0,0,0,14.121
397,0.599,0,23,0.12,2.587,1.182,0.82,0,0,0,14.122
398,0.599,0,22,0.124,2.595,1.138,0.829,0,0,0,14.122
399,0.599,0,21,0.128,2.602,1.207,0.825,0,0,0,14.122
400,0.599,0,19,0.133,2.61,1.138,0.824,0,0,0,14.123
401,0.599,0,18,0.136,2.618,1.182,0.823,0,0,0,14.122
402,0.599,0,21,0.138,2.626,1.207,0.827,0,0,0,14.123
403,0.599,0,19,0.141,2.635,1.182,0.819,0,0,0,14.123
404,0.599,0,18,0.144,2.643,1.159,0.826,0,0,0,14.124
405,0.599,0,18,0.146,2.651,1.207,0.824,0,0,0,14.123
406,0.599,0,18,0.141,2.66,1.195,0.819,0,0,0,14.124
407,0.599,0,20,0.139,2.669,1.207,0.826,0,0,0,14.124
408,0.599,0,25,0.134,2.679,1.207,0.82,0,0,0,14.125
409,0.599,0,22,0.131,2.687,1.182,0.823,0,0,0,14.125
410,0.599,0,21,0.126,2.696,1.207,0.82,0,0,0,14.126
411,0.599,0,21,0.122,2.705,1.207,0.816,0,0,0,14.126
412,0.599,0,17,0.119,2.715,1.261,0.822,0,0,0,14.127
413,0.599,0,19,0.115,2.724,1.182,0.821,0,0,0,14.128
414,0.599,0,19,0.111,2.734,1.215,0.817,0,0,0,14.128
415,0.599,0,22,0.107,2.743,1.207,0.817,0,0,0,14.128
416,0.599,0,22,0.103,2.75,1.261,0.82,0,0,0,14.129
417,0.599,0,20,0.099,2.752,1.207,0.818,0,0,0,14.13
418,0.599,0,25,0.096,2.754,1.261,0.821,0,0,0,14.13
419,0.599,0,19,0.092,2.756,1.215,0.818,0,0,0,14.131
420,0.599,0,24,0.089,2.757,1.261,0.821,0,0,0,14.132
421,0.599,0,28,0.086,2.76,1.261,0.816,0,0,0,14.131
422,0.599,0,32,0.083,2.762,1.288,0.818,0,0,0,14.131
423,0.599,0,30,0.081,2.764,1.261,0.824,0,0,0,14.129
424,0.599,0,28,0.079,2.766,1.261,0.818,0,0,0,14.128
425,0.599,0,31,0.077,2.769,1.271,0.819,0,0,0,14.127
426,0.599,0,26,0.075,2.77,1.288,0.819,0,0,0,14.125
427,0.599,0,27,0.075,2.773,1.261,0.823,0,0,0,14.124
428,0.599,0,31,0.074,2.775,1.271,0.819,0,0,0,14.123
429,0.599,0,25,0.073,2.778,1.288,0.82,0,0,0,14.123
430,0.599,0,21,0.072,2.781,1.316,0.821,0,0,0,14.122
431,0.599,0,29,0.068,2.783,1.292,0.819,0,0,0,14.122
432,0.599,0,29,0.064,2.786,1.316,0.817,0,0,0,14.122
433,0.599,0,24,0.061,2.788,1.316,0.818,0,0,0,14.122
434,0.599,0,27,0.057,2.791,1.342,0.82,0,0,0,14.121
435,0.599,0,22,0.055,2.794,1.328,0.826,0,0,0,14.12
436,0.599,0,19,0.053,2.796,1.396,0.826,0,0,0,14.12
437,0.599,0,21,0.052,2.8,1.328,0.823,0,0,0,14.119
438,0.599,0,26,0.05,2.803,1.342,0.825,0,0,0,14.119
439,0.599,0,25,0.05,2.805,1.328,0.824,0,0,0,14.118
440,0.599,0,16,0.05,2.809,1.396,0.831,0,0,0,14.117
441,0.599,0,16,0.05,2.811,1.316,0.828,0,0,0,14.118
442,0.599,0,18,0.05,2.815,1.371,0.832,0,0,0,14.117
443,0.599,0,19,0.05,2.818,1.396,0.835,0,0,0,14.116
444,0.599,0,23,0.05,2.822,1.371,0.837,0,0,0,14.114
445,0.599,0,18,0.05,2.825,1.371,0.837,0,0,0,14.112
446,0.599,0,17,0.05,2.829,1.45,0.844,0,0,0,14.112
447,0.599,0,17,0.05,2.832,1.371,0.847,0,0,0,14.117
448,0.599,0,17,0.05,2.836,1.385,0.843,0,0,0,14.12
449,0.599,0,16,0.05,2.839,1.426,0.852,0,0,0,14.124
450,0.599,0,20,0.05,2.842,1.371,0.852,0,0,0,14.128
451,0.599,0,19,0.05,2.847,1.426,0.849,0,0,0,14.132
452,0.599,0,17,0.05,2.85,1.426,0.854,0,0,0,14.136
453,0.599,0,22,0.05,2.854,1.371,0.858,0,0,0,14.141
454,0.599,0,14,0.05,2.859,1.426,0.857,0,0,0,14.145
455,0.599,0,18,0.05,2.863,1.371,0.861,0,0,0,14.149
456,0.599,0,15,0.05,2.867,1.405,0.863,0,0,0,14.153
457,0.599,0,16,0.049,2.871,1.426,0.865,0,0,0,14.156
458,0.599,0,16,0.05,2.875,1.348,0.86,0,0,0,14.161
459,0.599,0,16,0.05,2.879,1.426,0.867,0,0,0,14.165
460,0.599,0,13,0.05,2.884,1.405,0.866,0,0,0,14.168
461,0.599,0,14,0.05,2.888,1.405,0.868,0,0,0,14.173
462,0.599,0,18,0.05,2.893,1.405,0.867,0,0,0,14.176
463,0.599,0,18,0.049,2.897,1.405,0.869,0,0,0,14.181
464,0.599,0,17,0.05,2.902,1.385,0.872,0,0,0,14.184
465,0.599,0,15,0.05,2.906,1.405,0.877,0,0,0,14.188
466,0.599,0,18,0.05,2.911,1.405,0.874,0,0,0,14.191
467,0.599,0,18,0.05,2.915,1.385,0.873,0,0,0,14.195
468,0.599,0,17,0.05,2.92,1.385,0.871,0,0,0,14.197
469,0.599,0,17,0.05,2.925,1.442,0.881,0,0,0,14.2
470,0.599,0,21,0.05,2.924,1.405,0.878,0,0,0,14.203
471,0.599,0,23,0.05,2.921,1.368,0.879,0,0,0,14.204
472,0.599,0,20,0.049,2.919,1.385,0.879,0,0,0,14.206
473,0.599,0,23,0.05,2.916,1.442,0.883,0,0,0,14.207
474,0.599,0,15,0.05,2.913,1.368,0.878,0,0,0,14.208
475,0.599,0,15,0.049,2.912,1.442,0.882,0,0,0,14.209
476,0.6,0,17,0.05,2.909,1.368,0.878,0,0,0,14.21
477,0.599,0,18,0.049,2.907,1.426,0.884,0,0,0,14.209
478,0.599,0,26,0.05,2.906,1.368,0.881,0,0,0,14.21
479,0.599,0,15,0.05,2.904,1.426,0.881,0,0,0,14.21
480,0.599,0,13,0.05,2.902,1.412,0.885,0,0,0,14.209
481,0.599,0,20,0.05,2.901,1.412,0.885,0,0,0,14.208
482,0.599,0,17,0.049,2.899,1.354,0.885,0,0,0,14.207
483,0.599,0,17,0.05,2.897,1.401,0.888,0,0,0,14.206
484,0.599,0,18,0.05,2.896,1.401,0.886,0,0,0,14.205
485,0.599,0,16,0.05,2.895,1.401,0.89,0,0,0,14.204
486,0.599,0,15,0.05,2.894,1.401,0.886,0,0,0,14.202
487,0.599,0,12,0.049,2.893,1.392,0.889,0,0,0,14.2
488,0.599,0,15,0.05,2.893,1.451,0.889,0,0,0,14.199
489,0.599,0,12,0.05,2.892,1.392,0.891,0,0,0,14.196
490,0.599,0,16,0.05,2.891,1.385,0.892,0,0,0,14.195
491,0.599,0,22,0.049,2.89,1.392,0.894,0,0,0,14.192
492,0.599,0,18,0.049,2.889,1.385,0.893,0,0,0,14.19
493,0.6,0,12,0.05,2.889,1.445,0.896,0,0,0,14.188
494,0.599,0,9,0.05,2.877,1.385,0.896,0,0,0,14.185
495,0.599,0,13,0.049,2.866,1.381,0.896,0,0,0,14.182
496,0.599,0,18,0.05,2.854,1.385,0.899,0,0,0,14.179
497,0.599,0,14,0.049,2.842,1.44,0.897,0,0,0,14.176
498,0.599,0,17,0.05,2.831,1.381,0.9,0,0,0,14.173
499,0.599,0,12,0.05,2.82,1.38,0.897,0,0,0,14.17
500,0.599,0,20,0.05,2.809,1.441,0.899,0,0,0,14.166
501,0.599,0,21,0.05,2.798,1.38,0.899,0,0,0,14.163
502,0.599,0,19,0.049,2.786,1.381,0.9,0,0,0,14.16
503,0.599,0,16,0.05,2.776,1.44,0.903,0,0,0,14.156
504,0.599,0,20,0.05,2.765,1.385,0.903,0,0,0,14.153
505,0.599,0,19,0.049,2.755,1.381,0.904,0,0,0,14.149
506,0.599,0,22,0.049,2.745,1.445,0.905,0,0,0,14.145
507,0.599,0,18,0.05,2.735,1.381,0.905,0,0,0,14.141
508,0.599,0,17,0.05,2.726,1.385,0.91,0,0,0,14.137
509,0.599,0,18,0.049,2.717,1.392,0.905,0,0,0,14.133
510,0.599,0,23,0.05,2.708,1.445,0.914,0,0,0,14.128
511,0.599,0,21,0.05,2.699,1.392,0.91,0,0,0,14.124
512,0.599,0,16,0.05,2.691,1.401,0.909,0,0,0,14.119
513,0.599,0,19,0.05,2.682,1.401,0.913,0,0,0,14.115
514,0.598,0,17,0.05,2.676,1.401,0.91,0,0,0,14.109
515,0.599,0,20,0.05,2.667,1.401,0.922,0,0,0,14.105
516,0.598,0,18,0.049,2.661,1.401,0.916,0,0,0,14.099
517,0.599,0,17,0.049,2.653,1.412,0.922,0,0,0,14.094
518,0.598,0,17,0.05,2.647,1.412,0.924,0,0,0,14.088
519,0.599,0,18,0.05,2.639,1.342,0.924,0,0,0,14.083
520,0.598,0,15,0.05,2.634,1.412,0.928,0,0,0,14.077
521,0.599,0,18,0.05,2.626,1.412,0.928,0,0,0,14.073
522,0.598,0,14,0.05,2.622,1.401,0.934,0,0,0,14.066
523,0.599,0,18,0.05,2.616,1.412,0.936,0,0,0,14.06
524,0.599,0,18,0.05,2.612,1.412,0.94,0,0,0,14.053
525,0.599,0,12,0.05,2.607,1.401,0.947,0,0,0,14.047
526,0.598,0,17,0.05,2.604,1.412,0.942,0,0,0,14.04
527,0.599,0,12,0.049,2.599,1.381,0.949,0,0,0,14.033
528,0.598,0,14,0.05,2.596,1.401,0.953,0,0,0,14.026
529,0.599,0,16,0.05,2.592,1.412,0.944,0,0,0,14.019
530,0.598,0,19,0.049,2.59,1.412,0.961,0,0,0,14.011
531,0.598,0,17,0.05,2.587,1.401,0.952,0,0,0,14.003
532,0.598,0,11,0.05,2.586,1.445,0.964,0,0,0,13.995
533,0.599,0,11,0.05,2.583,1.416,0.965,0,0,0,13.987
534,0.599,0,12,0.05,2.581,1.385,0.959,0,0,0,13.98
535,0.599,0,17,0.05,2.58,1.412,0.966,0,0,0,13.972
536,0.599,0,12,0.05,2.579,1.416,0.963,0,0,0,13.963
537,0.599,0,16,0.049,2.578,1.401,0.972,0,0,0,13.955
538,0.599,0,11,0.05,2.577,1.412,0.965,0,0,0,13.946
539,0.599,0,14,0.05,2.577,1.431,0.972,0,0,0,13.938
540,0.599,0,16,0.05,2.577,1.416,0.97,0,0,0,13.929
541,0.599,0,17,0.05,2.577,1.401,0.971,0,0,0,13.92
542,0.599,0,11,0.05,2.578,1.416,0.977,0,0,0,13.911
543,0.599,0,14,0.05,2.579,1.412,0.975,0,0,0,13.902
544,0.599,0,14,0.049,2.58,1.412,0.978,0,0,0,13.892
545,0.599,0,7,0.05,2.582,1.416,0.981,0,0,0,13.883
546,0.599,0,12,0.05,2.583,1.412,0.987,0,0,0,13.873
547,0.599,0,12,0.05,2.585,1.416,0.989,0,0,0,13.863
548,0.599,0,14,0.05,2.587,1.412,0.986,0,0,0,13.854
549,0.599,0,12,0.05,2.59,1.431,0.992,0,0,0,13.853
550,0.599,0,9,0.05,2.593,1.412,1.001,0,0,0,13.856
551,0.599,0,11,0.05,2.596,1.416,0.997,0,0,0,13.858
552,0.599,0,7,0.05,2.596,1.412,1.004,0,0,0,13.861
553,0.599,0,12,0.05,2.582,1.431,1.003,0,0,0,13.863
554,0.599,0,10,0.05,2.567,1.412,1.01,0,0,0,13.865
555,0.599,0,13,0.05,2.551,1.431,1.005,0,0,0,13.867
556,0.599,0,10,0.05,2.531,1.401,1.009,0,0,0,13.867
557,0.599,0,11,0.051,2.512,1.412,1.013,0,0,0,13.868
558,0.599,0,8,0.05,2.491,1.422,1.014,0,0,0,13.867
559,0.599,0,7,0.05,2.471,1.412,1.024,0,0,0,13.864
560,0.599,0,12,0.05,2.451,1.401,1.025,0,0,0,13.861
561,0.599,0,8,0.05,2.431,1.422,1.032,0,0,0,13.857
562,0.599,0,10,0.05,2.411,1.412,1.031,0,0,0,13.854
563,0.599,0,13,0.05,2.391,1.412,1.035,0,0,0,13.85
564,0.599,0,16,0.05,2.372,1.426,1.035,0,0,0,13.847
565,0.599,0,11,0.052,2.352,1.412,1.039,0,0,0,13.842
566,0.6,0,10,0.053,2.332,1.426,1.043,0,0,0,13.838
567,0.599,0,10,0.054,2.312,1.426,1.045,0,0,0,13.834
568,0.599,0,11,0.054,2.293,1.412,1.043,0,0,0,13.83
569,0.6,0,8,0.054,2.273,1.426,1.048,0,0,0,13.825
570,0.599,0,12,0.054,2.254,1.426,1.055,0,0,0,13.82
571,0.599,0,16,0.054,2.235,1.412,1.052,0,0,0,13.815
572,0.599,0,16,0.053,2.216,1.426,1.058,0,0,0,13.809
573,0.599,0,14,0.053,2.196,1.451,1.057,0,0,0,13.802
574,0.599,0,11,0.053,2.177,1.426,1.062,0,0,0,13.796
575,0.599,0,14,0.053,2.158,1.412,1.063,0,0,0,13.788
576,0.599,0,12,0.053,2.139,1.426,1.063,0,0,0,13.781
577,0.599,0,11,0.052,2.12,1.412,1.067,0,0,0,13.772
578,0.599,0,15,0.052,2.101,1.412,1.072,0,0,0,13.763
579,0.599,0,13,0.052,2.083,1.451,1.071,0,0,0,13.755
580,0.599,0,11,0.052,2.064,1.412,1.076,0,0,0,13.746
581,0.599,0,13,0.051,2.045,1.431,1.078,0,0,0,13.737
582,0.599,0,12,0.051,2.026,1.442,1.082,0,0,0,13.728
583,0.599,0,11,0.051,2.008,1.46,1.083,0,0,0,13.719
584,0.599,0,8,0.051,1.99,1.431,1.079,0,0,0,13.71
585,0.599,0,10,0.05,1.971,1.426,1.086,0,0,0,13.7
586,0.599,0,17,0.05,1.954,1.451,1.089,0,0,0,13.691
587,0.599,0,13,0.05,1.936,1.445,1.089,0,0,0,13.68
588,0.599,0,14,0.05,1.917,1.412,1.095,0,0,0,13.671
589,0.599,0,13,0.05,1.9,1.426,1.101,0,0,0,13.661
590,0.599,0,7,0.05,1.882,1.441,1.1,0,0,0,13.651
591,0.599,0,15,0.05,1.864,1.426,1.108,0,0,0,13.641
592,0.599,0,8,0.05,1.846,1.426,1.115,0,0,0,13.63
593,0.6,0,8,0.05,1.83,1.426,1.114,0,0,0,13.62
594,0.599,0,14,0.05,1.812,1.441,1.117,0,0,0,13.61
595,0.599,0,13,0.05,1.795,1.442,1.115,0,0,0,13.599
596,0.599,0,12,0.05,1.778,1.451,1.124,0,0,0,13.588
597,0.599,0,11,0.05,1.761,1.441,1.122,0,0,0,13.577
598,0.599,0,11,0.051,1.744,1.461,1.126,0,0,0,13.566
599,0.599,0,17,0.05,1.727,1.442,1.126,0,0,0,13.555
600,0.599,0,15,0.05,1.71,1.451,1.132,0,0,0,13.544
601,0.599,0,10,0.05,1.695,1.426,1.132,0,0,0,13.533
602,0.599,0,10,0.05,1.678,1.426,1.139,0,0,0,13.52
603,0.599,0,12,0.05,1.662,1.44,1.14,0,0,0,13.509
604,0.599,0,10,0.052,1.646,1.412,1.148,0,0,0,13.497
605,0.598,0,10,0.056,1.63,1.442,1.152,0,0,0,13.485
606,0.6,0,9,0.06,1.614,1.46,1.158,0,0,0,13.473
607,0.599,0,6,0.065,1.599,1.44,1.162,0,0,0,13.461
608,0.6,0,7,0.066,1.584,1.461,1.159,0,0,0,13.448
609,0.599,0,10,0.064,1.569,1.426,1.165,0,0,0,13.436
610,0.6,0,9,0.063,1.554,1.445,1.169,0,0,0,13.423
611,0.599,0,10,0.063,1.539,1.46,1.169,0,0,0,13.41
612,0.6,0,11,0.063,1.524,1.442,1.174,0,0,0,13.397
613,0.599,0,8,0.06,1.51,1.445,1.175,0,0,0,13.384
614,0.599,0,13,0.058,1.495,1.451,1.175,0,0,0,13.37
615,0.599,0,8,0.056,1.482,1.451,1.179,0,0,0,13.357
616,0.599,0,15,0.053,1.468,1.461,1.185,0,0,0,13.343
617,0.599,0,11,0.052,1.454,1.426,1.184,0,0,0,13.329
618,0.6,0,15,0.051,1.441,1.445,1.191,0,0,0,13.315
619,0.599,0,14,0.05,1.428,1.451,1.193,0,0,0,13.302
620,0.599,0,10,0.05,1.415,1.445,1.198,0,0,0,13.288
621,0.6,0,8,0.05,1.402,1.442,1.193,0,0,0,13.274
622,0.6,0,3,0.05,1.39,1.445,1.195,0,0,0,13.26
623,0.6,0,10,0.05,1.377,1.451,1.202,0,0,0,13.252
624,0.599,0,8,0.051,1.366,1.445,1.2,0,0,0,13.253
625,0.599,0,6,0.051,1.354,1.442,1.2,0,0,0,13.253
626,0.599,0,8,0.053,1.342,1.451,1.204,0,0,0,13.254
627,0.6,0,9,0.055,1.331,1.426,1.207,0,0,0,13.255
628,0.599,0,9,0.057,1.32,1.46,1.206,0,0,0,13.256
629,0.6,0,8,0.06,1.309,1.426,1.204,0,0,0,13.256
630,0.599,0,9,0.062,1.299,1.416,1.207,0,0,0,13.257
631,0.6,0,10,0.066,1.289,1.451,1.212,0,0,0,13.258
632,0.599,0,5,0.069,1.279,1.445,1.21,0,0,0,13.258
633,0.6,0,8,0.073,1.269,1.445,1.213,0,0,0,13.259
634,0.598,0,9,0.077,1.26,1.426,1.211,0,0,0,13.26
635,0.599,0,9,0.082,1.251,1.445,1.211,0,0,0,13.261
636,0.599,0,11,0.087,1.242,1.426,1.214,0,0,0,13.261
637,0.599,0,8,0.092,1.235,1.445,1.216,0,0,0,13.262
638,0.599,0,11,0.097,1.226,1.451,1.214,0,0,0,13.263
639,0.599,0,11,0.101,1.219,1.461,1.22,0,0,0,13.264
640,0.599,0,5,0.106,1.212,1.426,1.213,0,0,0,13.265
641,0.599,0,10,0.111,1.204,1.426,1.222,0,0,0,13.266
642,0.599,0,8,0.115,1.197,1.426,1.225,0,0,0,13.267
643,0.599,0,10,0.119,1.191,1.426,1.217,0,0,0,13.268
644,0.599,0,7,0.124,1.185,1.426,1.223,0,0,0,13.269
645,0.599,0,10,0.129,1.18,1.426,1.224,0,0,0,13.27
646,0.599,0,13,0.134,1.175,1.451,1.224,0,0,0,13.271
647,0.599,0,12,0.139,1.169,1.442,1.23,0,0,0,13.272
648,0.599,0,7,0.143,1.165,1.46,1.229,0,0,0,13.273
649,0.599,0,10,0.15,1.16,1.426,1.226,0,0,0,13.275
650,0.599,0,9,0.156,1.157,1.445,1.233,0,0,0,13.276
651,0.6,0,7,0.163,1.154,1.46,1.232,0,0,0,13.277
652,0.599,0,14,0.171,1.15,1.445,1.23,0,0,0,13.278
653,0.599,0,16,0.18,1.148,1.46,1.235,0,0,0,13.279
654,0.599,0,13,0.188,1.146,1.426,1.238,0,0,0,13.281
655,0.6,0,11,0.197,1.143,1.46,1.239,0,0,0,13.282
656,0.599,0,12,0.206,1.142,1.442,1.244,0,0,0,13.283
657,0.599,0,16,0.216,1.141,1.461,1.244,0,0,0,13.285
658,0.599,0,12,0.227,1.14,1.461,1.247,0,0,0,13.286
659,0.599,0,9,0.228,1.14,1.426,1.251,0,0,0,13.287
660,0.599,0,13,0.224,1.141,1.426,1.253,0,0,0,13.289
661,0.599,0,14,0.221,1.141,1.451,1.25,0,0,0,13.29
662,0.599,0,12,0.217,1.142,1.426,1.258,0,0,0,13.292
663,0.6,0,7,0.214,1.143,1.426,1.255,0,0,0,13.293
664,0.599,0,12,0.21,1.144,1.426,1.265,0,0,0,13.295
665,0.599,0,12,0.207,1.147,1.426,1.261,0,0,0,13.296
666,0.599,0,13,0.204,1.149,1.426,1.271,0,0,0,13.298
667,0.599,0,7,0.2,1.152,1.461,1.274,0,0,0,13.3
668,0.599,0,8,0.198,1.155,1.461,1.275,0,0,0,13.302
669,0.599,0,7,0.197,1.159,1.451,1.279,0,0,0,13.303
670,0.599,0,7,0.195,1.162,1.426,1.272,0,0,0,13.304
671,0.599,0,8,0.193,1.167,1.445,1.278,0,0,0,13.306
672,0.599,0,13,0.191,1.172,1.441,1.279,0,0,0,13.307
673,0.599,0,10,0.189,1.176,1.451,1.275,0,0,0,13.309
674,0.599,0,5,0.188,1.181,1.46,1.283,0,0,0,13.311
675,0.599,0,8,0.185,1.186,1.426,1.277,0,0,0,13.312
676,0.599,0,13,0.183,1.19,1.451,1.282,0,0,0,13.314
677,0.599,0,6,0.18,1.195,1.461,1.278,0,0,0,13.315
678,0.599,0,10,0.177,1.2,1.461,1.277,0,0,0,13.317
679,0.599,0,12,0.174,1.204,1.45,1.281,0,0,0,13.318
680,0.599,0,10,0.17,1.209,1.426,1.282,0,0,0,13.321
681,0.599,0,8,0.166,1.214,1.426,1.282,0,0,0,13.323
682,0.599,0,12,0.161,1.218,1.451,1.28,0,0,0,13.324
683,0.599,0,13,0.157,1.223,1.451,1.284,0,0,0,13.326
684,0.599,0,11,0.152,1.228,1.46,1.285,0,0,0,13.328
685,0.599,0,8,0.147,1.232,1.426,1.28,0,0,0,13.33
686,0.599,0,8,0.142,1.237,1.442,1.288,0,0,0,13.331
687,0.599,0,6,0.137,1.243,1.45,1.286,0,0,0,13.333
688,0.599,0,7,0.132,1.248,1.442,1.289,0,0,0,13.335
689,0.599,0,9,0.129,1.254,1.451,1.289,0,0,0,13.336
690,0.599,0,11,0.125,1.256,1.45,1.288,0,0,0,13.339
691,0.599,0,11,0.125,1.256,1.451,1.296,0,0,0,13.341
692,0.599,0,10,0.125,1.256,1.426,1.292,0,0,0,13.343
693,0.599,0,11,0.127,1.256,1.426,1.297,0,0,0,13.344
694,0.599,0,7,0.13,1.257,1.445,1.296,0,0,0,13.346
695,0.6,0,12,0.134,1.258,1.426,1.297,0,0,0,13.348
696,0.599,0,12,0.14,1.254,1.46,1.297,0,0,0,13.35
697,0.599,0,11,0.147,1.248,1.451,1.302,0,0,0,13.352
698,0.6,0,8,0.155,1.241,1.451,1.296,0,0,0,13.354
699,0.599,0,10,0.165,1.237,1.461,1.302,0,0,0,13.357
700,0.599,0,9,0.175,1.231,1.445,1.295,0,0,0,13.359
701,0.599,0,14,0.186,1.226,1.445,1.301,0,0,0,13.361
702,0.599,0,11,0.199,1.221,1.451,1.298,0,0,0,13.363
703,0.599,0,9,0.211,1.217,1.441,1.295,0,0,0,13.365
704,0.599,0,15,0.223,1.213,1.451,1.301,0,0,0,13.366
705,0.599,0,9,0.235,1.21,1.442,1.293,0,0,0,13.368
706,0.599,0,14,0.247,1.206,1.451,1.294,0,0,0,13.371
707,0.599,0,17,0.259,1.203,1.442,1.302,0,0,0,13.373
708,0.599,0,14,0.271,1.201,1.451,1.297,0,0,0,13.376
709,0.599,0,9,0.283,1.2,1.461,1.293,0,0,0,13.378
710,0.599,0,15,0.295,1.198,1.442,1.301,0,0,0,13.38
711,0.599,0,11,0.308,1.196,1.451,1.294,0,0,0,13.382
712,0.599,0,12,0.32,1.195,1.445,1.297,0,0,0,13.384
713,0.599,0,10,0.319,1.195,1.451,1.302,0,0,0,13.386
714,0.599,0,14,0.314,1.194,1.426,1.298,0,0,0,13.388
715,0.599,0,12,0.311,1.195,1.45,1.297,0,0,0,13.39
716,0.599,0,10,0.307,1.196,1.426,1.297,0,0,0,13.393
717,0.599,0,7,0.305,1.197,1.426,1.294,0,0,0,13.396
718,0.599,0,12,0.302,1.198,1.451,1.299,0,0,0,13.398
719,0.599,0,16,0.301,1.2,1.461,1.299,0,0,0,13.401
720,0.599,0,12,0.3,1.201,1.461,1.299,0,0,0,13.403
721,0.6,0,9,0.301,1.204,1.451,1.299,0,0,0,13.406
722,0.599,0,14,0.301,1.208,1.45,1.296,0,0,0,13.408
723,0.599,0,12,0.302,1.211,1.45,1.301,0,0,0,13.41
724,0.6,0,9,0.304,1.214,1.45,1.303,0,0,0,13.413
725,0.599,0,12,0.307,1.218,1.442,1.296,0,0,0,13.415
726,0.599,0,10,0.312,1.223,1.451,1.301,0,0,0,13.418
727,0.6,0,9,0.317,1.228,1.45,1.3,0,0,0,13.421
728,0.599,0,13,0.324,1.232,1.442,1.299,0,0,0,13.423
729,0.599,0,13,0.33,1.238,1.461,1.303,0,0,0,13.426
730,0.599,0,14,0.339,1.244,1.445,1.298,0,0,0,13.429
731,0.599,0,8,0.346,1.25,1.426,1.298,0,0,0,13.431
732,0.599,0,14,0.356,1.256,1.45,1.305,0,0,0,13.434
733,0.599,0,11,0.364,1.262,1.46,1.304,0,0,0,13.436
734,0.599,0,12,0.373,1.269,1.426,1.299,0,0,0,13.439
735,0.599,0,7,0.382,1.275,1.426,1.298,0,0,0,13.442
736,0.599,0,13,0.391,1.281,1.451,1.302,0,0,0,13.445
737,0.599,0,10,0.399,1.287,1.442,1.302,0,0,0,13.448
738,0.599,0,13,0.404,1.294,1.442,1.302,0,0,0,13.451
739,0.599,0,10,0.395,1.3,1.46,1.3,0,0,0,13.454
740,0.599,0,12,0.387,1.306,1.451,1.304,0,0,0,13.456
741,0.599,0,11,0.377,1.313,1.426,1.302,0,0,0,13.459
742,0.599,0,11,0.368,1.319,1.461,1.303,0,0,0,13.462
743,0.599,0,8,0.358,1.325,1.442,1.3,0,0,0,13.465
744,0.599,0,12,0.349,1.332,1.451,1.304,0,0,0,13.468
745,0.599,0,6,0.34,1.338,1.442,1.306,0,0,0,13.471
746,0.599,0,10,0.333,1.345,1.461,1.302,0,0,0,13.474
747,0.599,0,11,0.325,1.352,1.445,1.304,0,0,0,13.477
748,0.599,0,11,0.319,1.359,1.451,1.306,0,0,0,13.481
749,0.599,0,14,0.313,1.367,1.442,1.302,0,0,0,13.483
750,0.599,0,10,0.309,1.375,1.461,1.304,0,0,0,13.487
751,0.599,0,14,0.305,1.383,1.451,1.308,0,0,0,13.49
752,0.599,0,11,0.302,1.391,1.445,1.301,0,0,0,13.493
753,0.599,0,13,0.301,1.401,1.442,1.304,0,0,0,13.496
754,0.599,0,10,0.3,1.41,1.45,1.308,0,0,0,13.5
755,0.599,0,13,0.301,1.419,1.451,1.302,0,0,0,13.502
756,0.599,0,13,0.301,1.429,1.442,1.306,0,0,0,13.506
757,0.599,0,15,0.303,1.439,1.442,1.303,0,0,0,13.509
758,0.6,0,7,0.306,1.449,1.46,1.308,0,0,0,13.512
759,0.599,0,14,0.308,1.46,1.451,1.309,0,0,0,13.516
760,0.599,0,12,0.313,1.47,1.461,1.307,0,0,0,13.519
761,0.599,0,8,0.316,1.481,1.451,1.308,0,0,0,13.523
762,0.599,0,8,0.322,1.492,1.451,1.311,0,0,0,13.526
763,0.599,0,12,0.326,1.503,1.442,1.309,0,0,0,13.53
764,0.599,0,8,0.332,1.515,1.445,1.315,0,0,0,13.533
765,0.599,0,10,0.337,1.527,1.451,1.315,0,0,0,13.537
766,0.599,0,11,0.343,1.539,1.451,1.311,0,0,0,13.541
767,0.599,0,11,0.347,1.544,1.451,1.319,0,0,0,13.543
768,0.599,0,13,0.352,1.547,1.45,1.316,0,0,0,13.547
769,0.599,0,9,0.355,1.55,1.45,1.316,0,0,0,13.551
770,0.599,0,9,0.359,1.553,1.451,1.318,0,0,0,13.555
771,0.599,0,13,0.363,1.557,1.46,1.316,0,0,0,13.559
772,0.599,0,14,0.366,1.561,1.445,1.321,0,0,0,13.562
773,0.599,0,12,0.368,1.565,1.451,1.321,0,0,0,13.567
774,0.599,0,7,0.371,1.568,1.46,1.319,0,0,0,13.57
775,0.599,0,9,0.373,1.572,1.45,1.317,0,0,0,13.574
776,0.599,0,10,0.371,1.576,1.45,1.322,0,0,0,13.578
777,0.599,0,7,0.363,1.579,1.451,1.324,0,0,0,13.581
778,0.599,0,8,0.356,1.583,1.451,1.322,0,0,0,13.585
779,0.6,0,5,0.35,1.587,1.45,1.321,0,0,0,13.589
780,0.599,0,10,0.344,1.59,1.426,1.32,0,0,0,13.593
781,0.599,0,10,0.34,1.594,1.451,1.325,0,0,0,13.597
782,0.599,0,9,0.336,1.598,1.451,1.326,0,0,0,13.601
783,0.599,0,9,0.333,1.601,1.46,1.322,0,0,0,13.605
784,0.599,0,12,0.332,1.605,1.451,1.333,0,0,0,13.609
785,0.599,0,9,0.331,1.609,1.451,1.326,0,0,0,13.613
786,0.599,0,14,0.33,1.613,1.426,1.33,0,0,0,13.617
787,0.599,0,13,0.332,1.618,1.445,1.324,0,0,0,13.622
788,0.599,0,13,0.334,1.623,1.46,1.332,0,0,0,13.626
789,0.599,0,8,0.337,1.628,1.46,1.334,0,0,0,13.629
790,0.599,0,9,0.34,1.617,1.45,1.336,0,0,0,13.634
791,0.599,0,6,0.343,1.604,1.445,1.329,0,0,0,13.638
792,0.599,0,10,0.347,1.592,1.451,1.336,0,0,0,13.642
793,0.599,0,10,0.35,1.58,1.426,1.332,0,0,0,13.647
794,0.599,0,11,0.353,1.568,1.461,1.338,0,0,0,13.651
795,0.599,0,9,0.357,1.556,1.45,1.334,0,0,0,13.656
796,0.599,0,12,0.36,1.545,1.451,1.334,0,0,0,13.66
797,0.599,0,7,0.363,1.534,1.451,1.337,0,0,0,13.664
798,0.599,0,11,0.366,1.523,1.45,1.335,0,0,0,13.669
799,0.599,0,9,0.369,1.512,1.442,1.332,0,0,0,13.673
800,0.599,0,9,0.371,1.501,1.451,1.337,0,0,0,13.678
801,0.599,0,11,0.373,1.491,1.442,1.336,0,0,0,13.683
802,0.599,0,12,0.374,1.481,1.445,1.333,0,0,0,13.686
803,0.599,0,12,0.375,1.472,1.45,1.335,0,0,0,13.692
804,0.599,0,14,0.376,1.462,1.451,1.34,0,0,0,13.696
805,0.599,0,13,0.376,1.452,1.451,1.33,0,0,0,13.701
806,0.599,0,10,0.376,1.444,1.45,1.342,0,0,0,13.706
807,0.599,0,10,0.376,1.435,1.45,1.33,0,0,0,13.711
808,0.599,0,10,0.375,1.427,1.461,1.335,0,0,0,13.715
809,0.599,0,11,0.374,1.418,1.45,1.339,0,0,0,13.72
810,0.599,0,13,0.373,1.411,1.451,1.335,0,0,0,13.725
811,0.599,0,14,0.371,1.404,1.451,1.331,0,0,0,13.73
812,0.599,0,14,0.369,1.396,1.461,1.341,0,0,0,13.735
813,0.599,0,9,0.366,1.39,1.442,1.333,0,0,0,13.739
814,0.599,0,6,0.364,1.382,1.451,1.336,0,0,0,13.745
815,0.599,0,12,0.361,1.377,1.45,1.336,0,0,0,13.749
816,0.599,0,9,0.357,1.37,1.451,1.332,0,0,0,13.754
817,0.599,0,11,0.353,1.365,1.442,1.339,0,0,0,13.759
818,0.599,0,9,0.349,1.359,1.451,1.332,0,0,0,13.765
819,0.599,0,17,0.345,1.354,1.451,1.336,0,0,0,13.77
820,0.599,0,7,0.34,1.349,1.45,1.335,0,0,0,13.775
821,0.599,0,15,0.334,1.345,1.442,1.34,0,0,0,13.78
822,0.599,0,11,0.329,1.34,1.445,1.331,0,0,0,13.785
823,0.599,0,13,0.323,1.337,1.45,1.34,0,0,0,13.79
824,0.599,0,13,0.319,1.333,1.442,1.333,0,0,0,13.796
825,0.599,0,12,0.314,1.33,1.442,1.337,0,0,0,13.802
826,0.599,0,13,0.31,1.327,1.451,1.342,0,0,0,13.806
827,0.599,0,10,0.307,1.325,1.451,1.342,0,0,0,13.812
828,0.599,0,9,0.304,1.322,1.451,1.345,0,0,0,13.817
829,0.599,0,11,0.303,1.321,1.442,1.341,0,0,0,13.823
830,0.599,0,10,0.3,1.319,1.426,1.337,0,0,0,13.828
831,0.599,0,7,0.3,1.319,1.45,1.342,0,0,0,13.833
832,0.599,0,12,0.301,1.317,1.45,1.343,0,0,0,13.838
833,0.599,0,10,0.303,1.317,1.46,1.345,0,0,0,13.844
834,0.599,0,10,0.305,1.317,1.451,1.344,0,0,0,13.85
835,0.599,0,10,0.309,1.317,1.426,1.336,0,0,0,13.855
836,0.599,0,13,0.313,1.317,1.442,1.343,0,0,0,13.861
837,0.599,0,8,0.318,1.319,1.45,1.342,0,0,0,13.866
838,0.6,0,9,0.325,1.32,1.45,1.343,0,0,0,13.872
839,0.599,0,12,0.332,1.321,1.45,1.34,0,0,0,13.878
840,0.599,0,10,0.34,1.323,1.451,1.343,0,0,0,13.883
841,0.6,0,4,0.348,1.325,1.451,1.34,0,0,0,13.889
842,0.599,0,12,0.358,1.328,1.451,1.345,0,0,0,13.895
843,0.599,0,9,0.368,1.331,1.45,1.342,0,0,0,13.9
844,0.599,0,14,0.377,1.334,1.442,1.344,0,0,0,13.906
845,0.599,0,10,0.387,1.338,1.451,1.345,0,0,0,13.911
846,0.599,0,11,0.396,1.342,1.442,1.34,0,0,0,13.918
847,0.599,0,12,0.405,1.346,1.445,1.345,0,0,0,13.923
848,0.599,0,9,0.415,1.351,1.451,1.341,0,0,0,13.929
849,0.599,0,14,0.425,1.355,1.451,1.344,0,0,0,13.935
850,0.599,0,17,0.435,1.361,1.426,1.342,0,0,0,13.941
851,0.599,0,10,0.444,1.366,1.45,1.344,0,0,0,13.946
852,0.599,0,10,0.453,1.371,1.445,1.346,0,0,0,13.952
853,0.599,0,11,0.463,1.377,1.442,1.342,0,0,0,13.959
854,0.599,0,7,0.472,1.382,1.45,1.344,0,0,0,13.964
855,0.599,0,12,0.482,1.388,1.46,1.339,0,0,0,13.97
856,0.599,0,15,0.492,1.393,1.46,1.348,0,0,0,13.976
857,0.599,0,11,0.501,1.399,1.451,1.346,0,0,0,13.982
858,0.6,0,9,0.51,1.404,1.46,1.341,0,0,0,13.988
859,0.599,0,10,0.52,1.41,1.45,1.343,0,0,0,13.994
860,0.599,0,11,0.53,1.415,1.442,1.339,0,0,0,14.001
861,0.599,0,10,0.539,1.42,1.442,1.342,0,0,0,14.006
862,0.599,0,8,0.549,1.426,1.45,1.345,0,0,0,14.012
863,0.599,0,12,0.559,1.431,1.442,1.343,0,0,0,14.019
864,0.599,0,10,0.568,1.437,1.451,1.341,0,0,0,14.024
865,0.599,0,9,0.578,1.442,1.442,1.344,0,0,0,14.03
866,0.599,0,11,0.588,1.449,1.445,1.344,0,0,0,14.037
867,0.599,0,12,0.597,1.455,1.45,1.345,0,0,0,14.043
868,0.6,0,12,0.606,1.462,1.442,1.341,0,0,0,14.049
869,0.599,0,11,0.616,1.468,1.45,1.345,0,0,0,14.055
870,0.599,0,10,0.626,1.475,1.45,1.34,0,0,0,14.062
871,0.599,0,7,0.635,1.482,1.451,1.349,0,0,0,14.068
872,0.599,0,13,0.62,1.49,1.451,1.342,0,0,0,14.074
873,0.599,0,8,0.605,1.498,1.451,1.344,0,0,0,14.081
874,0.599,0,10,0.592,1.506,1.442,1.347,0,0,0,14.087
875,0.599,0,11,0.578,1.515,1.45,1.34,0,0,0,14.093
876,0.6,0,10,0.566,1.523,1.445,1.342,0,0,0,14.099
877,0.599,0,7,0.553,1.533,1.45,1.343,0,0,0,14.106
878,0.599,0,10,0.541,1.541,1.45,1.345,0,0,0,14.112
879,0.599,0,10,0.53,1.55,1.46,1.341,0,0,0,14.119
880,0.599,0,5,0.519,1.561,1.442,1.344,0,0,0,14.125
881,0.599,0,10,0.509,1.57,1.45,1.343,0,0,0,14.132
882,0.599,0,12,0.499,1.581,1.46,1.343,0,0,0,14.138
883,0.599,0,12,0.49,1.591,1.46,1.341,0,0,0,14.145
884,0.599,0,12,0.481,1.602,1.45,1.353,0,0,0,14.151
885,0.599,0,8,0.473,1.612,1.445,1.338,0,0,0,14.157
886,0.599,0,9,0.466,1.624,1.451,1.345,0,0,0,14.164
887,0.599,0,9,0.46,1.635,1.451,1.343,0,0,0,14.17
888,0.599,0,11,0.454,1.646,1.426,1.342,0,0,0,14.177
889,0.599,0,11,0.449,1.658,1.442,1.343,0,0,0,14.184
890,0.599,0,10,0.444,1.669,1.445,1.345,0,0,0,14.19
891,0.6,0,6,0.44,1.682,1.442,1.345,0,0,0,14.197
892,0.599,0,12,0.437,1.694,1.442,1.341,0,0,0,14.203
893,0.599,0,9,0.434,1.707,1.45,1.344,0,0,0,14.21
894,0.599,0,10,0.431,1.719,1.451,1.344,0,0,0,14.216
895,0.599,0,13,0.428,1.732,1.445,1.346,0,0,0,14.223
896,0.599,0,11,0.425,1.745,1.451,1.344,0,0,0,14.23
897,0.599,0,11,0.422,1.758,1.442,1.343,0,0,0,14.237
898,0.599,0,12,0.419,1.772,1.46,1.343,0,0,0,14.244
899,0.599,0,11,0.416,1.785,1.442,1.345,0,0,0,14.251
900,0.599,0,11,0.413,1.799,1.445,1.34,0,0,0,14.257
901,0.599,0,9,0.41,1.812,1.46,1.344,0,0,0,14.264
902,0.599,0,15,0.407,1.827,1.451,1.345,0,0,0,14.271
903,0.599,0,15,0.404,1.841,1.442,1.342,0,0,0,14.277
904,0.6,0,10,0.401,1.856,1.442,1.344,0,0,0,14.285
905,0.599,0,8,0.398,1.87,1.445,1.342,0,0,0,14.291
906,0.599,0,11,0.395,1.885,1.45,1.342,0,0,0,14.298
907,0.599,0,16,0.392,1.899,1.451,1.34,0,0,0,14.305
908,0.599,0,15,0.389,1.915,1.45,1.341,0,0,0,14.312
909,0.599,0,16,0.386,1.929,1.46,1.346,0,0,0,14.319
910,0.599,0,8,0.382,1.945,1.426,1.344,0,0,0,14.326
911,0.599,0,11,0.379,1.96,1.45,1.339,0,0,0,14.333
912,0.599,0,11,0.376,1.976,1.45,1.346,0,0,0,14.34
913,0.599,0,13,0.373,1.991,1.442,1.341,1,0,0,14.347
914,0.599,0,16,0.37,2.007,1.45,1.338,1,0,0,14.354
915,0.6,0,8,0.367,2.022,1.45,1.344,1,0,0,14.361
916,0.599,0,11,0.364,2.039,1.451,1.336,1,0,0,14.368
917,0.599,0,13,0.361,2.055,1.46,1.345,0,0,0,14.375
918,0.599,0,11,0.358,2.07,1.46,1.339,0,0,0,14.382
919,0.599,0,11,0.354,2.087,1.445,1.338,0,0,0,14.389
920,0.599,0,15,0.35,2.103,1.426,1.338,1,0,0,14.397
921,0.599,0,15,0.345,2.12,1.476,1.338,1,0,0,14.403
922,0.599,0,14,0.341,2.136,1.45,1.34,1,0,0,14.411
923,0.599,0,11,0.336,2.153,1.45,1.334,1,0,0,14.418
924,0.599,0,12,0.33,2.17,1.46,1.34,1,0,0,14.425
925,0.599,0,14,0.324,2.187,1.45,1.336,1,0,0,14.432
926,0.599,0,11,0.319,2.205,1.442,1.334,1,0,0,14.44
927,0.599,0,12,0.315,2.221,1.442,1.336,1,0,0,14.447
928,0.6,0,7,0.311,2.239,1.442,1.337,1,0,0,14.454
929,0.599,0,6,0.308,2.247,1.445,1.331,1,0,0,14.461
930,0.599,0,13,0.305,2.255,1.442,1.336,0,0,0,14.469
931,0.599,0,7,0.303,2.264,1.451,1.333,0,0,0,14.476
932,0.6,0,9,0.302,2.273,1.426,1.335,0,0,0,14.484
933,0.599,0,8,0.302,2.282,1.445,1.328,0,0,0,14.492
934,0.599,0,9,0.302,2.291,1.451,1.334,0,0,0,14.499
935,0.599,0,11,0.304,2.3,1.442,1.331,0,0,0,14.506
936,0.599,0,13,0.307,2.309,1.442,1.33,0,0,0,14.514
937,0.6,0,9,0.311,2.319,1.46,1.333,0,0,0,14.521
938,0.599,0,12,0.316,2.329,1.445,1.334,0,0,0,14.529
939,0.599,0,11,0.321,2.339,1.451,1.329,0,0,0,14.536
940,0.599,0,15,0.327,2.349,1.442,1.333,0,0,0,14.544
941,0.599,0,9,0.335,2.359,1.442,1.331,0,0,0,14.552
942,0.599,0,10,0.344,2.369,1.45,1.333,0,0,0,14.559
943,0.599,0,12,0.352,2.38,1.442,1.331,0,0,0,14.567
944,0.599,0,14,0.362,2.391,1.442,1.331,0,0,0,14.575
945,0.599,0,10,0.367,2.402,1.46,1.331,0,0,0,14.582
946,0.6,0,10,0.36,2.413,1.451,1.331,0,0,0,14.59
947,0.599,0,10,0.352,2.424,1.46,1.332,0,0,0,14.598
948,0.599,0,11,0.345,2.436,1.445,1.328,0,0,0,14.606
949,0.6,0,10,0.338,2.447,1.426,1.33,0,0,0,14.614
950,0.599,0,11,0.331,2.459,1.45,1.337,0,0,0,14.621
951,0.599,0,13,0.325,2.471,1.445,1.326,0,0,0,14.629
952,0.599,0,11,0.319,2.483,1.442,1.332,0,0,0,14.638
953,0.599,0,10,0.314,2.495,1.46,1.328,1,0,0,14.646
954,0.599,0,7,0.31,2.508,1.451,1.328,1,0,0,14.653
955,0.599,0,12,0.307,2.52,1.45,1.316,1,0,0,14.661
956,0.599,0,12,0.304,2.533,1.45,1.316,2,0,0,14.669
957,0.6,0,13,0.302,2.545,1.451,1.312,2,0,0,14.677
958,0.599,0,13,0.301,2.558,1.45,1.311,2,0,0,14.686
959,0.599,0,9,0.301,2.571,1.451,1.298,2,0,0,14.693
960,0.599,0,8,0.301,2.584,1.46,1.306,2,0,0,14.702
961,0.599,0,11,0.303,2.598,1.445,1.295,2,0,0,14.71
962,0.599,0,10,0.305,2.611,1.451,1.3,2,0,0,14.718
963,0.599,0,13,0.308,2.625,1.45,1.297,2,0,0,14.726
964,0.599,0,11,0.313,2.638,1.442,1.296,2,0,0,14.734
965,0.599,0,10,0.319,2.652,1.426,1.295,1,0,0,14.743
966,0.599,0,10,0.325,2.666,1.426,1.293,2,0,0,14.751
967,0.599,0,10,0.332,2.68,1.445,1.292,2,0,0,14.759
968,0.599,0,12,0.34,2.694,1.445,1.29,2,0,0,14.768
969,0.599,0,13,0.349,2.708,1.451,1.29,3,0,0,14.776
970,0.599,0,12,0.358,2.722,1.451,1.286,2,0,0,14.784
971,0.599,0,14,0.368,2.736,1.442,1.282,3,0,0,14.793
972,0.599,0,13,0.378,2.75,1.445,1.272,3,0,0,14.801
973,0.599,0,11,0.387,2.764,1.445,1.265,3,0,0,14.81
974,0.599,0,15,0.397,2.778,1.461,1.267,4,0,0,14.818
975,0.599,0,10,0.406,2.792,1.45,1.264,4,0,0,14.827
976,0.599,0,13,0.416,2.806,1.442,1.264,4,0,0,14.836
977,0.599,0,14,0.425,2.82,1.451,1.26,6,0,0,14.843
978,0.599,0,15,0.435,2.834,1.445,1.265,6,0,0,14.852
979,0.599,0,18,0.445,2.848,1.45,1.253,6,0,0,14.861
980,0.599,0,9,0.454,2.862,1.442,1.24,7,0,0,14.87
981,0.599,0,13,0.463,2.876,1.451,1.228,7,0,0,14.878
982,0.599,0,8,0.473,2.89,1.45,1.21,9,0,0,14.886
983,0.599,0,8,0.483,2.904,1.45,1.2,9,0,0,14.896
984,0.599,0,12,0.492,2.918,1.451,1.171,9,1,1,14.905
985,0.599,0,11,0.502,2.932,1.442,1.175,8,1,2,14.913
986,0.599,0,8,0.511,2.947,1.442,1.161,9,1,3,14.921
987,0.599,0,12,0.521,2.961,1.442,1.157,8,0,0,14.93
988,0.599,0,7,0.53,2.975,1.45,1.148,7,1,1,14.939
989,0.6,0,7,0.54,2.989,1.451,1.142,7,1,2,14.948
990,0.599,0,9,0.55,3.004,1.442,1.133,7,1,3,14.957
991,0.599,0,9,0.559,3.019,1.445,1.13,5,1,4,14.965
992,0.599,0,11,0.568,3.034,1.461,1.122,6,1,5,14.974
993,0.599,0,11,0.578,3.049,1.442,1.106,6,1,6,14.983
994,0.599,0,9,0.588,3.064,1.451,1.102,6,1,7,14.992
995,0.599,0,10,0.597,3.079,1.426,1.094,6,1,8,15.001
996,0.6,0,8,0.607,3.095,1.442,1.084,7,1,9,15.01
997,0.599,0,8,0.617,3.11,1.442,1.079,7,2,10,15.019
998,0.599,0,10,0.626,3.126,1.45,1.063,7,1,11,15.029
999,0.599,0,10,0.636,3.141,1.451,1.065,7,0,0,15.038
1000,0.599,0,11,0.646,3.157,1.442,1.06,8,2,1,15.046
1001,0.599,0,11,0.655,3.173,1.45,1.061,9,1,2,15.055
1002,0.599,0,13,0.664,3.189,1.442,1.055,6,2,3,15.064
1003,0.599,0,9,0.674,3.205,1.451,1.039,7,2,4,15.074
1004,0.599,0,7,0.684,3.221,1.442,1.027,7,4,5,15.083
1005,0.599,0,17,0.693,3.237,1.445,1.026,8,4,6,15.092
1006,0.599,0,13,0.703,3.253,1.426,1.018,8,1,7,15.101
1007,0.6,0,9,0.713,3.269,1.442,1.014,7,1,8,15.11
1008,0.599,0,14,0.723,3.286,1.45,1.014,7,1,9,15.12
1009,0.599,0,9,0.734,3.302,1.426,1.008,8,1,10,15.129
1010,0.599,0,11,0.746,3.319,1.461,1.023,8,1,11,15.138
1011,0.599,0,9,0.758,3.335,1.442,1.014,8,2,12,15.148
1012,0.599,0,6,0.769,3.352,1.451,1.01,8,2,13,15.157
1013,0.599,0,11,0.782,3.368,1.442,1.0,9,1,14,15.166
1014,0.599,0,7,0.795,3.384,1.45,1.003,9,2,15,15.175
1015,0.599,0,9,0.808,3.401,1.445,0.997,8,2,16,15.185
1016,0.599,0,8,0.822,3.418,1.426,0.991,8,2,17,15.195
1017,0.599,0,3,0.836,3.435,1.442,0.979,9,2,18,15.204
1018,0.599,0,8,0.85,3.451,1.445,0.971,9,2,19,15.213
1019,0.6,0,8,0.864,3.468,1.426,0.959,10,2,20,15.223
1020,0.599,0,10,0.88,3.485,1.445,0.957,11,2,21,15.232
1021,0.599,0,8,0.895,3.502,1.451,0.955,11,3,22,15.242
1022,0.599,0,9,0.91,3.518,1.445,0.932,11,2,23,15.252
1023,0.599,0,14,0.926,3.536,1.45,0.924,10,3,24,15.261
1024,0.599,0,11,0.942,3.552,1.426,0.921,11,3,25,15.27
1025,0.599,0,9,0.958,3.569,1.445,0.922,12,2,26,15.281
1026,0.599,0,9,0.975,3.586,1.426,0.918,14,1,27,15.29
1027,0.6,0,7,0.991,3.603,1.426,0.91,15,2,28,15.3
1028,0.599,0,8,1.008,3.583,1.461,0.891,15,1,29,15.309
1029,0.599,0,9,1.025,3.559,1.426,0.869,14,2,30,15.318
1030,0.599,0,7,1.042,3.536,1.451,0.869,13,1,31,15.329
1031,0.599,0,7,1.06,3.513,1.45,0.868,12,3,32,15.339
1032,0.599,0,7,1.078,3.49,1.445,0.87,12,1,33,15.348
1033,0.599,0,11,1.095,3.466,1.45,0.872,13,2,34,15.358
1034,0.599,0,6,1.113,3.443,1.45,0.874,14,1,35,15.368
1035,0.599,0,5,1.131,3.419,1.426,0.864,16,2,36,15.377
1036,0.599,0,11,1.149,3.397,1.445,0.86,17,1,37,15.387
1037,0.599,0,10,1.168,3.373,1.426,0.86,20,0,0,15.397
1038,0.599,0,7,1.187,3.356,1.445,0.849,19,1,1,15.407
1039,0.599,0,7,1.205,3.356,1.442,0.847,18,0,0,15.417
1040,0.6,0,7,1.224,3.356,1.426,0.845,21,2,1,15.427
1041,0.599,0,6,1.243,3.356,1.426,0.84,21,1,2,15.436
1042,0.599,0,7,1.262,3.356,1.451,0.824,20,1,3,15.446
1043,0.6,0,8,1.282,3.356,1.442,0.809,20,1,1,15.456
1044,0.599,0,5,1.3,3.356,1.445,0.794,20,1,1,15.466
1045,0.599,0,6,1.32,3.356,1.451,0.79,20,2,1,15.476
1046,0.599,0,7,1.34,3.356,1.442,0.786,20,1,2,15.486
1047,0.599,0,8,1.359,3.356,1.445,0.791,21,2,3,15.495
1048,0.599,0,4,1.379,3.356,1.45,0.774,21,1,4,15.505
1049,0.599,0,4,1.398,3.356,1.426,0.759,22,2,5,15.516
1050,0.599,0,5,1.418,3.356,1.45,0.753,22,1,6,15.526
1051,0.599,0,6,1.439,3.356,1.45,0.756,22,2,7,15.536
1052,0.599,0,5,1.459,3.356,1.426,0.743,23,1,8,15.545
1053,0.599,0,5,1.479,3.356,1.45,0.768,23,2,9,15.555
1054,0.599,0,3,1.5,3.356,1.445,0.752,25,1,10,15.565
1055,0.6,0,5,1.519,3.356,1.442,0.746,26,2,11,15.576
1056,0.599,0,8,1.54,3.356,1.426,0.733,26,1,12,15.586
1057,0.599,0,8,1.56,3.356,1.426,0.713,26,3,13,15.596
1058,0.6,0,6,1.581,3.356,1.45,0.706,26,2,14,15.606
1059,0.6,0,10,1.602,3.356,1.426,0.711,25,3,15,15.616
1060,0.599,0,8,1.622,3.356,1.426,0.707,27,2,16,15.626
1061,0.599,0,7,1.643,3.356,1.426,0.7,26,3,17,15.636
1062,0.599,0,12,1.664,3.356,1.426,0.701,25,2,18,15.646
1063,0.599,0,8,1.685,3.356,1.45,0.688,26,3,19,15.657
1064,0.6,0,7,1.706,3.356,1.45,0.683,27,2,20,15.667
1065,0.598,0,7,1.726,3.356,1.426,0.668,27,3,21,15.677
1066,0.599,0,5,1.747,3.356,1.426,0.666,28,2,22,15.687
1067,0.599,0,7,1.768,3.356,1.426,0.652,28,3,23,15.698
1068,0.599,0,4,1.79,3.356,1.445,0.639,28,2,24,15.708
1069,0.599,0,7,1.811,3.356,1.45,0.639,27,4,25,15.718
1070,0.599,0,7,1.833,3.356,1.426,0.631,28,2,26,15.729
1071,0.599,0,6,1.853,3.356,1.426,0.617,28,3,27,15.738
1072,0.599,0,5,1.874,3.356,1.442,0.61,28,2,28,15.749
1073,0.599,0,3,1.896,3.356,1.445,0.617,27,3,29,15.76
1074,0.599,0,6,1.917,3.356,1.45,0.619,28,3,30,15.77
1075,0.599,0,6,1.939,3.356,1.45,0.618,28,4,31,15.78
1076,0.6,0,5,1.96,3.356,1.426,0.611,28,3,32,15.79
1077,0.599,0,6,1.981,3.356,1.426,0.607,29,5,33,15.801
1078,0.6,0,3,2.003,3.356,1.452,0.615,29,3,34,15.812
1079,0.6,0,4,2.025,3.356,1.442,0.613,30,5,35,15.822
1080,0.599,0,2,2.047,3.356,1.442,0.608,30,3,36,15.832
1081,0.6,0,7,2.068,3.356,1.426,0.597,30,4,37,15.843
1082,0.599,0,2,2.089,3.356,1.442,0.606,31,3,38,15.854
1083,0.599,0,8,2.111,3.356,1.426,0.607,31,4,39,15.865
1084,0.599,0,6,2.133,3.356,1.45,0.605,31,3,40,15.875
1085,0.599,0,6,2.155,3.356,1.426,0.6,32,4,41,15.885
1086,0.599,0,5,2.177,3.356,1.426,0.611,33,3,42,15.896
1087,0.599,0,8,2.198,3.356,1.445,0.607,33,4,43,15.906
1088,0.599,0,7,2.22,3.356,1.445,0.614,33,3,44,15.917
1089,0.6,0,8,2.242,3.356,1.45,0.615,35,4,45,15.928
1090,0.599,0,9,2.264,3.356,1.452,0.61,37,3,46,15.938
1091,0.599,0,6,2.286,3.356,1.45,0.602,38,5,47,15.949
1092,0.599,0,7,2.307,3.356,1.442,0.582,38,3,48,15.96
1093,0.599,0,7,2.329,3.356,1.445,0.579,38,3,49,15.971
1094,0.599,0,9,2.351,3.356,1.426,0.56,39,4,50,15.982
1095,0.599,0,8,2.373,3.356,1.426,0.56,38,3,51,15.993
1096,0.599,0,8,2.395,3.356,1.45,0.538,38,4,52,16.004
1097,0.599,0,8,2.416,3.356,1.445,0.528,39,4,53,16.015
1098,0.599,0,10,2.438,3.356,1.426,0.525,39,5,54,16.025
1099,0.599,0,12,2.46,3.356,1.461,0.529,39,4,55,16.037
1100,0.599,0,8,2.482,3.356,1.426,0.526,38,5,56,16.047
1101,0.599,0,8,2.504,3.356,1.46,0.54,38,4,57,16.057
1102,0.599,0,9,2.525,3.356,1.45,0.543,37,4,58,16.069
1103,0.598,0,11,2.547,3.356,1.426,0.536,37,4,59,16.079
1104,0.599,0,11,2.569,3.356,1.442,0.546,37,5,60,16.09
1105,0.599,0,8,2.591,3.356,1.426,0.547,37,3,61,16.101
1106,0.599,0,6,2.613,3.356,1.445,0.55,37,5,62,16.112
1107,0.599,0,5,2.635,3.356,1.431,0.546,38,3,63,16.122
1108,0.599,0,6,2.656,3.356,1.45,0.544,38,4,64,16.133
1109,0.6,0,4,2.678,3.356,1.45,0.541,38,3,65,16.143
1110,0.599,0,5,2.7,3.356,1.426,0.537,38,5,66,16.154
1111,0.599,0,4,2.722,3.356,1.442,0.531,38,3,67,16.163
1112,0.599,0,6,2.744,3.356,1.426,0.54,37,3,68,16.173
1113,0.599,0,7,2.765,3.356,1.45,0.551,37,5,69,16.181
1114,0.599,0,8,2.787,3.356,1.45,0.551,39,3,70,16.19
1115,0.599,0,9,2.809,3.356,1.442,0.549,38,4,71,16.199
1116,0.6,0,3,2.831,3.356,1.445,0.542,38,4,72,16.208
1117,0.599,0,3,2.853,3.356,1.461,0.538,39,4,73,16.217
1118,0.599,0,7,2.874,3.356,1.442,0.539,39,3,74,16.227
1119,0.599,0,7,2.896,3.356,1.45,0.528,39,4,75,16.236
1120,0.599,0,7,2.918,3.356,1.442,0.531,39,3,76,16.245
1121,0.599,0,9,2.94,3.356,1.445,0.526,40,4,77,16.253
1122,0.599,0,4,2.962,3.356,1.426,0.53,40,4,78,16.261
1123,0.6,0,3,2.984,3.356,1.426,0.526,40,3,79,16.266
1124,0.598,0,8,3.005,3.356,1.45,0.529,40,4,80,16.271
1125,0.599,0,6,3.027,3.356,1.442,0.546,40,3,81,16.276
1126,0.598,0,6,3.049,3.356,1.445,0.545,39,3,82,16.28
1127,0.598,0,7,3.071,3.356,1.442,0.546,39,2,83,16.282
1128,0.598,0,4,3.093,3.356,1.442,0.537,39,3,84,16.281
1129,0.6,0,4,3.114,3.356,1.442,0.539,39,3,85,16.271
1130,0.599,0,3,3.136,3.356,1.45,0.542,39,3,86,16.258
1131,0.599,0,4,3.158,3.356,1.442,0.546,41,4,87,16.243
1132,0.6,0,3,3.18,3.356,1.442,0.538,41,4,88,16.228
1133,0.6,0,3,3.202,3.356,1.445,0.53,41,2,89,16.211
1134,0.599,0,4,3.223,3.356,1.45,0.544,43,3,90,16.195
1135,0.599,0,4,3.245,3.356,1.461,0.54,43,4,91,16.18
1136,0.599,0,3,3.267,3.356,1.442,0.529,43,2,92,16.164
1137,0.599,0,4,3.289,3.356,1.431,0.51,44,3,93,16.148
1138,0.599,0,3,3.311,3.356,1.445,0.511,45,2,94,16.133
1139,0.599,0,2,3.333,3.356,1.45,0.509,44,2,95,16.117
1140,0.599,0,3,3.354,3.356,1.451,0.514,43,3,96,16.102
1141,0.6,0,4,3.376,3.356,1.45,0.516,43,2,97,16.086
1142,0.6,0,4,3.398,3.356,1.445,0.512,44,2,98,16.07
1143,0.599,0,4,3.42,3.356,1.442,0.504,45,3,99,16.055
1144,0.6,0,3,3.442,3.356,1.445,0.5,45,3,100,16.039
1145,0.598,0,3,3.463,3.356,1.445,0.483,45,2,101,16.022
1146,0.599,0,6,3.485,3.356,1.45,0.488,43,2,102,16.005
1147,0.599,0,7,3.507,3.356,1.442,0.509,44,2,103,15.989
1148,0.599,0,7,3.529,3.356,1.426,0.52,45,3,104,15.971
1149,0.599,0,3,3.551,3.356,1.442,0.517,44,2,105,15.954
1150,0.6,0,5,3.572,3.356,1.445,0.513,46,2,106,15.937
1151,0.599,0,1,3.594,3.356,1.442,0.511,48,2,107,15.918
1152,0.599,0,4,3.616,3.356,1.461,0.505,48,2,108,15.901
1153,0.599,0,6,3.638,3.356,1.426,0.495,49,2,109,15.882
1154,0.6,0,5,3.66,3.356,1.45,0.493,49,3,110,15.864
1155,0.599,0,2,3.681,3.356,1.406,0.489,49,3,111,15.844
1156,0.599,0,2,3.703,3.356,1.445,0.476,49,3,112,15.825
1157,0.6,0,5,3.725,3.356,1.426,0.466,48,3,113,15.805
1158,0.599,0,5,3.747,3.356,1.45,0.459,48,4,114,15.785
1159,0.599,0,6,3.769,3.356,1.45,0.458,49,4,115,15.764
1160,0.599,0,4,3.791,3.356,1.442,0.465,48,2,116,15.743
1161,0.599,0,5,3.812,3.356,1.431,0.442,48,3,117,15.721
1162,0.597,0,5,3.834,3.356,1.442,0.456,48,3,118,15.7
1163,0.599,0,4,3.856,3.356,1.465,0.452,50,2,119,15.677
1164,0.597,0,4,3.878,3.356,1.426,0.447,50,3,120,15.655
1165,0.599,0,5,3.9,3.356,1.431,0.439,51,3,121,15.632
1166,0.596,0,5,3.921,3.356,1.426,0.436,52,3,122,15.609
1167,0.6,0,7,3.943,3.356,1.442,0.43,53,2,123,15.586
1168,0.599,0,8,3.965,3.356,1.445,0.421,52,3,124,15.563
1169,0.599,0,4,3.987,3.356,1.45,0.421,52,3,125,15.539
1170,0.6,0,3,4.009,3.356,1.461,0.418,53,2,126,15.516
1171,0.598,0,5,4.03,3.356,1.452,0.409,53,3,127,15.492
1172,0.599,0,3,4.052,3.356,1.442,0.409,54,3,128,15.469
1173,0.599,0,4,4.074,3.356,1.445,0.416,54,2,129,15.446
1174,0.6,0,3,4.096,3.351,1.45,0.409,55,3,130,15.422
1175,0.6,0,3,4.118,3.342,1.426,0.409,53,5,131,15.399
1176,0.599,0,8,4.14,3.334,1.426,0.407,54,5,132,15.376
1177,0.599,0,5,4.161,3.326,1.431,0.403,54,2,133,15.353
1178,0.599,0,3,4.183,3.318,1.442,0.397,55,4,134,15.329
1179,0.599,0,5,4.205,3.31,1.45,0.4,54,3,135,15.306
1180,0.599,0,5,4.227,3.302,1.465,0.388,54,3,136,15.283
1181,0.599,0,4,4.249,3.294,1.431,0.352,53,3,137,15.259
1182,0.599,0,6,4.27,3.287,1.442,0.358,53,3,138,15.236
1183,0.599,0,3,4.292,3.279,1.426,0.38,53,3,139,15.213
1184,0.599,0,6,4.314,3.272,1.45,0.39,54,3,140,15.19
1185,0.599,0,2,4.336,3.264,1.445,0.388,55,3,141,15.166
1186,0.599,0,5,4.359,3.258,1.426,0.382,56,3,142,15.143
1187,0.599,0,4,4.38,3.251,1.442,0.371,56,2,143,15.12
1188,0.6,0,4,4.402,3.244,1.426,0.362,56,3,144,15.096
1189,0.6,0,5,4.424,3.238,1.442,0.364,57,3,145,15.072
1190,0.599,0,4,4.439,3.231,1.44,0.357,57,3,146,15.049
1191,0.599,0,5,4.426,3.225,1.45,0.36,57,3,147,15.026
1192,0.599,0,7,4.413,3.219,1.426,0.356,56,3,148,15.002
1193,0.599,0,6,4.4,3.213,1.441,0.356,56,3,149,14.979
1194,0.599,0,2,4.387,3.207,1.451,0.359,55,3,150,14.956
1195,0.599,0,6,4.375,3.202,1.45,0.358,55,4,151,14.932
1196,0.599,0,4,4.363,3.195,1.45,0.36,55,4,152,14.909
1197,0.599,0,7,4.351,3.19,1.431,0.356,55,2,153,14.886
1198,0.599,0,6,4.338,3.185,1.442,0.358,55,3,154,14.863
1199,0.599,0,3,4.326,3.18,1.452,0.358,55,3,155,14.839
1200,0.599,0,4,4.314,3.175,1.442,0.354,55,5,156,14.816
1201,0.6,0,2,4.302,3.17,1.431,0.351,55,3,157,14.793
1202,0.6,0,3,4.29,3.165,1.45,0.358,56,3,158,14.769
1203,0.599,0,3,4.278,3.161,1.445,0.35,56,2,6,14.746
1204,0.599,0,1,4.266,3.157,1.431,0.341,56,2,7,14.722
1205,0.6,0,2,4.254,3.153,1.44,0.329,56,4,8,14.699
1206,0.599,0,4,4.243,3.148,1.426,0.322,57,4,3,14.676
1207,0.6,0,4,4.232,3.144,1.416,0.325,57,2,3,14.653
1208,0.6,0,5,4.22,3.141,1.451,0.343,58,5,4,14.63
1209,0.599,0,2,4.209,3.137,1.445,0.333,58,2,5,14.606
1210,0.599,0,6,4.197,3.134,1.422,0.317,59,4,6,14.583
1211,0.6,0,2,4.187,3.13,1.452,0.327,59,3,7,14.559
1212,0.6,0,4,4.176,3.127,1.426,0.328,59,4,8,14.535
1213,0.599,0,4,4.165,3.124,1.445,0.326,59,3,9,14.512
1214,0.599,0,5,4.154,3.122,1.445,0.328,59,3,10,14.489
1215,0.599,0,3,4.143,3.119,1.45,0.326,60,2,11,14.466
1216,0.6,0,4,4.132,3.116,1.452,0.32,60,2,12,14.442
1217,0.6,0,4,4.122,3.114,1.465,0.335,61,4,13,14.419
1218,0.599,0,4,4.112,3.112,1.465,0.344,61,3,14,14.396
1219,0.6,0,4,4.102,3.11,1.452,0.333,60,2,15,14.372
1220,0.599,0,3,4.092,3.108,1.45,0.34,60,3,16,14.349
1221,0.599,0,4,4.081,3.106,1.431,0.331,60,3,17,14.326
1222,0.599,0,5,4.071,3.105,1.451,0.329,62,4,18,14.303
1223,0.599,0,4,4.061,3.104,1.442,0.325,61,3,19,14.279
1224,0.599,0,6,4.051,3.103,1.445,0.317,61,3,20,14.256
1225,0.599,0,5,4.042,3.102,1.465,0.316,61,2,21,14.233
1226,0.599,0,4,4.033,3.1,1.445,0.31,62,4,22,14.208
1227,0.599,0,6,4.023,3.1,1.416,0.308,62,4,23,14.185
1228,0.599,0,4,4.013,3.099,1.426,0.313,62,5,24,14.162
1229,0.6,0,3,4.004,3.099,1.442,0.319,62,4,25,14.139
1230,0.6,0,4,3.995,3.099,1.451,0.319,61,5,26,14.116
1231,0.6,0,4,3.986,3.098,1.442,0.313,60,5,27,14.093
1232,0.6,0,2,3.978,3.099,1.442,0.312,60,4,28,14.07
1233,0.599,0,3,3.968,3.099,1.452,0.31,60,5,29,14.046
1234,0.599,0,2,3.959,3.1,1.431,0.31,61,5,30,14.022
1235,0.599,0,2,3.951,3.101,1.45,0.313,62,4,31,13.999
1236,0.6,0,1,3.943,3.101,1.452,0.317,62,6,32,13.976
1237,0.599,0,4,3.934,3.102,1.426,0.309,62,6,33,13.952
1238,0.599,0,2,3.926,3.103,1.445,0.309,61,6,34,13.929
1239,0.599,0,3,3.917,3.105,1.442,0.292,60,7,35,13.906
1240,0.599,0,3,3.909,3.106,1.45,0.291,61,6,36,13.882
1241,0.6,0,1,3.902,3.107,1.452,0.281,61,6,37,13.859
1242,0.6,0,2,3.894,3.109,1.442,0.278,61,6,38,13.836
1243,0.599,0,1,3.886,3.111,1.442,0.274,62,6,39,13.813
1244,0.599,0,2,3.879,3.113,1.451,0.27,62,5,40,13.789
1245,0.6,0,1,3.871,3.116,1.431,0.269,62,6,41,13.766
1246,0.6,0,1,3.864,3.117,1.431,0.266,62,6,42,13.743
1247,0.6,0,0,3.856,3.12,1.426,0.27,63,6,43,13.719
1248,0.6,0,1,3.849,3.123,1.422,0.266,63,6,44,13.696
1249,0.599,0,2,3.843,3.126,1.445,0.266,63,7,45,13.672
1250,0.6,0,1,3.835,3.129,1.431,0.261,63,7,46,13.649
1251,0.599,0,2,3.829,3.131,1.442,0.266,63,7,47,13.625
1252,0.6,0,1,3.822,3.135,1.422,0.258,64,6,48,13.602
1253,0.599,0,3,3.816,3.139,1.452,0.266,65,5,49,13.579
1254,0.599,0,3,3.809,3.142,1.465,0.265,65,3,50,13.556
1255,0.6,0,2,3.803,3.147,1.445,0.259,66,5,51,13.533
1256,0.6,0,3,3.797,3.15,1.426,0.26,66,5,52,13.51
1257,0.599,0,2,3.791,3.154,1.431,0.26,66,5,53,13.486
1258,0.6,0,3,3.785,3.138,1.452,0.263,66,4,54,13.462
1259,0.6,0,2,3.779,3.114,1.405,0.264,66,5,55,13.439
1260,0.599,0,2,3.774,3.091,1.45,0.268,66,5,56,13.416
1261,0.6,0,2,3.769,3.068,1.452,0.257,66,4,57,13.392
1262,0.6,0,1,3.762,3.045,1.442,0.265,66,5,58,13.369
1263,0.6,0,2,3.757,3.021,1.426,0.263,66,3,59,13.346
1264,0.6,0,2,3.753,2.998,1.465,0.259,66,4,60,13.323
1265,0.599,0,4,3.748,2.975,1.45,0.247,66,5,61,13.299
1266,0.598,0,3,3.743,2.951,1.431,0.245,66,4,62,13.276
1267,0.6,0,1,3.738,2.928,1.445,0.24,67,4,63,13.253
1268,0.599,0,3,3.733,2.905,1.422,0.237,67,3,64,13.229
1269,0.599,0,2,3.729,2.882,1.426,0.246,67,5,65,13.206
1270,0.598,0,3,3.725,2.859,1.465,0.25,67,4,66,13.183
1271,0.6,0,1,3.721,2.834,1.465,0.233,67,5,67,13.16
1272,0.599,0,2,3.717,2.811,1.451,0.234,67,2,68,13.135
1273,0.6,0,3,3.713,2.788,1.445,0.235,67,3,69,13.112
1274,0.597,0,2,3.709,2.765,1.431,0.233,67,5,70,13.089
1275,0.6,0,2,3.705,2.741,1.452,0.233,67,3,71,13.065
1276,0.598,0,3,3.702,2.718,1.426,0.229,67,4,72,13.042
1277,0.6,0,4,3.698,2.695,1.426,0.234,67,4,73,13.019
1278,0.597,0,3,3.695,2.672,1.452,0.243,67,3,74,12.996
1279,0.6,0,3,3.692,2.648,1.451,0.24,68,4,75,12.973
1280,0.596,0,3,3.689,2.625,1.406,0.244,68,3,54,12.949
1281,0.6,0,2,3.686,2.602,1.431,0.232,68,2,55,12.926
1282,0.596,0,4,3.683,2.579,1.442,0.217,68,5,56,12.902
1283,0.599,0,2,3.681,2.555,1.452,0.224,68,2,57,12.879
1284,0.595,0,4,3.679,2.532,1.445,0.221,68,3,58,12.856
1285,0.599,0,5,3.676,2.509,1.45,0.221,68,2,59,12.832
1286,0.596,0,4,3.674,2.486,1.465,0.224,68,2,60,12.809
1287,0.599,0,5,3.672,2.462,1.426,0.226,67,2,61,12.786
1288,0.596,0,3,3.67,2.439,1.431,0.23,67,3,62,12.763
1289,0.599,0,7,3.669,2.416,1.422,0.22,67,1,63,12.739
1290,0.6,0,3,3.667,2.393,1.445,0.224,67,2,64,12.716
1291,0.599,0,5,3.665,2.369,1.442,0.225,67,1,65,12.693
1292,0.599,0,3,3.664,2.346,1.416,0.228,66,1,66,12.669
1293,0.599,0,4,3.663,2.323,1.422,0.229,66,1,67,12.646
1294,0.6,0,3,3.662,2.3,1.431,0.226,66,1,68,12.623
1295,0.599,0,3,3.661,2.276,1.452,0.226,66,1,69,12.599
1296,0.599,0,3,3.661,2.253,1.406,0.229,66,1,70,12.575
1297,0.599,0,3,3.658,2.23,1.422,0.227,66,1,71,12.552
1298,0.599,0,5,3.658,2.206,1.431,0.228,66,1,72,12.529
1299,0.6,0,5,3.657,2.183,1.422,0.234,66,1,73,12.505
1300,0.6,0,6,3.656,2.16,1.452,0.24,67,1,74,12.482
1301,0.6,0,6,3.656,2.137,1.451,0.248,67,1,75,12.459
1302,0.599,0,5,3.654,2.114,1.465,0.245,67,1,76,12.436
1303,0.6,0,3,3.653,2.089,1.452,0.239,67,1,77,12.412
1304,0.6,0,4,3.652,2.066,1.405,0.241,67,2,78,12.389
1305,0.6,0,4,3.651,2.044,1.431,0.243,66,2,79,12.366
1306,0.6,0,5,3.651,2.021,1.431,0.242,66,2,80,12.342
1307,0.599,0,6,3.649,1.997,1.422,0.234,66,1,81,12.319
1308,0.599,0,3,3.649,1.973,1.445,0.229,66,1,82,12.296
1309,0.599,0,5,3.647,1.95,1.465,0.232,66,1,83,12.273
1310,0.599,0,3,3.646,1.927,1.431,0.229,66,1,84,12.249
1311,0.6,0,2,3.646,1.904,1.422,0.224,66,1,85,12.226
1312,0.599,0,5,3.644,1.881,1.431,0.22,67,1,86,12.203
1313,0.599,0,4,3.644,1.858,1.422,0.221,68,1,87,12.179
1314,0.6,0,3,3.643,1.834,1.445,0.22,68,1,88,12.156
1315,0.599,0,3,3.642,1.811,1.451,0.225,69,1,89,12.133
1316,0.599,0,6,3.641,1.788,1.431,0.222,69,1,90,12.11
1317,0.599,0,6,3.639,1.765,1.452,0.225,69,1,91,12.086
1318,0.6,0,4,3.639,1.742,1.465,0.213,69,1,92,12.062
1319,0.599,0,6,3.638,1.718,1.445,0.216,69,1,93,12.039
1320,0.599,0,5,3.637,1.695,1.452,0.218,69,1,94,12.015
1321,0.6,0,4,3.636,1.672,1.422,0.216,69,1,95,11.992
1322,0.6,0,4,3.634,1.649,1.431,0.216,69,2,96,11.969
1323,0.599,0,5,3.634,1.625,1.431,0.225,69,1,97,11.946
1324,0.6,0,1,3.633,1.602,1.416,0.228,69,1,98,11.922
1325,0.599,0,6,3.632,1.579,1.445,0.233,69,0,0,11.899
1326,0.599,0,4,3.631,1.556,1.431,0.238,69,1,1,11.876
1327,0.599,0,5,3.629,1.532,1.422,0.245,69,0,0,11.852
1328,0.6,0,0,3.629,1.509,1.416,0.246,69,1,1,11.829
1329,0.599,0,1,3.628,1.486,1.451,0.245,69,1,2,11.806
1330,0.599,0,4,3.628,1.463,1.431,0.247,69,1,3,11.783
1331,0.599,0,5,3.628,1.439,1.422,0.242,69,1,4,11.759
1332,0.599,0,3,3.626,1.416,1.416,0.239,69,1,5,11.736
1333,0.6,0,1,3.627,1.393,1.431,0.238,69,1,6,11.712
1334,0.6,0,1,3.627,1.371,1.416,0.239,68,1,7,11.689
1335,0.599,0,2,3.627,1.347,1.422,0.237,68,1,8,11.666
1336,0.599,0,2,3.628,1.324,1.426,0.236,69,1,9,11.643
1337,0.6,0,3,3.628,1.302,1.452,0.235,69,1,10,11.62
1338,0.599,0,1,3.628,1.28,1.405,0.232,70,1,11,11.596
1339,0.6,0,0,3.629,1.259,1.422,0.23,70,1,12,11.573
1340,0.6,0,3,3.63,1.237,1.465,0.231,70,1,13,11.55
1341,0.599,0,4,3.631,1.216,1.422,0.227,70,1,14,11.525
1342,0.599,0,4,3.631,1.195,1.452,0.226,70,0,0,11.502
1343,0.599,0,4,3.633,1.174,1.451,0.227,70,2,1,11.479
1344,0.599,0,3,3.634,1.154,1.431,0.232,70,0,0,11.456
1345,0.6,0,4,3.636,1.134,1.452,0.233,70,2,1,11.432
1346,0.599,0,4,3.638,1.113,1.405,0.221,70,0,0,11.409
1347,0.599,0,4,3.639,1.094,1.465,0.22,70,1,1,11.386
1348,0.599,0,2,3.641,1.075,1.416,0.215,71,2,2,11.362
1349,0.599,0,5,3.643,1.056,1.445,0.218,71,1,3,11.339
1350,0.599,0,3,3.645,1.037,1.406,0.204,71,1,4,11.316
1351,0.599,0,3,3.648,1.019,1.451,0.205,71,1,5,11.293
1352,0.599,0,4,3.65,1.0,1.406,0.208,71,1,6,11.269
1353,0.6,0,4,3.653,0.982,1.422,0.211,71,1,7,11.246
1354,0.6,0,3,3.656,0.964,1.445,0.215,71,2,8,11.223
1355,0.599,0,6,3.658,0.946,1.422,0.209,71,1,2,11.199
1356,0.599,0,6,3.662,0.929,1.416,0.213,71,1,3,11.176
1357,0.6,0,4,3.664,0.911,1.431,0.216,71,1,4,11.152
1358,0.6,0,8,3.668,0.893,1.401,0.215,71,0,0,11.129
1359,0.599,0,3,3.671,0.874,1.452,0.216,71,1,1,11.106
1360,0.599,0,4,3.675,0.853,1.445,0.216,72,1,2,11.083
1361,0.599,0,6,3.679,0.833,1.431,0.219,72,1,3,11.06
1362,0.6,0,1,3.682,0.813,1.452,0.219,72,1,4,11.036
1363,0.599,0,4,3.686,0.793,1.422,0.225,72,1,5,11.012
1364,0.599,0,4,3.691,0.774,1.431,0.223,72,1,6,10.989
1365,0.6,0,3,3.695,0.754,1.451,0.212,72,1,7,10.965
1366,0.599,0,3,3.7,0.735,1.406,0.229,72,2,8,10.942
1367,0.599,0,2,3.703,0.715,1.422,0.224,72,1,9,10.919
1368,0.6,0,2,3.708,0.696,1.442,0.24,72,1,10,10.896
1369,0.6,0,2,3.713,0.677,1.422,0.236,72,1,11,10.872
1370,0.6,0,3,3.718,0.658,1.442,0.22,72,1,12,10.849
1371,0.599,0,5,3.723,0.638,1.431,0.226,72,2,13,10.826
1372,0.6,0,4,3.728,0.62,1.445,0.229,72,2,14,10.802
1373,0.6,0,4,3.733,0.602,1.422,0.223,72,2,15,10.779
1374,0.599,0,5,3.739,0.583,1.442,0.22,72,2,16,10.756
1375,0.6,0,3,3.745,0.566,1.431,0.225,72,2,17,10.733
1376,0.599,0,3,3.75,0.548,1.442,0.217,72,3,18,10.709
1377,0.599,0,2,3.756,0.53,1.422,0.216,73,2,19,10.686
1378,0.599,0,3,3.762,0.513,1.465,0.215,73,2,20,10.663
1379,0.599,0,5,3.768,0.496,1.452,0.217,73,3,21,10.639
1380,0.599,0,6,3.774,0.48,1.442,0.212,73,2,22,10.616
1381,0.6,0,4,3.78,0.464,1.422,0.213,74,2,23,10.593
1382,0.6,0,4,3.787,0.448,1.452,0.214,74,2,24,10.569
1383,0.6,0,3,3.794,0.432,1.422,0.206,75,4,25,10.546
1384,0.599,0,5,3.801,0.417,1.452,0.194,75,2,26,10.523
1385,0.599,0,4,3.807,0.402,1.465,0.186,75,2,27,10.5
1386,0.599,0,6,3.814,0.387,1.406,0.188,75,2,28,10.475
1387,0.6,0,4,3.821,0.372,1.452,0.19,75,2,29,10.452
1388,0.6,0,2,3.828,0.357,1.406,0.187,75,3,30,10.429
1389,0.599,0,5,3.836,0.342,1.445,0.189,75,2,31,10.406
1390,0.599,0,1,3.843,0.327,1.416,0.185,75,3,32,10.382
1391,0.6,0,3,3.85,0.312,1.422,0.187,75,2,33,10.359
1392,0.6,0,4,3.858,0.297,1.431,0.19,75,2,34,10.336
1393,0.6,0,3,3.866,0.282,1.451,0.199,75,2,35,10.312
1394,0.6,0,3,3.874,0.267,1.406,0.193,75,2,23,10.289
1395,0.6,0,5,3.882,0.252,1.422,0.198,75,1,24,10.266
1396,0.599,0,3,3.889,0.237,1.431,0.202,75,1,25,10.243
1397,0.599,0,3,3.898,0.222,1.422,0.202,75,2,26,10.219
1398,0.599,0,3,3.907,0.207,1.416,0.206,75,1,27,10.196
1399,0.6,0,4,3.915,0.192,1.431,0.207,75,2,28,10.173
1400,0.6,0,3,3.924,0.177,1.406,0.203,75,2,29,10.149
1401,0.599,0,3,3.932,0.162,1.445,0.202,75,2,30,10.126
1402,0.599,0,6,3.941,0.148,1.406,0.201,75,2,31,10.102
1403,0.599,0,3,3.95,0.134,1.431,0.201,75,2,32,10.079
1404,0.6,0,3,3.959,0.12,1.452,0.199,76,2,33,10.056
1405,0.6,0,5,3.969,0.107,1.442,0.199,78,3,34,10.033
1406,0.6,0,2,3.977,0.096,1.431,0.192,78,3,35,10.009
1407,0.6,0,1,3.987,0.085,1.445,0.187,79,2,36,9.986
1408,0.6,0,2,3.996,0.076,1.416,0.19,79,2,37,9.963
1409,0.6,0,2,4.006,0.067,1.422,0.185,79,2,38,9.939
1410,0.6,0,2,4.016,0.061,1.431,0.179,79,2,39,9.916
1411,0.6,0,2,4.025,0.056,1.422,0.18,79,2,40,9.892
1412,0.599,0,3,4.035,0.052,1.401,0.171,79,2,41,9.869
1413,0.6,0,3,4.045,0.05,1.445,0.177,80,1,15,9.846
1414,0.599,0,1,4.055,0.05,1.406,0.183,80,1,16,9.822
1415,0.599,0,3,4.066,0.05,1.451,0.178,80,1,17,9.799
1416,0.599,0,3,4.075,0.05,1.442,0.177,80,1,18,9.776
1417,0.599,0,6,4.086,0.051,1.431,0.177,80,1,19,9.753
1418,0.599,0,1,4.097,0.051,1.416,0.18,79,0,0,9.729
1419,0.6,0,2,4.108,0.052,1.445,0.18,79,0,0,9.706
1420,0.6,0,2,4.118,0.056,1.431,0.183,79,0,0,9.683
1421,0.6,0,1,4.128,0.062,1.452,0.185,79,0,0,9.659
1422,0.599,0,2,4.14,0.069,1.401,0.186,79,0,0,9.636
1423,0.6,0,2,4.151,0.077,1.431,0.186,79,0,0,9.613
1424,0.6,0,2,4.162,0.088,1.452,0.185,79,0,0,9.589
1425,0.6,0,2,4.173,0.099,1.442,0.186,79,1,1,9.565
1426,0.6,0,3,4.184,0.111,1.406,0.184,79,0,0,9.542
1427,0.6,0,5,4.196,0.123,1.442,0.178,79,1,1,9.519
1428,0.6,0,4,4.206,0.136,1.401,0.179,79,0,0,9.496
1429,0.6,0,2,4.212,0.148,1.452,0.183,79,0,0,9.473
1430,0.6,0,4,4.22,0.16,1.431,0.181,79,0,0,9.449
1431,0.6,0,3,4.227,0.173,1.422,0.183,79,0,0,9.426
1432,0.599,0,4,4.235,0.185,1.416,0.181,79,0,0,9.402
1433,0.6,0,4,4.242,0.197,1.422,0.175,79,0,0,9.379
1434,0.6,0,3,4.25,0.209,1.431,0.18,79,0,0,9.356
1435,0.599,0,3,4.257,0.222,1.422,0.178,79,0,0,9.332
1436,0.599,0,3,4.265,0.234,1.445,0.182,79,0,0,9.309
1437,0.6,0,2,4.273,0.246,1.431,0.18,79,0,0,9.286
1438,0.6,0,3,4.28,0.259,1.416,0.176,79,1,1,9.262
1439,0.599,0,1,4.288,0.271,1.422,0.181,79,0,0,9.239
1440,0.599,0,1,4.296,0.283,1.401,0.182,79,0,0,9.216
1441,0.6,0,1,4.305,0.295,1.452,0.182,79,1,1,9.193
1442,0.6,0,0,4.313,0.308,1.445,0.18,79,1,2,9.169
1443,0.599,0,1,4.322,0.321,1.451,0.18,79,0,0,9.146
1444,0.6,0,2,4.33,0.335,1.431,0.179,79,1,1,9.123
1445,0.599,0,2,4.34,0.35,1.422,0.179,79,1,2,9.099
1446,0.599,0,2,4.349,0.365,1.452,0.18,79,1,3,9.076
1447,0.6,0,1,4.359,0.38,1.422,0.181,79,1,4,9.052
1448,0.6,0,2,4.369,0.396,1.445,0.179,79,1,5,9.029
1449,0.599,0,3,4.379,0.412,1.452,0.181,79,0,0,9.005
1450,0.6,0,3,4.388,0.429,1.445,0.178,78,1,1,8.982
1451,0.6,0,3,4.399,0.446,1.431,0.179,78,1,2,8.959
1452,0.6,0,3,4.409,0.462,1.416,0.178,78,1,3,8.936
1453,0.6,0,1,4.419,0.48,1.422,0.179,78,1,4,8.913
1454,0.599,0,4,4.43,0.498,1.445,0.176,78,1,5,8.889
1455,0.6,0,2,4.44,0.516,1.431,0.178,78,1,6,8.866
1456,0.6,0,5,4.45,0.534,1.451,0.176,78,1,7,8.842
1457,0.599,0,2,4.46,0.553,1.451,0.175,78,0,0,8.819
1458,0.599,0,4,4.47,0.573,1.431,0.177,78,1,1,8.796
1459,0.599,0,4,4.48,0.591,1.445,0.175,79,1,2,8.772
1460,0.599,0,2,4.49,0.597,1.416,0.172,79,1,3,8.749
1461,0.599,0,2,4.501,0.585,1.451,0.174,79,1,4,8.726
1462,0.6,0,4,4.51,0.573,1.431,0.17,79,1,5,8.703
1463,0.599,0,3,4.521,0.561,1.452,0.172,79,1,6,8.679
1464,0.599,0,3,4.53,0.55,1.401,0.17,79,0,0,8.656
1465,0.599,0,4,4.54,0.54,1.451,0.173,80,1,1,8.633
1466,0.6,0,1,4.55,0.529,1.452,0.17,80,2,2,8.609
1467,0.6,0,1,4.559,0.52,1.422,0.177,80,1,3,8.586
1468,0.599,0,2,4.569,0.512,1.406,0.175,80,1,4,8.563
1469,0.6,0,1,4.578,0.504,1.465,0.162,80,1,5,8.54
1470,0.6,0,0,4.588,0.496,1.44,0.156,80,2,6,8.515
1471,0.599,0,2,4.598,0.489,1.452,0.155,80,2,7,8.492
1472,0.6,0,1,4.607,0.483,1.431,0.156,79,2,3,8.469
1473,0.599,0,3,4.616,0.477,1.44,0.155,79,3,4,8.445
1474,0.599,0,2,4.626,0.473,1.416,0.151,79,3,5,8.422
1475,0.6,0,1,4.635,0.469,1.422,0.151,79,3,6,8.399
1476,0.599,0,2,4.644,0.466,1.44,0.153,79,3,7,8.376
1477,0.6,0,1,4.653,0.462,1.445,0.154,79,3,8,8.353
1478,0.6,0,1,4.663,0.461,1.406,0.154,79,2,9,8.329
1479,0.6,0,1,4.672,0.461,1.451,0.155,79,4,10,8.306
1480,0.6,0,1,4.681,0.46,1.416,0.153,79,4,11,8.282
1481,0.6,0,0,4.69,0.46,1.422,0.148,79,3,12,8.259
1482,0.6,0,1,4.699,0.462,1.441,0.15,79,3,13,8.236
1483,0.6,0,2,4.708,0.464,1.452,0.149,79,4,14,8.213
1484,0.599,0,2,4.716,0.466,1.416,0.148,79,3,15,8.189
1485,0.599,0,2,4.726,0.47,1.422,0.149,79,2,16,8.166
1486,0.599,0,2,4.734,0.475,1.431,0.145,79,3,17,8.143
1487,0.599,0,2,4.743,0.479,1.422,0.144,79,3,18,8.119
1488,0.599,0,1,4.751,0.485,1.452,0.142,80,3,19,8.096
1489,0.6,0,0,4.76,0.491,1.445,0.144,80,3,20,8.073
1490,0.6,0,1,4.769,0.498,1.431,0.138,80,3,21,8.05
1491,0.6,0,1,4.777,0.506,1.452,0.142,81,2,22,8.026
1492,0.6,0,1,4.785,0.514,1.416,0.143,81,3,23,8.003
1493,0.6,0,0,4.794,0.524,1.451,0.14,81,3,24,7.979
1494,0.6,0,0,4.802,0.533,1.416,0.139,81,3,25,7.955
1495,0.6,0,0,4.81,0.543,1.422,0.137,81,4,26,7.932
1496,0.6,0,1,4.818,0.554,1.406,0.137,81,3,27,7.909
1497,0.6,0,1,4.826,0.565,1.431,0.138,82,2,28,7.886
1498,0.6,0,1,4.835,0.576,1.406,0.137,81,4,29,7.862
1499,0.6,0,3,4.843,0.589,1.422,0.142,81,4,30,7.839
1500,0.6,0,3,4.851,0.601,1.445,0.135,81,4,31,7.816
1501,0.599,0,3,4.858,0.614,1.422,0.129,80,4,32,7.793
1502,0.6,0,1,4.868,0.627,1.416,0.125,80,4,33,7.77
1503,0.6,0,1,4.877,0.64,1.422,0.128,81,4,34,7.747
1504,0.6,0,0,4.888,0.653,1.396,0.12,81,4,35,7.724
1505,0.6,0,0,4.897,0.666,1.452,0.126,81,4,36,7.701
1506,0.599,0,2,4.909,0.679,1.445,0.128,81,4,37,7.679
1507,0.6,0,1,4.919,0.692,1.401,0.122,81,4,38,7.656
1508,0.6,0,2,4.93,0.705,1.452,0.12,81,4,39,7.634
1509,0.6,0,2,4.94,0.717,1.37,0.124,81,4,40,7.611
1510,0.6,0,1,4.952,0.73,1.406,0.122,81,4,41,7.589
1511,0.6,0,3,4.963,0.743,1.422,0.12,81,4,42,7.567
1512,0.6,0,2,4.975,0.756,1.445,0.114,81,4,43,7.545
1513,0.6,0,3,4.985,0.769,1.452,0.114,81,4,44,7.523
1514,0.6,0,3,4.996,0.781,1.422,0.116,81,3,45,7.501
1515,0.6,0,5,5.008,0.794,1.401,0.113,81,4,46,7.479
1516,0.6,0,4,5.019,0.807,1.422,0.115,81,4,47,7.457
1517,0.599,0,4,5.03,0.82,1.422,0.118,81,3,48,7.434
1518,0.599,0,2,5.041,0.834,1.445,0.115,81,3,49,7.412
1519,0.599,0,3,5.052,0.848,1.422,0.116,81,4,50,7.39
1520,0.599,0,3,5.063,0.861,1.416,0.112,81,3,51,7.369
1521,0.599,0,1,5.075,0.876,1.406,0.11,81,4,52,7.346
1522,0.599,0,2,5.086,0.891,1.422,0.112,81,3,53,7.324
1523,0.6,0,2,5.097,0.906,1.422,0.109,81,3,54,7.302
1524,0.6,0,1,5.107,0.922,1.406,0.11,81,3,55,7.279
1525,0.6,0,0,5.117,0.938,1.422,0.115,81,3,56,7.257
1526,0.599,0,3,5.126,0.954,1.401,0.11,81,3,57,7.235
1527,0.6,0,3,5.135,0.97,1.416,0.106,81,3,58,7.213
1528,0.6,0,3,5.143,0.986,1.406,0.107,81,3,59,7.191
1529,0.6,0,2,5.154,1.003,1.416,0.109,81,3,60,7.168
1530,0.599,0,5,5.163,1.02,1.401,0.109,81,3,61,7.146
1531,0.6,0,3,5.172,1.037,1.416,0.106,81,3,62,7.123
1532,0.6,0,2,5.181,1.054,1.406,0.108,81,3,63,7.101
1533,0.6,0,4,5.192,1.071,1.416,0.113,81,3,64,7.079
1534,0.6,0,4,5.201,1.088,1.368,0.11,81,3,65,7.058
1535,0.6,0,2,5.211,1.105,1.445,0.108,81,3,66,7.036
1536,0.599,0,4,5.22,1.123,1.406,0.107,81,3,67,7.014
1537,0.6,0,2,5.231,1.14,1.401,0.105,81,3,68,6.993
1538,0.599,0,2,5.241,1.157,1.416,0.112,81,3,69,6.971
1539,0.6,0,3,5.251,1.175,1.406,0.109,81,3,70,6.949
1540,0.599,0,3,5.262,1.193,1.416,0.112,81,3,71,6.928
1541,0.6,0,2,5.272,1.21,1.445,0.106,81,4,72,6.907
1542,0.599,0,2,5.282,1.228,1.416,0.111,81,3,73,6.885
1543,0.6,0,4,5.292,1.245,1.406,0.107,81,3,74,6.865
1544,0.6,0,3,5.304,1.263,1.422,0.108,81,3,75,6.843
1545,0.6,0,3,5.314,1.28,1.401,0.111,81,3,76,6.823
1546,0.599,0,3,5.325,1.299,1.416,0.11,81,3,77,6.801
1547,0.6,0,4,5.335,1.316,1.445,0.11,81,3,78,6.78
1548,0.599,0,4,5.347,1.334,1.422,0.111,81,3,79,6.76
1549,0.6,0,3,5.357,1.352,1.396,0.104,81,3,80,6.739
1550,0.6,0,5,5.368,1.369,1.401,0.108,81,3,81,6.718
1551,0.6,0,3,5.379,1.387,1.452,0.111,81,4,82,6.697
1552,0.599,0,4,5.391,1.407,1.422,0.111,81,3,83,6.675
1553,0.599,0,4,5.402,1.425,1.445,0.107,80,3,84,6.654
1554,0.599,0,5,5.413,1.444,1.406,0.111,79,3,85,6.632
1555,0.599,0,2,5.425,1.463,1.416,0.108,79,3,86,6.61
1556,0.599,0,3,5.436,1.482,1.401,0.108,79,3,87,6.589
1557,0.6,0,1,5.448,1.501,1.422,0.108,79,3,88,6.567
1558,0.6,0,2,5.459,1.521,1.406,0.106,79,4,89,6.545
1559,0.599,0,2,5.471,1.539,1.416,0.11,79,3,90,6.524
1560,0.6,0,4,5.483,1.559,1.401,0.111,79,3,91,6.502
1561,0.6,0,3,5.494,1.578,1.422,0.107,79,3,92,6.481
1562,0.6,0,4,5.506,1.597,1.406,0.111,79,3,93,6.46
1563,0.6,0,3,5.519,1.617,1.401,0.104,79,4,94,6.438
1564,0.599,0,4,5.531,1.636,1.416,0.109,78,3,95,6.416
1565,0.599,0,5,5.542,1.656,1.445,0.11,78,3,96,6.394
1566,0.6,0,4,5.554,1.675,1.452,0.111,78,3,97,6.373
1567,0.599,0,3,5.567,1.695,1.401,0.108,78,4,98,6.351
1568,0.6,0,5,5.579,1.714,1.416,0.11,78,3,99,6.331
1569,0.6,0,4,5.59,1.734,1.396,0.106,78,3,100,6.309
1570,0.599,0,5,5.599,1.753,1.445,0.107,78,4,101,6.288
1571,0.6,0,3,5.61,1.772,1.416,0.105,78,3,102,6.267
1572,0.6,0,4,5.619,1.791,1.401,0.104,78,3,103,6.246
1573,0.6,0,3,5.629,1.81,1.401,0.11,79,3,104,6.226
1574,0.599,0,4,5.64,1.829,1.396,0.11,79,4,105,6.204
1575,0.599,0,4,5.649,1.848,1.401,0.109,79,3,106,6.184
1576,0.6,0,4,5.659,1.867,1.445,0.11,79,3,107,6.163
1577,0.6,0,3,5.67,1.886,1.401,0.103,79,4,108,6.143
1578,0.6,0,5,5.679,1.905,1.401,0.105,79,3,109,6.122
1579,0.6,0,3,5.689,1.923,1.37,0.108,79,3,110,6.102
1580,0.599,0,4,5.7,1.942,1.401,0.107,79,4,111,6.082
1581,0.599,0,5,5.709,1.962,1.401,0.108,79,3,112,6.061
1582,0.6,0,3,5.72,1.979,1.445,0.111,79,3,113,6.042
1583,0.6,0,3,5.731,1.999,1.401,0.107,79,4,114,6.022
1584,0.6,0,5,5.742,2.017,1.37,0.107,79,3,115,6.002
1585,0.6,0,3,5.752,2.036,1.401,0.105,79,5,116,5.982
1586,0.599,0,5,5.763,2.054,1.401,0.104,78,3,117,5.962
1587,0.6,0,3,5.774,2.072,1.401,0.106,78,4,118,5.943
1588,0.6,0,5,5.785,2.09,1.445,0.109,78,3,119,5.924
1589,0.599,0,3,5.797,2.109,1.36,0.102,78,3,120,5.903
1590,0.6,0,3,5.807,2.127,1.401,0.104,78,4,121,5.884
1591,0.599,0,4,5.818,2.145,1.401,0.108,78,3,122,5.865
1592,0.599,0,4,5.829,2.163,1.422,0.103,78,5,123,5.846
1593,0.599,0,2,5.84,2.182,1.401,0.102,78,4,124,5.826
1594,0.599,0,1,5.851,2.2,1.406,0.102,78,4,125,5.807
1595,0.6,0,2,5.862,2.217,1.401,0.107,78,3,126,5.788
1596,0.6,0,3,5.873,2.235,1.401,0.106,78,4,127,5.769
1597,0.6,0,2,5.884,2.253,1.422,0.11,78,3,128,5.751
1598,0.6,0,2,5.894,2.271,1.401,0.105,78,4,129,5.732
1599,0.6,0,1,5.905,2.288,1.36,0.101,77,3,130,5.713
1600,0.6,0,1,5.916,2.306,1.445,0.1,77,5,131,5.694
1601,0.6,0,3,5.927,2.323,1.422,0.102,77,3,132,5.677
1602,0.6,0,0,5.937,2.341,1.401,0.101,77,4,133,5.657
1603,0.599,0,2,5.948,2.359,1.401,0.101,77,5,134,5.639
1604,0.6,0,1,5.958,2.376,1.36,0.107,77,4,135,5.621
1605,0.6,0,1,5.969,2.394,1.445,0.106,77,4,136,5.602
1606,0.6,0,4,5.979,2.411,1.422,0.109,77,5,137,5.584
1607,0.599,0,3,5.989,2.429,1.401,0.113,77,4,138,5.565
1608,0.599,0,3,6.0,2.446,1.401,0.109,77,3,139,5.548
1609,0.599,0,1,6.01,2.462,1.36,0.109,77,6,140,5.53
1610,0.6,0,3,6.02,2.48,1.422,0.106,77,5,141,5.512
1611,0.6,0,4,6.03,2.498,1.445,0.107,77,4,142,5.493
1612,0.6,0,2,6.041,2.515,1.401,0.107,78,4,143,5.475
1613,0.599,0,3,6.051,2.532,1.396,0.104,78,4,144,5.458
1614,0.6,0,3,6.061,2.549,1.342,0.094,78,4,145,5.44
1615,0.6,0,2,6.071,2.565,1.422,0.096,78,4,146,5.422
1616,0.6,0,3,6.081,2.582,1.396,0.096,78,4,147,5.404
1617,0.6,0,2,6.091,2.599,1.396,0.093,78,5,148,5.387
1618,0.6,0,4,6.101,2.616,1.342,0.094,78,4,149,5.369
1619,0.6,0,3,6.111,2.633,1.396,0.093,78,6,150,5.351
1620,0.6,0,5,6.12,2.65,1.342,0.094,78,6,151,5.334
1621,0.599,0,3,6.13,2.667,1.422,0.094,78,3,152,5.317
1622,0.599,0,1,6.14,2.684,1.342,0.095,78,5,153,5.299
1623,0.599,0,4,6.15,2.701,1.396,0.096,78,5,154,5.281
1624,0.6,0,3,6.159,2.717,1.342,0.111,78,4,155,5.264
1625,0.6,0,4,6.169,2.734,1.396,0.111,78,5,156,5.247
1626,0.6,0,4,6.179,2.75,1.342,0.111,78,3,157,5.23
1627,0.6,0,5,6.188,2.767,1.396,0.101,78,4,158,5.213
1628,0.599,0,4,6.198,2.784,1.396,0.103,78,6,159,5.196
1629,0.599,0,4,6.207,2.801,1.37,0.104,78,4,160,5.178
1630,0.6,0,4,6.217,2.817,1.396,0.106,78,5,161,5.162
1631,0.6,0,4,6.226,2.833,1.342,0.104,78,4,162,5.145
1632,0.599,0,4,6.236,2.849,1.396,0.103,78,3,163,5.128
1633,0.599,0,3,6.245,2.866,1.396,0.098,78,6,164,5.111
1634,0.599,0,4,6.255,2.882,1.342,0.096,78,4,165,5.094
1635,0.599,0,4,6.264,2.898,1.422,0.098,78,5,166,5.078
1636,0.6,0,2,6.274,2.914,1.396,0.096,78,4,167,5.061
1637,0.599,0,4,6.283,2.93,1.396,0.093,78,4,168,5.044
1638,0.6,0,2,6.292,2.946,1.396,0.093,77,5,169,5.029
1639,0.6,0,1,6.301,2.961,1.396,0.093,77,5,170,5.013
1640,0.6,0,1,6.309,2.978,1.37,0.094,77,4,171,4.996
1641,0.599,0,4,6.315,2.994,1.396,0.09,77,4,172,4.979
1642,0.599,0,3,6.322,3.009,1.396,0.091,77,5,173,4.964
1643,0.599,0,3,6.329,3.025,1.396,0.089,77,4,174,4.948
1644,0.599,0,3,6.335,3.04,1.396,0.092,77,4,175,4.932
1645,0.6,0,4,6.342,3.055,1.422,0.087,77,6,176,4.917
1646,0.6,0,3,6.349,3.071,1.396,0.09,76,5,177,4.9
1647,0.6,0,3,6.355,3.086,1.342,0.089,76,5,178,4.885
1648,0.6,0,2,6.362,3.101,1.396,0.089,76,5,179,4.869
1649,0.599,0,3,6.368,3.116,1.396,0.09,76,5,180,4.854
1650,0.6,0,1,6.375,3.132,1.396,0.09,76,6,181,4.838
1651,0.599,0,3,6.381,3.147,1.422,0.09,76,5,182,4.823
1652,0.6,0,2,6.388,3.162,1.396,0.084,76,6,183,4.807
1653,0.599,0,4,6.394,3.176,1.342,0.09,75,5,184,4.792
1654,0.6,0,3,6.4,3.192,1.396,0.088,75,7,185,4.777
1655,0.599,0,3,6.407,3.206,1.396,0.088,75,6,186,4.762
1656,0.599,0,4,6.413,3.221,1.396,0.087,75,6,187,4.747
1657,0.6,0,2,6.419,3.236,1.396,0.087,75,5,188,4.732
1658,0.599,0,2,6.426,3.25,1.422,0.088,75,6,189,4.718
1659,0.6,0,2,6.432,3.265,1.396,0.087,75,7,190,4.702
1660,0.6,0,1,6.438,3.279,1.342,0.086,75,6,191,4.688
1661,0.6,0,1,6.444,3.294,1.396,0.088,75,6,192,4.673
1662,0.599,0,4,6.451,3.308,1.396,0.087,75,5,193,4.659
1663,0.599,0,2,6.457,3.323,1.422,0.085,76,8,194,4.644
1664,0.599,0,3,6.464,3.337,1.396,0.087,76,6,195,4.629
1665,0.6,0,0,6.47,3.347,1.37,0.088,76,7,196,4.615
1666,0.6,0,2,6.476,3.348,1.396,0.089,76,6,197,4.601
1667,0.599,0,2,6.482,3.349,1.422,0.09,76,6,198,4.585
1668,0.599,0,4,6.488,3.35,1.396,0.09,76,6,199,4.571
1669,0.599,0,5,6.495,3.351,1.37,0.088,76,6,200,4.557
1670,0.6,0,4,6.501,3.352,1.396,0.093,76,7,201,4.543
1671,0.6,0,3,6.507,3.352,1.422,0.088,76,5,202,4.528
1672,0.6,0,6,6.513,3.351,1.396,0.088,76,6,203,4.514
1673,0.6,0,5,6.52,3.348,1.37,0.093,76,5,204,4.5
1674,0.599,0,4,6.526,3.346,1.396,0.087,76,6,205,4.486
1675,0.6,0,3,6.533,3.344,1.422,0.091,76,5,206,4.472
1676,0.6,0,3,6.539,3.342,1.342,0.09,76,5,207,4.457
1677,0.6,0,2,6.545,3.339,1.422,0.091,76,5,208,4.443
1678,0.6,0,3,6.552,3.336,1.396,0.091,76,5,209,4.429
1679,0.6,0,6,6.558,3.334,1.37,0.095,76,6,210,4.416
1680,0.599,0,7,6.564,3.331,1.396,0.098,76,5,211,4.402
1681,0.6,0,6,6.57,3.328,1.422,0.096,76,5,212,4.388
1682,0.6,0,3,6.577,3.326,1.342,0.096,76,5,213,4.375
1683,0.599,0,4,6.583,3.324,1.422,0.098,76,6,214,4.361
1684,0.599,0,3,6.59,3.323,1.422,0.096,76,6,215,4.347
1685,0.599,0,4,6.596,3.321,1.342,0.098,76,6,216,4.333
1686,0.599,0,1,6.602,3.319,1.422,0.096,76,6,217,4.319
1687,0.599,0,3,6.606,3.319,1.342,0.096,75,6,218,4.306
1688,0.6,0,3,6.608,3.319,1.422,0.097,75,6,219,4.292
1689,0.6,0,2,6.61,3.32,1.422,0.097,75,6,220,4.278
1690,0.599,0,5,6.612,3.32,1.342,0.098,75,6,221,4.265
1691,0.599,0,3,6.614,3.321,1.422,0.097,75,7,222,4.252
1692,0.599,0,5,6.616,3.323,1.342,0.102,75,7,223,4.238
1693,0.6,0,3,6.619,3.324,1.422,0.11,75,7,224,4.225
1694,0.6,0,4,6.621,3.325,1.442,0.106,76,6,225,4.211
1695,0.6,0,5,6.623,3.327,1.396,0.105,76,5,226,4.198
1696,0.599,0,5,6.625,3.328,1.385,0.105,76,7,227,4.185
1697,0.599,0,6,6.627,3.329,1.422,0.1,76,6,228,4.172
1698,0.599,0,4,6.63,3.329,1.385,0.108,76,6,229,4.158
1699,0.599,0,5,6.631,3.341,1.422,0.106,77,6,230,4.145
1700,0.6,0,4,6.634,3.355,1.37,0.085,77,6,231,4.132
1701,0.599,0,7,6.636,3.356,1.396,0.083,77,7,232,4.119
1702,0.599,0,3,6.637,3.356,1.37,0.088,77,6,233,4.105
1703,0.6,0,4,6.64,3.356,1.422,0.083,76,6,234,4.092
1704,0.6,0,3,6.641,3.356,1.37,0.08,76,7,235,4.079
1705,0.6,0,4,6.644,3.356,1.342,0.084,76,6,236,4.066
1706,0.599,0,2,6.646,3.356,1.422,0.081,76,7,237,4.053
1707,0.6,0,0,6.648,3.356,1.37,0.08,76,8,238,4.04
1708,0.599,0,4,6.65,3.356,1.422,0.079,76,6,239,4.027
1709,0.599,0,3,6.652,3.356,1.342,0.079,76,7,240,4.015
1710,0.599,0,2,6.653,3.356,1.37,0.08,75,9,241,4.003
1711,0.6,0,2,6.656,3.356,1.422,0.082,75,8,242,3.99
1712,0.6,0,3,6.658,3.356,1.342,0.083,75,9,243,3.977
1713,0.6,0,6,6.659,3.356,1.37,0.082,75,8,244,3.964
1714,0.6,0,6,6.661,3.356,1.37,0.076,75,8,245,3.952
1715,0.599,0,6,6.663,3.356,1.422,0.084,75,7,246,3.94
1716,0.599,0,3,6.665,3.356,1.342,0.088,75,9,247,3.927
1717,0.599,0,3,6.667,3.356,1.385,0.103,74,7,248,3.915
1718,0.6,0,3,6.664,3.356,1.392,0.116,74,7,249,3.903
1719,0.6,0,6,6.661,3.356,1.445,0.115,75,6,250,3.891
1720,0.6,0,5,6.658,3.356,1.392,0.105,75,6,251,3.878
1721,0.599,0,8,6.654,3.356,1.445,0.102,75,8,252,3.866
1722,0.599,0,4,6.651,3.356,1.385,0.103,75,6,253,3.855
1723,0.599,0,5,6.648,3.356,1.406,0.102,75,7,254,3.842
1724,0.599,0,6,6.645,3.356,1.406,0.1,75,6,255,3.83
1725,0.599,0,6,6.642,3.356,1.406,0.103,75,8,256,3.818
1726,0.599,0,6,6.639,3.356,1.445,0.103,75,5,257,3.806
1727,0.599,0,3,6.636,3.356,1.392,0.102,75,8,258,3.794
1728,0.6,0,4,6.633,3.356,1.406,0.104,75,8,259,3.782
1729,0.599,0,6,6.63,3.356,1.406,0.111,75,6,260,3.771
1730,0.6,0,5,6.627,3.356,1.406,0.11,75,7,261,3.759
1731,0.6,0,6,6.624,3.356,1.451,0.109,76,8,262,3.747
1732,0.6,0,6,6.62,3.356,1.406,0.094,76,8,263,3.735
1733,0.599,0,4,6.617,3.356,1.406,0.103,76,7,264,3.723
1734,0.599,0,4,6.615,3.356,1.406,0.103,76,7,265,3.712
1735,0.6,0,3,6.612,3.356,1.406,0.097,75,8,266,3.7
1736,0.6,0,4,6.608,3.356,1.406,0.1,75,6,267,3.689
1737,0.6,0,4,6.605,3.356,1.406,0.098,75,5,268,3.677
1738,0.6,0,4,6.601,3.356,1.406,0.097,75,6,269,3.665
1739,0.6,0,4,6.598,3.356,1.406,0.1,75,6,270,3.655
1740,0.6,0,4,6.595,3.356,1.406,0.097,75,5,271,3.643
1741,0.6,0,3,6.592,3.356,1.406,0.093,75,5,272,3.631
1742,0.599,0,2,6.588,3.356,1.36,0.102,75,6,273,3.62
1743,0.599,0,5,6.584,3.356,1.406,0.108,75,6,274,3.608
1744,0.599,0,2,6.581,3.355,1.406,0.116,74,6,275,3.597
1745,0.599,0,5,6.577,3.355,1.406,0.114,75,5,276,3.586
1746,0.599,0,6,6.573,3.355,1.406,0.112,75,6,277,3.575
1747,0.6,0,3,6.571,3.355,1.406,0.116,76,6,278,3.563
1748,0.6,0,2,6.571,3.355,1.412,0.124,76,5,279,3.552
1749,0.599,0,4,6.57,3.355,1.406,0.112,76,6,280,3.541
1750,0.599,0,4,6.572,3.355,1.406,0.111,76,6,281,3.53
1751,0.599,0,2,6.578,3.352,1.368,0.112,77,5,282,3.518
1752,0.599,0,3,6.585,3.34,1.406,0.104,78,5,283,3.508
1753,0.599,0,5,6.592,3.334,1.36,0.101,78,6,284,3.496
1754,0.6,0,5,6.598,3.332,1.406,0.104,78,7,285,3.485
1755,0.6,0,4,6.605,3.331,1.406,0.104,79,6,286,3.474
1756,0.599,0,3,6.612,3.332,1.063,0.104,79,5,287,3.463
1757,0.599,0,4,6.618,3.334,1.006,0.09,79,6,288,3.451
1758,0.6,0,3,6.624,3.337,1.063,0.091,79,6,289,3.44
1759,0.6,0,1,6.631,3.339,1.063,0.09,79,5,290,3.429
1760,0.6,0,4,6.637,3.341,1.106,0.087,79,5,291,3.417
1761,0.6,0,4,6.644,3.342,1.063,0.088,78,6,292,3.407
1762,0.599,0,6,6.65,3.345,1.095,0.091,78,5,293,3.395
1763,0.6,0,4,6.657,3.347,1.063,0.092,78,5,294,3.384
1764,0.599,0,5,6.663,3.349,1.082,0.094,78,5,295,3.373
1765,0.599,0,3,6.669,3.351,1.132,0.093,78,7,296,3.362
1766,0.599,0,3,6.666,3.353,1.183,0.098,78,5,297,3.35
1767,0.6,0,2,6.663,3.353,1.183,0.099,79,5,298,3.34
1768,0.599,0,2,6.66,3.353,1.266,0.101,78,5,299,3.328
1769,0.599,0,3,6.656,3.354,1.317,0.103,78,5,300,3.317
1770,0.6,0,4,6.653,3.354,1.348,0.098,78,6,301,3.306
1771,0.6,0,3,6.649,3.354,1.317,0.098,78,5,302,3.295
1772,0.6,0,4,6.646,3.355,1.317,0.104,79,5,303,3.283
1773,0.599,0,4,6.643,3.356,1.445,0.104,79,7,304,3.273
1774,0.6,0,4,6.641,3.356,1.36,0.101,80,5,305,3.261
1775,0.6,0,2,6.638,3.356,1.317,0.103,80,6,306,3.251
1776,0.599,0,3,6.637,3.356,1.36,0.091,81,5,307,3.24
1777,0.599,0,2,6.641,3.356,1.36,0.095,81,6,308,3.228
1778,0.6,0,2,6.649,3.356,1.317,0.085,81,5,309,3.218
1779,0.6,0,3,6.657,3.356,1.348,0.084,81,5,310,3.206
1780,0.599,0,3,6.664,3.356,1.317,0.081,81,7,311,3.195
1781,0.599,0,3,6.675,3.356,1.266,0.077,81,6,312,3.184
1782,0.599,0,3,6.687,3.356,1.317,0.079,81,5,313,3.173
1783,0.599,0,2,6.699,3.356,1.266,0.077,81,6,314,3.163
1784,0.599,0,2,6.711,3.356,1.317,0.076,81,6,315,3.151
1785,0.599,0,4,6.716,3.356,1.266,0.075,81,6,316,3.141
1786,0.599,0,3,6.716,3.356,1.215,0.074,81,7,317,3.129
1787,0.599,0,4,6.716,3.356,1.266,0.076,81,6,318,3.119
1788,0.6,0,4,6.717,3.356,1.191,0.072,80,7,319,3.109
1789,0.6,0,3,6.717,3.356,1.215,0.072,80,7,320,3.098
1790,0.6,0,3,6.717,3.356,1.191,0.074,80,7,321,3.087
1791,0.6,0,3,6.718,3.356,1.146,0.071,80,9,322,3.076
1792,0.6,0,3,6.718,3.356,1.146,0.071,80,6,323,3.066
1793,0.6,0,1,6.718,3.356,1.191,0.07,80,9,324,3.056
1794,0.599,0,4,6.719,3.356,1.146,0.07,80,8,325,3.045
1795,0.6,0,4,6.719,3.356,1.146,0.07,80,7,326,3.034
1796,0.6,0,1,6.719,3.356,1.146,0.065,80,8,327,3.024
1797,0.599,0,4,6.719,3.356,1.106,0.066,80,9,328,3.014
1798,0.599,0,6,6.72,3.356,1.146,0.068,80,5,329,3.004
1799,0.599,0,3,6.72,3.356,1.146,0.065,81,8,330,2.994
1800,0.6,0,3,6.72,3.356,1.106,0.063,81,7,331,2.983
1801,0.6,0,3,6.721,3.356,0.977,0.058,81,6,332,2.973
1802,0.6,0,4,6.721,3.356,0.977,0.055,81,9,333,2.963
1803,0.599,0,4,6.721,3.356,0.937,0.057,81,7,334,2.953
1804,0.6,0,6,6.722,3.356,0.933,0.053,81,6,335,2.943
1805,0.599,0,5,6.722,3.356,0.977,0.056,81,7,336,2.933
1806,0.599,0,6,6.722,3.356,0.937,0.059,81,5,337,2.923
1807,0.599,0,5,6.723,3.356,0.933,0.061,81,5,338,2.913
1808,0.599,0,5,6.723,3.356,0.937,0.059,82,6,339,2.903
1809,0.599,0,5,6.723,3.356,0.977,0.061,83,6,340,2.894
1810,0.599,0,3,6.724,3.356,0.892,0.059,83,5,341,2.884
1811,0.6,0,4,6.724,3.356,0.977,0.059,83,6,342,2.874
1812,0.599,0,2,6.724,3.356,0.937,0.06,82,6,343,2.865
1813,0.6,0,6,6.725,3.356,0.977,0.057,82,6,344,2.854
1814,0.599,0,4,6.725,3.356,0.977,0.061,82,5,345,2.845
1815,0.6,0,2,6.726,3.356,0.937,0.06,82,5,346,2.835
1816,0.6,0,4,6.727,3.356,0.933,0.057,82,8,347,2.825
1817,0.599,0,7,6.727,3.356,0.977,0.055,82,5,348,2.815
1818,0.599,0,6,6.727,3.356,0.937,0.056,82,5,349,2.806
1819,0.599,0,5,6.728,3.356,0.937,0.051,82,7,350,2.796
1820,0.599,0,8,6.728,3.356,0.933,0.057,82,5,351,2.786
1821,0.599,0,6,6.728,3.356,0.937,0.059,82,6,352,2.777
1822,0.599,0,8,6.729,3.356,0.933,0.058,82,5,353,2.767
1823,0.599,0,5,6.729,3.356,0.937,0.053,82,6,354,2.757
1824,0.599,0,3,6.729,3.356,0.892,0.054,82,5,355,2.747
1825,0.599,0,3,6.729,3.356,0.892,0.054,82,4,356,2.736
1826,0.599,0,7,6.73,3.356,0.937,0.052,82,6,357,2.727
1827,0.6,0,4,6.73,3.356,0.892,0.053,82,6,358,2.717
1828,0.6,0,3,6.73,3.356,0.933,0.049,82,5,359,2.707
1829,0.6,0,7,6.731,3.356,0.937,0.048,82,5,360,2.697
1830,0.599,0,4,6.731,3.356,0.892,0.046,82,5,361,2.688
1831,0.6,0,3,6.731,3.356,0.853,0.045,82,6,362,2.678
1832,0.599,0,6,6.732,3.356,0.892,0.047,82,5,363,2.668
1833,0.6,0,3,6.732,3.356,0.939,0.055,82,5,364,2.657
1834,0.599,0,2,6.732,3.356,1.271,0.065,82,4,365,2.648
1835,0.599,0,4,6.733,3.356,1.235,0.066,82,5,366,2.638
1836,0.599,0,5,6.733,3.356,1.195,0.065,82,4,367,2.628
1837,0.599,0,4,6.733,3.356,1.159,0.065,84,5,368,2.618
1838,0.6,0,3,6.734,3.356,1.006,0.062,85,4,369,2.608
1839,0.6,0,7,6.734,3.356,0.892,0.055,85,4,370,2.599
1840,0.6,0,5,6.734,3.356,0.892,0.051,85,4,371,2.589
1841,0.6,0,6,6.735,3.356,0.853,0.049,84,4,372,2.579
1842,0.6,0,4,6.736,3.356,0.892,0.046,84,5,373,2.569
1843,0.599,0,4,6.736,3.356,0.892,0.051,84,4,374,2.56
1844,0.599,0,5,6.737,3.356,0.892,0.052,85,5,375,2.55
1845,0.6,0,3,6.737,3.356,0.853,0.05,85,4,376,2.54
1846,0.599,0,3,6.737,3.356,0.892,0.05,85,4,377,2.531
1847,0.6,0,5,6.738,3.356,0.892,0.044,85,5,378,2.521
1848,0.599,0,5,6.738,3.356,0.892,0.044,85,4,379,2.512
1849,0.6,0,4,6.738,3.356,0.892,0.042,85,5,380,2.502
1850,0.599,0,4,6.739,3.356,0.853,0.041,85,4,381,2.493
1851,0.599,0,4,6.739,3.356,0.892,0.043,84,5,382,2.483
1852,0.599,0,4,6.739,3.356,0.892,0.042,83,7,383,2.474
1853,0.599,0,6,6.74,3.356,0.853,0.043,83,5,384,2.464
1854,0.599,0,8,6.74,3.356,0.892,0.042,83,6,385,2.455
1855,0.599,0,3,6.74,3.356,0.892,0.042,83,5,386,2.447
1856,0.599,0,4,6.741,3.356,0.853,0.044,83,6,387,2.437
1857,0.6,0,3,6.741,3.356,0.892,0.043,81,7,388,2.428
1858,0.599,0,5,6.741,3.356,0.892,0.043,81,9,389,2.419
1859,0.599,0,4,6.742,3.356,0.853,0.044,81,7,390,2.409
1860,0.599,0,6,6.742,3.356,0.849,0.041,81,8,391,2.4
1861,0.599,0,3,6.742,3.356,0.853,0.042,81,8,392,2.392
1862,0.599,0,5,6.743,3.356,0.892,0.045,81,7,393,2.383
1863,0.6,0,3,6.743,3.356,0.892,0.041,81,9,394,2.374
1864,0.599,0,5,6.743,3.356,0.853,0.042,81,7,395,2.364
1865,0.599,0,3,6.744,3.356,0.892,0.04,81,9,396,2.356
1866,0.599,0,6,6.744,3.356,0.853,0.044,81,7,397,2.347
1867,0.599,0,3,6.744,3.356,0.892,0.044,81,8,398,2.338
1868,0.599,0,6,6.745,3.356,0.849,0.045,81,8,399,2.33
1869,0.599,0,5,6.745,3.356,0.853,0.042,81,7,400,2.321
1870,0.6,0,4,6.745,3.356,0.892,0.04,81,8,401,2.312
1871,0.599,0,4,6.746,3.356,0.892,0.04,81,8,402,2.303
1872,0.599,0,4,6.746,3.356,0.853,0.043,81,7,403,2.295
1873,0.599,0,3,6.746,3.356,0.892,0.038,81,8,404,2.286
1874,0.599,0,4,6.747,3.356,0.853,0.04,81,8,405,2.278
1875,0.599,0,4,6.748,3.356,0.892,0.041,81,8,406,2.269
1876,0.6,0,4,6.748,3.356,0.892,0.041,81,8,407,2.26
1877,0.6,0,6,6.749,3.356,0.807,0.039,81,8,408,2.251
1878,0.6,0,4,6.749,3.356,0.892,0.038,81,8,409,2.243
1879,0.599,0,5,6.749,3.356,0.853,0.039,81,7,410,2.234
1880,0.6,0,6,6.75,3.356,0.892,0.038,81,8,411,2.226
1881,0.599,0,6,6.75,3.356,0.892,0.038,81,8,412,2.218
1882,0.599,0,6,6.75,3.356,0.853,0.039,81,9,413,2.209
1883,0.599,0,6,6.751,3.356,0.892,0.039,81,7,414,2.201
1884,0.599,0,2,6.751,3.356,0.892,0.039,81,8,415,2.192
1885,0.599,0,3,6.751,3.356,0.807,0.039,81,8,416,2.183
1886,0.599,0,4,6.752,3.356,0.892,0.04,81,7,417,2.175
1887,0.599,0,7,6.752,3.356,0.937,0.036,81,9,418,2.167
1888,0.599,0,5,6.752,3.356,0.807,0.038,81,7,419,2.159
1889,0.599,0,7,6.753,3.356,0.807,0.039,81,8,420,2.15
1890,0.599,0,6,6.753,3.356,0.768,0.037,81,9,421,2.142
1891,0.599,0,6,6.753,3.356,0.722,0.038,81,7,422,2.133
1892,0.599,0,5,6.754,3.356,0.684,0.038,81,9,423,2.126
1893,0.599,0,5,6.754,3.356,0.722,0.038,81,6,424,2.116
1894,0.599,0,5,6.754,3.356,0.638,0.038,80,10,425,2.108
1895,0.6,0,7,6.755,3.356,0.638,0.037,80,9,426,2.099
1896,0.599,0,5,6.755,3.356,0.638,0.038,80,9,427,2.091
1897,0.599,0,5,6.755,3.356,0.684,0.038,79,10,428,2.082
1898,0.599,0,4,6.756,3.356,0.638,0.038,79,9,429,2.074
1899,0.6,0,7,6.756,3.356,0.6,0.036,79,10,430,2.065
1900,0.599,0,4,6.756,3.356,0.638,0.037,79,9,431,2.056
1901,0.6,0,5,6.757,3.356,0.638,0.037,79,9,432,2.048
1902,0.6,0,3,6.757,3.356,0.553,0.034,79,11,433,2.039
1903,0.599,0,5,6.758,3.356,0.638,0.037,79,9,434,2.031
1904,0.599,0,4,6.758,3.356,0.6,0.036,79,10,435,2.023
1905,0.599,0,6,6.758,3.356,0.594,0.037,79,9,436,2.013
1906,0.6,0,7,6.759,3.356,0.6,0.034,79,11,437,2.004
1907,0.599,0,7,6.759,3.356,0.553,0.038,80,9,438,1.996
1908,0.599,0,5,6.76,3.356,0.6,0.036,80,9,439,1.987
1909,0.6,0,7,6.761,3.356,0.553,0.034,80,11,440,1.979
1910,0.599,0,6,6.761,3.356,0.516,0.035,81,9,441,1.97
1911,0.599,0,6,6.761,3.356,0.553,0.037,81,11,442,1.962
1912,0.599,0,5,6.762,3.356,0.553,0.035,81,10,443,1.953
1913,0.599,0,7,6.762,3.356,0.516,0.035,81,10,444,1.945
1914,0.6,0,5,6.762,3.356,0.553,0.04,81,8,445,1.937
1915,0.599,0,6,6.763,3.356,0.553,0.042,81,10,446,1.928
1916,0.599,0,6,6.763,3.356,0.516,0.041,81,10,447,1.92
1917,0.599,0,5,6.763,3.356,0.553,0.038,81,10,448,1.911
1918,0.6,0,6,6.764,3.356,0.553,0.036,81,10,449,1.903
1919,0.6,0,7,6.764,3.356,0.566,0.038,81,9,450,1.894
1920,0.599,0,5,6.764,3.356,0.553,0.038,81,10,451,1.885
1921,0.6,0,3,6.765,3.356,0.553,0.034,81,10,452,1.877
1922,0.6,0,5,6.765,3.356,0.516,0.038,81,9,453,1.868
1923,0.599,0,3,6.765,3.356,0.553,0.033,81,10,454,1.86
1924,0.599,0,8,6.766,3.356,0.553,0.036,81,9,455,1.851
1925,0.599,0,4,6.766,3.356,0.516,0.033,81,10,456,1.843
1926,0.599,0,8,6.766,3.356,0.553,0.033,81,10,457,1.835
1927,0.599,0,5,6.767,3.356,0.553,0.036,81,10,458,1.826
1928,0.6,0,5,6.767,3.356,0.516,0.035,81,10,459,1.818
1929,0.599,0,5,6.767,3.356,0.553,0.039,81,9,460,1.809
1930,0.599,0,5,6.768,3.356,0.553,0.034,81,10,461,1.801
1931,0.599,0,4,6.768,3.356,0.612,0.04,81,9,462,1.792
1932,0.599,0,5,6.769,3.356,1.191,0.05,81,9,463,1.784
1933,0.599,0,6,6.769,3.356,1.368,0.054,81,8,464,1.776
1934,0.599,0,3,6.769,3.356,1.321,0.051,81,9,465,1.767
1935,0.599,0,10,6.77,3.356,1.321,0.049,81,9,466,1.758
1936,0.599,0,4,6.77,3.356,1.284,0.049,81,9,467,1.75
1937,0.6,0,6,6.77,3.356,1.237,0.05,81,8,468,1.741
1938,0.599,0,5,6.772,3.356,1.153,0.049,81,9,469,1.733
1939,0.599,0,4,6.772,3.356,1.022,0.047,81,9,470,1.725
1940,0.599,0,6,6.772,3.356,0.853,0.045,81,9,471,1.716
1941,0.6,0,4,6.772,3.356,0.553,0.042,81,8,472,1.708
1942,0.599,0,6,6.772,3.356,0.553,0.042,80,9,473,1.7
1943,0.599,0,5,6.773,3.356,0.566,0.042,80,9,474,1.692
1944,0.599,0,8,6.774,3.356,0.553,0.042,80,8,475,1.683
1945,0.6,0,5,6.774,3.356,0.553,0.041,80,9,476,1.675
1946,0.6,0,8,6.774,3.356,0.537,0.043,80,9,477,1.667
1947,0.599,0,5,6.775,3.356,0.553,0.041,80,9,478,1.669
1948,0.599,0,6,6.775,3.356,0.553,0.039,80,8,479,1.675
1949,0.599,0,5,6.776,3.356,0.566,0.041,80,9,480,1.682
1950,0.6,0,6,6.776,3.355,0.553,0.039,80,9,481,1.688
1951,0.599,0,5,6.776,3.355,0.553,0.038,80,8,482,1.694
1952,0.599,0,5,6.777,3.355,0.537,0.039,80,9,483,1.7
1953,0.599,0,3,6.777,3.355,0.553,0.037,80,9,484,1.707
1954,0.599,0,4,6.777,3.354,0.553,0.037,80,8,485,1.713
1955,0.599,0,7,6.778,3.354,0.516,0.039,80,9,486,1.72
1956,0.599,0,5,6.778,3.353,0.553,0.038,80,9,487,1.724
1957,0.599,0,5,6.778,3.353,0.553,0.042,80,8,488,1.728
1958,0.6,0,6,6.779,3.353,0.553,0.042,80,9,489,1.732
1959,0.599,0,7,6.779,3.353,0.6,0.042,80,8,490,1.735
1960,0.6,0,3,6.779,3.351,0.603,0.044,80,9,491,1.74
1961,0.599,0,5,6.78,3.351,0.553,0.039,80,9,492,1.743
1962,0.599,0,4,6.78,3.351,0.6,0.041,81,8,493,1.747
1963,0.6,0,3,6.78,3.35,0.553,0.041,81,9,494,1.751
1964,0.6,0,6,6.781,3.35,0.553,0.043,82,8,495,1.755
1965,0.599,0,7,6.781,3.349,0.553,0.043,82,9,496,1.759
1966,0.599,0,7,6.782,3.348,0.6,0.039,82,9,497,1.762
1967,0.599,0,7,6.782,3.348,0.553,0.036,82,8,498,1.767
1968,0.599,0,5,6.782,3.348,0.553,0.038,82,9,499,1.77
1969,0.599,0,6,6.783,3.346,0.671,0.04,82,8,500,1.774
1970,0.6,0,5,6.783,3.346,0.6,0.039,82,9,501,1.777
1971,0.6,0,4,6.783,3.345,0.553,0.036,83,7,502,1.781
1972,0.599,0,6,6.784,3.345,0.553,0.031,83,9,503,1.784
1973,0.6,0,6,6.784,3.348,0.553,0.04,83,7,504,1.787
1974,0.599,0,3,6.785,3.353,0.638,0.042,83,8,505,1.79
1975,0.599,0,4,6.786,3.356,0.6,0.039,83,7,506,1.793
1976,0.599,0,4,6.786,3.356,0.684,0.043,83,8,507,1.796
1977,0.599,0,6,6.787,3.356,0.553,0.038,84,8,508,1.8
1978,0.599,0,6,6.787,3.356,0.6,0.033,84,8,509,1.803
1979,0.6,0,5,6.787,3.356,0.553,0.033,84,7,510,1.806
1980,0.599,0,6,6.788,3.356,0.553,0.037,84,8,511,1.81
1981,0.599,0,6,6.788,3.356,0.553,0.037,84,7,512,1.812
1982,0.599,0,7,6.788,3.356,0.553,0.034,84,8,513,1.816
1983,0.599,0,6,6.789,3.356,0.6,0.033,84,7,514,1.819
1984,0.599,0,4,6.789,3.356,0.553,0.035,84,7,515,1.822
1985,0.599,0,5,6.789,3.356,0.553,0.034,84,8,516,1.825
1986,0.599,0,6,6.79,3.356,0.553,0.034,84,7,517,1.828
1987,0.599,0,8,6.79,3.356,0.6,0.033,84,8,518,1.832
1988,0.599,0,5,6.79,3.356,0.553,0.035,84,7,519,1.835
1989,0.599,0,7,6.791,3.356,0.553,0.033,84,7,520,1.838
1990,0.599,0,8,6.791,3.356,0.516,0.035,84,8,521,1.841
1991,0.599,0,6,6.792,3.356,0.553,0.037,84,7,522,1.845
1992,0.599,0,5,6.792,3.356,0.553,0.037,85,7,523,1.847
1993,0.599,0,6,6.792,3.356,0.553,0.029,85,9,524,1.851
1994,0.599,0,7,6.793,3.356,0.516,0.03,85,8,525,1.851
1995,0.6,0,4,6.793,3.356,0.6,0.034,85,7,526,1.851
1996,0.599,0,5,6.793,3.356,0.553,0.034,85,8,527,1.851
1997,0.6,0,4,6.794,3.356,0.516,0.035,85,7,528,1.85
1998,0.599,0,5,6.794,3.356,0.553,0.036,85,6,529,1.85
1999,0.599,0,7,6.795,3.356,0.516,0.034,85,7,530,1.849
2000,0.6,0,3,6.795,3.356,0.553,0.035,85,8,531,1.849
2001,0.6,0,3,6.795,3.356,0.484,0.029,85,7,532,1.849
2002,0.6,0,7,6.796,3.356,0.553,0.033,85,7,533,1.848
2003,0.599,0,7,6.796,3.356,0.537,0.029,85,7,534,1.848
2004,0.6,0,4,6.796,3.356,0.618,0.031,85,7,535,1.848
2005,0.599,0,3,6.797,3.356,0.725,0.031,85,8,536,1.847
2006,0.599,0,7,6.797,3.356,0.78,0.03,85,8,537,1.847
2007,0.6,0,3,6.797,3.356,0.859,0.03,85,7,538,1.846
2008,0.6,0,3,6.798,3.356,0.914,0.031,85,8,539,1.846
2009,0.599,0,4,6.798,3.356,0.914,0.033,85,8,540,1.845
2010,0.599,0,4,6.8,3.356,0.886,0.031,85,9,541,1.845
2011,0.599,0,4,6.8,3.356,0.914,0.028,85,9,542,1.845
2012,0.6,0,3,6.8,3.356,0.859,0.029,85,9,543,1.844
2013,0.6,0,7,6.801,3.356,0.939,0.031,85,9,544,1.845
2014,0.6,0,5,6.801,3.356,0.859,0.03,85,9,545,1.844
2015,0.599,0,3,6.801,3.356,0.914,0.031,85,8,546,1.843
2016,0.599,0,5,6.802,3.356,0.859,0.03,85,9,547,1.843
2017,0.599,0,5,6.802,3.356,0.859,0.029,85,8,548,1.842
2018,0.599,0,5,6.803,3.356,0.859,0.032,85,9,549,1.842
2019,0.599,0,3,6.803,3.356,0.859,0.029,85,9,550,1.842
2020,0.599,0,4,6.803,3.356,0.939,0.029,85,8,551,1.841
2021,0.599,0,7,6.804,3.356,0.859,0.031,85,8,552,1.841
2022,0.6,0,3,6.804,3.356,0.859,0.031,86,7,553,1.841
2023,0.599,0,4,6.804,3.356,0.859,0.034,86,7,554,1.84
2024,0.599,0,5,6.805,3.356,0.805,0.032,86,6,555,1.84
2025,0.599,0,5,6.805,3.356,0.859,0.031,86,7,556,1.839
2026,0.599,0,7,6.806,3.356,0.859,0.033,86,7,557,1.839
2027,0.599,0,8,6.806,3.356,0.836,0.032,86,7,558,1.839
2028,0.6,0,4,6.806,3.356,0.805,0.035,86,7,559,1.838
2029,0.599,0,8,6.807,3.356,0.859,0.036,86,7,560,1.838
2030,0.599,0,5,6.807,3.356,0.859,0.036,86,7,561,1.838
2031,0.6,0,5,6.807,3.356,0.805,0.038,86,7,562,1.837
2032,0.599,0,5,6.808,3.356,0.859,0.037,86,7,563,1.837
2033,0.599,0,5,6.808,3.356,0.78,0.037,86,6,564,1.837
2034,0.599,0,4,6.809,3.356,0.859,0.036,86,7,565,1.835
2035,0.6,0,7,6.809,3.356,0.805,0.036,86,7,566,1.836
2036,0.6,0,8,6.809,3.356,0.805,0.035,86,7,567,1.835
2037,0.599,0,3,6.81,3.356,0.836,0.036,86,7,568,1.835
2038,0.6,0,5,6.81,3.356,0.805,0.045,86,6,569,1.835
2039,0.6,0,7,6.81,3.356,1.022,0.05,86,6,570,1.834
2040,0.6,0,4,6.811,3.356,0.859,0.041,86,6,571,1.834
2041,0.6,0,2,6.811,3.356,0.859,0.042,86,6,572,1.834
2042,0.599,0,3,6.812,3.356,0.859,0.041,86,5,573,1.833
2043,0.599,0,6,6.812,3.356,0.859,0.038,86,6,574,1.833
2044,0.599,0,4,6.812,3.356,0.859,0.041,86,6,575,1.832
2045,0.599,0,8,6.813,3.356,0.859,0.04,86,6,576,1.832
2046,0.599,0,6,6.813,3.356,0.859,0.041,86,6,577,1.832
2047,0.599,0,2,6.814,3.356,0.859,0.038,86,6,578,1.831
2048,0.599,0,4,6.815,3.356,0.859,0.039,86,6,579,1.831
2049,0.6,0,5,6.815,3.356,0.859,0.043,86,6,580,1.831
2050,0.599,0,8,6.816,3.356,0.892,0.046,86,5,581,1.831
2051,0.599,0,9,6.816,3.356,0.914,0.048,86,6,582,1.83
2052,0.599,0,2,6.816,3.356,0.993,0.047,85,6,583,1.829
2053,0.6,0,4,6.817,3.356,0.859,0.041,85,6,584,1.829
2054,0.6,0,6,6.817,3.356,0.859,0.04,85,6,585,1.829
2055,0.599,0,5,6.818,3.356,0.859,0.044,85,6,586,1.828
2056,0.599,0,7,6.818,3.356,0.859,0.044,85,6,587,1.828
2057,0.6,0,4,6.818,3.356,0.859,0.043,85,5,588,1.828
2058,0.6,0,7,6.819,3.356,0.859,0.045,85,6,589,1.827
2059,0.599,0,4,6.819,3.356,1.022,0.051,85,6,590,1.827
2060,0.599,0,6,6.819,3.356,0.859,0.045,85,6,591,1.826
2061,0.599,0,6,6.82,3.356,0.859,0.046,85,6,592,1.826
2062,0.599,0,6,6.82,3.356,0.805,0.044,85,6,593,1.826
2063,0.599,0,7,6.821,3.356,0.859,0.048,85,6,594,1.825
2064,0.599,0,5,6.821,3.356,0.859,0.048,85,5,595,1.825
2065,0.599,0,7,6.821,3.356,0.914,0.05,85,6,596,1.824
2066,0.599,0,7,6.822,3.356,0.914,0.044,85,6,597,1.824
2067,0.599,0,6,6.822,3.356,0.949,0.048,85,6,598,1.824
2068,0.599,0,6,6.823,3.356,0.918,0.044,85,6,599,1.823
2069,0.6,0,4,6.823,3.356,1.048,0.046,85,5,600,1.823
2070,0.6,0,6,6.823,3.356,1.027,0.046,85,6,601,1.822
2071,0.599,0,6,6.824,3.356,1.087,0.047,85,6,602,1.822
2072,0.599,0,5,6.824,3.356,1.146,0.046,84,6,603,1.822
2073,0.6,0,3,6.824,3.356,1.146,0.048,84,6,604,1.821
2074,0.599,0,5,6.825,3.356,1.146,0.045,84,6,605,1.822
2075,0.6,0,5,6.825,3.356,1.087,0.047,83,6,606,1.821
2076,0.599,0,6,6.826,3.356,1.087,0.046,83,7,607,1.82
2077,0.599,0,5,6.826,3.356,1.087,0.045,83,7,608,1.82
2078,0.6,0,6,6.826,3.356,1.082,0.043,83,7,609,1.819
2079,0.6,0,6,6.827,3.356,1.027,0.046,83,6,610,1.819
2080,0.599,0,4,6.827,3.356,1.087,0.044,83,7,611,1.818
2081,0.6,0,8,6.828,3.356,1.027,0.044,83,7,612,1.818
2082,0.6,0,6,6.828,3.356,1.027,0.042,83,7,613,1.817
2083,0.6,0,2,6.828,3.356,0.962,0.042,83,7,614,1.818
2084,0.599,0,6,6.829,3.356,1.006,0.05,83,7,615,1.816
2085,0.6,0,4,6.829,3.356,1.368,0.06,83,7,616,1.816
2086,0.599,0,4,6.831,3.356,1.452,0.066,83,5,617,1.816
2087,0.6,0,5,6.831,3.356,1.368,0.055,83,7,618,1.815
2088,0.6,0,2,6.831,3.356,1.406,0.057,83,7,619,1.814
2089,0.6,0,4,6.832,3.356,1.416,0.058,83,6,620,1.815
2090,0.6,0,5,6.832,3.356,1.368,0.056,83,7,621,1.813
2091,0.599,0,3,6.833,3.356,1.406,0.06,83,7,622,1.813
2092,0.599,0,3,6.833,3.356,1.416,0.06,83,6,623,1.813
2093,0.6,0,3,6.833,3.356,1.406,0.063,83,7,624,1.812
2094,0.599,0,5,6.834,3.356,1.368,0.063,83,7,625,1.811
2095,0.6,0,3,6.834,3.356,1.416,0.064,84,6,626,1.812
2096,0.599,0,4,6.835,3.356,1.146,0.061,83,8,627,1.81
2097,0.6,0,4,6.835,3.356,0.789,0.058,83,7,628,1.81
2098,0.6,0,3,6.835,3.356,0.849,0.05,83,8,629,1.81
2099,0.6,0,7,6.836,3.356,0.908,0.052,83,8,630,1.809
2100,0.6,0,3,6.836,3.356,0.967,0.055,83,7,631,1.808
2101,0.599,0,4,6.836,3.356,0.962,0.056,83,8,632,1.808
2102,0.6,0,4,6.837,3.356,0.96,0.052,83,7,633,1.807
2103,0.6,0,5,6.837,3.356,0.962,0.051,83,7,634,1.806
2104,0.599,0,3,6.838,3.356,1.027,0.051,83,5,635,1.807
2105,0.6,0,4,6.838,3.356,1.036,0.055,83,7,636,1.805
2106,0.6,0,4,6.838,3.356,1.106,0.053,82,7,637,1.805
2107,0.599,0,4,6.839,3.356,1.082,0.055,82,8,638,1.805
2108,0.6,0,2,6.839,3.356,1.082,0.054,82,7,639,1.804
2109,0.6,0,3,6.84,3.356,1.182,0.054,83,8,640,1.803
2110,0.6,0,2,6.84,3.356,1.154,0.057,83,7,641,1.803
2111,0.599,0,5,6.84,3.356,1.215,0.059,83,7,642,1.802
2112,0.6,0,5,6.841,3.356,1.183,0.057,83,7,643,1.801
2113,0.6,0,3,6.841,3.356,1.276,0.06,84,7,644,1.8
2114,0.599,0,3,6.842,3.356,1.284,0.061,84,8,645,1.8
2115,0.6,0,5,6.842,3.356,1.273,0.063,84,6,646,1.799
2116,0.599,0,6,6.843,3.356,1.316,0.059,84,7,647,1.798
2117,0.599,0,3,6.843,3.356,1.36,0.063,85,8,648,1.798
2118,0.6,0,2,6.843,3.356,1.368,0.067,85,7,649,1.798
2119,0.6,0,4,6.844,3.356,1.406,0.062,85,7,650,1.796
2120,0.599,0,4,6.844,3.356,1.368,0.056,85,8,651,1.796
2121,0.599,0,5,6.845,3.356,1.406,0.049,86,6,652,1.796
2122,0.599,0,4,6.845,3.356,1.368,0.053,86,7,653,1.794
2123,0.6,0,3,6.845,3.356,1.371,0.063,86,7,654,1.793
2124,0.599,0,5,6.846,3.356,1.45,0.063,87,7,655,1.793
2125,0.6,0,3,6.846,3.356,1.321,0.055,87,7,656,1.793
2126,0.599,0,4,6.847,3.356,1.321,0.048,87,7,657,1.791
2127,0.599,0,3,6.848,3.356,1.237,0.049,87,6,658,1.791
2128,0.6,0,1,6.848,3.356,1.068,0.041,88,7,659,1.79
2129,0.6,0,6,6.849,3.356,0.807,0.038,88,7,660,1.789
2130,0.6,0,3,6.849,3.356,0.684,0.034,88,7,661,1.788
2131,0.599,0,4,6.85,3.356,0.684,0.03,88,7,662,1.788
2132,0.599,0,4,6.85,3.356,0.638,0.034,88,6,663,1.786
2133,0.6,0,5,6.85,3.356,0.649,0.032,88,6,664,1.785
2134,0.599,0,5,6.851,3.356,0.684,0.033,88,7,665,1.784
2135,0.599,0,5,6.851,3.356,0.638,0.029,88,7,666,1.784
2136,0.599,0,3,6.852,3.356,0.649,0.029,88,6,667,1.783
2137,0.599,0,4,6.852,3.356,0.684,0.027,88,7,668,1.782
2138,0.6,0,4,6.852,3.356,0.6,0.029,88,7,669,1.781
2139,0.599,0,3,6.853,3.356,0.684,0.027,88,7,670,1.78
2140,0.6,0,2,6.853,3.356,0.6,0.025,88,6,671,1.779
2141,0.6,0,5,6.854,3.356,0.684,0.036,88,5,672,1.778
2142,0.599,0,3,6.854,3.356,0.6,0.031,88,6,673,1.776
2143,0.6,0,2,6.855,3.356,0.638,0.037,88,4,674,1.776
2144,0.6,0,3,6.855,3.356,0.649,0.034,89,6,675,1.774
2145,0.6,0,4,6.855,3.356,0.6,0.035,89,6,676,1.773
2146,0.6,0,5,6.856,3.356,0.638,0.034,89,4,677,1.772
2147,0.6,0,3,6.856,3.356,0.649,0.033,89,6,678,1.77
2148,0.6,0,4,6.857,3.356,0.6,0.033,89,5,679,1.769
2149,0.6,0,2,6.857,3.356,0.684,0.034,89,5,680,1.768
2150,0.6,0,5,6.857,3.356,0.638,0.033,89,5,681,1.766
2151,0.6,0,4,6.858,3.356,0.649,0.03,89,6,682,1.764
2152,0.6,0,3,6.858,3.356,0.684,0.032,89,4,683,1.762
2153,0.599,0,4,6.859,3.356,0.6,0.028,89,5,684,1.761
2154,0.599,0,5,6.859,3.356,0.684,0.032,89,5,685,1.76
2155,0.599,0,3,6.86,3.356,0.638,0.03,89,4,686,1.758
2156,0.6,0,3,6.86,3.356,0.649,0.028,89,5,687,1.756
2157,0.599,0,2,6.86,3.356,0.684,0.032,89,5,688,1.754
2158,0.6,0,3,6.861,3.356,0.679,0.035,89,4,689,1.753
2159,0.6,0,4,6.861,3.356,0.9,0.035,89,5,690,1.751
2160,0.599,0,3,6.862,3.356,0.732,0.037,89,5,691,1.749
2161,0.6,0,1,6.862,3.356,0.732,0.038,89,4,692,1.748
2162,0.599,0,4,6.863,3.356,0.679,0.036,89,5,693,1.746
2163,0.6,0,2,6.863,3.356,0.638,0.033,89,5,694,1.744
2164,0.599,0,3,6.863,3.355,0.684,0.032,89,5,695,1.743
2165,0.599,0,4,6.864,3.355,0.679,0.028,88,6,696,1.741
2166,0.599,0,3,6.864,3.355,0.638,0.03,88,5,697,1.739
2167,0.599,0,5,6.865,3.355,0.638,0.032,88,5,698,1.738
2168,0.599,0,3,6.865,3.354,0.684,0.033,88,5,699,1.735
2169,0.599,0,3,6.866,3.354,0.638,0.036,88,5,700,1.733
2170,0.599,0,4,6.867,3.354,0.722,0.037,88,4,701,1.732
2171,0.6,0,1,6.867,3.354,0.638,0.032,88,4,702,1.73
2172,0.6,0,5,6.868,3.353,0.638,0.034,89,4,703,1.728
2173,0.6,0,4,6.868,3.353,0.638,0.035,89,4,704,1.726
2174,0.599,0,2,6.869,3.353,0.684,0.033,89,4,705,1.724
2175,0.599,0,4,6.869,3.353,0.649,0.033,89,4,706,1.722
2176,0.599,0,3,6.869,3.353,0.722,0.035,89,4,707,1.721
2177,0.6,0,2,6.87,3.353,1.401,0.043,90,4,708,1.719
2178,0.6,0,3,6.87,3.352,1.406,0.045,90,4,709,1.717
2179,0.599,0,3,6.871,3.351,1.401,0.041,90,4,710,1.715
2180,0.6,0,3,6.871,3.351,1.445,0.045,90,4,711,1.713
2181,0.599,0,3,6.872,3.351,1.36,0.044,90,4,712,1.711
2182,0.6,0,3,6.872,3.351,1.401,0.044,90,4,713,1.709
2183,0.6,0,3,6.872,3.35,1.406,0.046,91,3,714,1.707
2184,0.599,0,3,6.873,3.35,1.401,0.042,91,4,715,1.705
2185,0.6,0,3,6.873,3.35,1.406,0.041,91,3,716,1.703
2186,0.599,0,1,6.874,3.349,1.401,0.04,90,4,717,1.701
2187,0.6,0,2,6.874,3.349,1.36,0.039,90,3,718,1.699
2188,0.599,0,5,6.875,3.348,1.445,0.033,90,4,719,1.697
2189,0.6,0,4,6.875,3.348,1.401,0.03,90,6,720,1.694
2190,0.6,0,3,6.876,3.348,1.406,0.031,90,4,721,1.693
2191,0.6,0,4,6.876,3.348,1.401,0.037,90,5,722,1.691
2192,0.6,0,2,6.876,3.346,1.36,0.035,90,4,723,1.688
2193,0.6,0,4,6.877,3.346,1.445,0.037,90,4,724,1.686
2194,0.599,0,4,6.877,3.346,1.36,0.034,90,5,725,1.684
2195,0.599,0,2,6.878,3.346,1.401,0.033,90,4,726,1.681
2196,0.599,0,3,6.878,3.346,1.406,0.037,90,4,727,1.68
2197,0.599,0,3,6.879,3.345,1.401,0.036,91,4,728,1.677
2198,0.599,0,3,6.879,3.344,1.445,0.036,91,5,729,1.675
2199,0.599,0,2,6.879,3.344,1.36,0.034,91,4,730,1.672
2200,0.599,0,2,6.88,3.344,1.401,0.033,92,4,731,1.67
2201,0.599,0,3,6.88,3.343,1.406,0.034,92,4,732,1.668
2202,0.599,0,2,6.881,3.342,1.401,0.033,92,5,733,1.665
2203,0.6,0,4,6.881,3.342,1.406,0.03,92,4,734,1.663
2204,0.599,0,4,6.882,3.343,1.401,0.028,93,4,735,1.661
2205,0.6,0,3,6.882,3.344,1.36,0.027,93,4,736,1.658
2206,0.599,0,3,6.883,3.343,0.323,0.011,93,4,737,1.657
2207,0.599,0,3,6.883,3.341,0.484,0.012,93,5,738,1.654
2208,0.6,0,2,6.883,3.343,0.216,0.01,93,4,739,1.652
2209,0.6,0,3,6.884,3.344,0.216,0.008,93,4,740,1.65
2210,0.6,0,2,6.884,3.344,0.268,0.011,93,4,741,1.648
2211,0.599,0,5,6.885,3.343,0.247,0.01,93,4,742,1.645
2212,0.599,0,2,6.886,3.344,0.216,0.01,93,4,743,1.643
2213,0.6,0,2,6.887,3.344,0.216,0.009,93,4,744,1.64
2214,0.599,0,4,6.887,3.345,0.216,0.009,93,4,745,1.638
2215,0.6,0,3,6.888,3.344,0.509,0.012,93,4,746,1.636
2216,0.6,0,3,6.888,3.344,0.268,0.009,93,4,747,1.634
2217,0.6,0,2,6.888,3.345,0.216,0.008,93,4,748,1.632
2218,0.6,0,4,6.889,3.345,0.19,0.008,93,4,749,1.629
2219,0.599,0,4,6.889,3.344,0.268,0.011,93,4,750,1.627
2220,0.6,0,1,6.89,3.346,0.216,0.008,93,4,751,1.625
2221,0.6,0,2,6.89,3.346,0.19,0.008,93,4,752,1.623
2222,0.599,0,3,6.891,3.346,0.268,0.01,93,4,753,1.621
2223,0.599,0,4,6.891,3.344,0.402,0.012,93,4,754,1.619
2224,0.599,0,4,6.892,3.346,0.19,0.008,93,4,755,1.617
2225,0.6,0,0,6.892,3.346,0.18,0.008,93,4,756,1.614
2226,0.6,0,5,6.893,3.346,0.19,0.008,93,4,757,1.613
2227,0.599,0,4,6.893,3.346,0.216,0.009,93,4,758,1.611
2228,0.599,0,2,6.893,3.346,0.216,0.01,93,4,759,1.608
2229,0.599,0,3,6.894,3.347,0.18,0.008,93,4,760,1.606
2230,0.6,0,1,6.894,3.346,0.424,0.011,93,4,761,1.604
2231,0.6,0,3,6.895,3.346,0.19,0.009,93,4,762,1.602
2232,0.599,0,3,6.895,3.348,0.216,0.008,93,4,763,1.601
2233,0.6,0,3,6.896,3.348,0.19,0.008,93,4,764,1.597
2234,0.6,0,2,6.896,3.348,0.24,0.01,93,4,765,1.595
2235,0.6,0,5,6.897,3.348,0.19,0.009,93,4,766,1.594
2236,0.599,0,4,6.897,3.348,0.247,0.008,93,3,767,1.591
2237,0.599,0,4,6.898,3.347,0.268,0.011,93,4,768,1.59
2238,0.599,0,3,6.898,3.348,0.247,0.009,93,4,769,1.588
2239,0.6,0,4,6.899,3.349,0.24,0.009,93,3,770,1.586
2240,0.6,0,2,6.899,3.349,0.306,0.009,93,4,771,1.584
2241,0.599,0,3,6.899,3.349,0.24,0.011,93,3,772,1.582
2242,0.6,0,3,6.9,3.348,0.3,0.009,93,4,773,1.579
2243,0.599,0,3,6.9,3.348,0.247,0.009,93,3,774,1.577
2244,0.6,0,4,6.901,3.348,0.3,0.01,93,3,775,1.575
2245,0.6,0,1,6.901,3.35,0.247,0.009,93,3,776,1.573
2246,0.6,0,2,6.902,3.35,0.306,0.01,93,3,777,1.572
2247,0.599,0,2,6.902,3.35,0.24,0.009,93,4,778,1.57
2248,0.6,0,3,6.903,3.35,0.306,0.008,93,3,779,1.567
2249,0.599,0,3,6.903,3.35,0.3,0.011,93,3,780,1.565
2250,0.599,0,2,6.904,3.35,0.247,0.01,93,3,781,1.563
2251,0.6,0,2,6.904,3.351,0.306,0.011,93,2,782,1.561
2252,0.599,0,3,6.905,3.351,0.306,0.009,93,4,783,1.56
2253,0.599,0,3,6.905,3.351,0.24,0.011,93,3,784,1.558
2254,0.599,0,2,6.906,3.351,0.306,0.011,93,3,785,1.555
2255,0.6,0,3,6.906,3.351,0.306,0.012,93,3,786,1.553
2256,0.6,0,3,6.906,3.352,0.323,0.013,93,3,787,1.55
2257,0.6,0,3,6.907,3.352,0.306,0.012,93,3,788,1.548
2258,0.6,0,3,6.907,3.353,0.306,0.012,93,3,789,1.546
2259,0.599,0,4,6.909,3.353,0.437,0.016,93,3,790,1.544
2260,0.6,0,2,6.909,3.353,0.365,0.015,93,2,791,1.54
2261,0.6,0,4,6.91,3.353,0.365,0.017,93,3,792,1.537
2262,0.6,0,2,6.91,3.353,0.365,0.016,93,3,793,1.533
2263,0.6,0,2,6.911,3.354,0.553,0.018,93,3,794,1.529
2264,0.6,0,1,6.911,3.354,0.612,0.019,93,2,795,1.525
2265,0.6,0,2,6.912,3.354,0.569,0.018,93,2,796,1.522
2266,0.6,0,2,6.912,3.355,0.553,0.019,93,2,797,1.518
2267,0.6,0,2,6.913,3.355,0.569,0.021,93,2,798,1.514
2268,0.599,0,3,6.913,3.356,0.612,0.025,93,2,799,1.51
2269,0.6,0,1,6.914,3.356,0.6,0.026,93,2,800,1.503
2270,0.6,0,2,6.914,3.356,0.638,0.027,93,2,801,1.496
2271,0.599,0,2,6.915,3.356,0.569,0.024,93,2,802,1.49
2272,0.599,0,3,6.915,3.356,0.591,0.025,93,2,803,1.484
2273,0.599,0,4,6.916,3.356,0.591,0.026,94,2,804,1.477
2274,0.6,0,3,6.916,3.356,0.591,0.024,94,2,805,1.471
2275,0.6,0,2,6.917,3.356,0.537,0.025,93,2,806,1.464
2276,0.599,0,3,6.917,3.356,0.618,0.027,93,2,807,1.457
2277,0.599,0,2,6.918,3.356,0.618,0.026,93,2,808,1.45
2278,0.6,0,2,6.918,3.356,0.649,0.028,93,2,809,1.444
2279,0.6,0,3,6.919,3.356,0.7,0.024,93,2,810,1.437
2280,0.599,0,4,6.919,3.356,0.732,0.027,93,2,811,1.429
2281,0.6,0,2,6.92,3.356,0.7,0.025,93,2,812,1.422
2282,0.6,0,2,6.92,3.356,0.684,0.025,94,2,813,1.415
2283,0.6,0,1,6.921,3.356,0.732,0.025,94,2,814,1.408
2284,0.6,0,2,6.921,3.356,0.684,0.022,94,2,815,1.401
2285,0.599,0,3,6.922,3.356,0.684,0.019,94,2,816,1.393
2286,0.6,0,1,6.921,3.356,0.732,0.022,94,3,817,1.385
2287,0.6,0,3,6.915,3.356,0.684,0.023,94,3,818,1.377
2288,0.6,0,1,6.909,3.356,0.684,0.021,94,2,819,1.369
2289,0.599,0,1,6.903,3.356,0.684,0.02,94,3,820,1.36
2290,0.6,0,1,6.897,3.356,0.684,0.022,94,2,821,1.352
2291,0.6,0,3,6.89,3.356,0.732,0.022,94,3,822,1.344
2292,0.6,0,3,6.884,3.356,0.684,0.022,94,2,823,1.334
2293,0.6,0,2,6.878,3.356,0.684,0.022,94,2,824,1.326
2294,0.6,0,2,6.872,3.356,0.649,0.023,94,2,825,1.316
2295,0.599,0,2,6.866,3.356,0.684,0.022,94,2,826,1.306
2296,0.599,0,2,6.86,3.356,0.684,0.024,94,2,827,1.297
2297,0.6,0,2,6.854,3.356,0.684,0.022,94,2,828,1.286
2298,0.6,0,2,6.848,3.356,0.618,0.023,94,2,829,1.276
2299,0.6,0,3,6.841,3.356,0.7,0.024,94,2,830,1.266
2300,0.6,0,1,6.835,3.356,0.752,0.026,93,2,831,1.254
2301,0.599,0,1,6.829,3.356,0.671,0.024,93,2,832,1.242
2302,0.6,0,2,6.823,3.356,0.752,0.025,93,2,833,1.231
2303,0.599,0,1,6.817,3.356,0.805,0.025,93,2,834,1.219
2304,0.6,0,1,6.811,3.356,0.836,0.026,93,2,835,1.205
2305,0.6,0,3,6.805,3.356,0.805,0.027,93,2,836,1.192
2306,0.6,0,1,6.798,3.356,0.836,0.028,93,2,837,1.178
2307,0.599,0,2,6.792,3.356,0.859,0.025,93,2,838,1.164
2308,0.599,0,1,6.786,3.356,0.78,0.027,93,2,839,1.15
2309,0.599,0,2,6.78,3.356,0.859,0.026,93,2,840,1.137
2310,0.6,0,1,6.774,3.356,0.859,0.029,94,2,841,1.123
2311,0.6,0,1,6.768,3.356,0.78,0.027,94,2,842,1.122
2312,0.6,0,1,6.762,3.356,0.859,0.029,94,2,843,1.122
2313,0.6,0,1,6.756,3.356,0.78,0.029,94,2,844,1.121
2314,0.6,0,1,6.749,3.356,0.859,0.028,94,2,845,1.121
2315,0.6,0,1,6.743,3.356,0.805,0.028,94,2,846,1.12
2316,0.6,0,1,6.737,3.356,0.78,0.025,94,2,847,1.12
2317,0.599,0,2,6.731,3.356,0.859,0.028,94,2,848,1.119
2318,0.6,0,1,6.725,3.356,0.78,0.029,94,2,849,1.119
2319,0.6,0,2,6.719,3.356,0.805,0.029,94,2,850,1.118
2320,0.6,0,1,6.713,3.356,0.836,0.029,94,2,851,1.118
2321,0.599,0,1,6.706,3.356,0.805,0.028,94,2,852,1.117
2322,0.6,0,2,6.7,3.356,0.805,0.027,94,2,853,1.116
2323,0.6,0,3,6.694,3.356,0.78,0.028,94,2,854,1.116
2324,0.6,0,1,6.688,3.356,0.859,0.026,94,2,855,1.115
2325,0.6,0,1,6.682,3.356,0.805,0.027,94,2,856,1.115
2326,0.599,0,2,6.676,3.356,0.914,0.028,94,2,857,1.114
2327,0.599,0,2,6.672,3.356,0.859,0.029,94,2,858,1.114
2328,0.599,0,1,6.666,3.356,0.939,0.027,94,2,859,1.113
2329,0.6,0,1,6.661,3.356,0.914,0.028,93,2,860,1.113
2330,0.6,0,2,6.656,3.356,1.02,0.029,93,2,861,1.112
2331,0.599,0,2,6.653,3.356,1.048,0.03,93,2,862,1.112
2332,0.6,0,2,6.649,3.356,1.207,0.032,94,2,863,1.111
2333,0.6,0,1,6.645,3.356,1.237,0.03,94,2,864,1.111
2334,0.6,0,1,6.644,3.356,1.342,0.033,94,2,865,1.11
2335,0.6,0,0,6.642,3.356,1.342,0.031,94,2,866,1.109
2336,0.6,0,1,6.642,3.356,1.396,0.031,94,2,867,1.109
2337,0.6,0,2,6.641,3.356,1.342,0.03,94,2,868,1.108
2338,0.6,0,2,6.642,3.356,1.316,0.03,94,2,869,1.108
2339,0.599,0,1,6.644,3.356,1.396,0.03,94,2,870,1.107
2340,0.6,0,0,6.648,3.356,1.342,0.029,94,2,871,1.107
2341,0.599,0,2,6.652,3.356,1.316,0.029,94,2,872,1.106
2342,0.6,0,0,6.657,3.356,1.342,0.03,94,2,873,1.106
2343,0.6,0,2,6.665,3.356,1.342,0.027,94,2,874,1.105
2344,0.6,0,1,6.672,3.356,1.316,0.025,94,2,875,1.105
2345,0.6,0,1,6.68,3.356,1.342,0.024,94,3,876,1.104
2346,0.6,0,1,6.688,3.356,1.261,0.022,94,2,877,1.102
2347,0.6,0,1,6.695,3.356,1.342,0.027,94,2,878,1.102
2348,0.599,0,1,6.702,3.356,1.261,0.025,94,2,879,1.102
2349,0.6,0,0,6.71,3.356,1.316,0.026,95,2,880,1.102
2350,0.6,0,2,6.718,3.356,1.261,0.027,95,2,881,1.101
2351,0.6,0,1,6.725,3.356,1.288,0.025,95,2,882,1.101
2352,0.6,0,1,6.732,3.356,1.261,0.027,95,2,883,1.1
2353,0.6,0,1,6.74,3.356,1.237,0.024,95,2,884,1.098
2354,0.6,0,1,6.747,3.356,1.207,0.026,95,2,885,1.098
2355,0.6,0,1,6.754,3.356,1.207,0.027,95,2,886,1.097
2356,0.6,0,1,6.761,3.356,1.182,0.026,95,2,887,1.097
2357,0.6,0,1,6.769,3.356,1.154,0.022,95,2,888,1.096
2358,0.6,0,1,6.776,3.356,1.127,0.022,96,2,889,1.096
2359,0.6,0,1,6.783,3.356,1.048,0.02,96,2,890,1.095
2360,0.599,0,1,6.79,3.356,1.073,0.022,96,2,891,1.094
2361,0.6,0,0,6.798,3.356,1.048,0.02,96,2,892,1.094
2362,0.6,0,1,6.805,3.356,0.939,0.017,96,2,893,1.093
2363,0.6,0,1,6.812,3.356,0.914,0.019,96,2,894,1.093
2364,0.6,0,1,6.819,3.356,0.859,0.017,96,2,895,1.092
2365,0.6,0,2,6.826,3.356,0.805,0.019,96,2,896,1.091
2366,0.6,0,1,6.833,3.356,0.725,0.017,96,2,897,1.091
2367,0.599,0,1,6.84,3.356,0.671,0.017,96,2,898,1.09
2368,0.6,0,0,6.847,3.356,0.591,0.014,96,2,899,1.09
2369,0.6,0,1,6.854,3.356,0.569,0.016,96,2,900,1.089
2370,0.6,0,0,6.861,3.356,0.484,0.012,96,2,901,1.089
2371,0.6,0,1,6.868,3.356,0.457,0.011,96,2,902,1.088
2372,0.6,0,1,6.874,3.356,0.457,0.01,96,2,903,1.087
2373,0.6,0,1,6.882,3.356,0.457,0.01,96,2,904,1.087
2374,0.6,0,1,6.889,3.356,1.2,0.021,96,2,905,1.086
2375,0.6,0,1,6.895,3.356,0.764,0.018,96,2,906,1.086
2376,0.6,0,0,6.902,3.356,0.433,0.01,96,2,907,1.085
2377,0.6,0,2,6.908,3.356,0.433,0.01,96,2,908,1.084
2378,0.6,0,1,6.912,3.356,0.433,0.009,96,2,909,1.084
2379,0.6,0,1,6.916,3.356,0.424,0.013,96,2,910,1.083
2380,0.6,0,1,6.918,3.356,0.537,0.014,96,2,911,1.082
2381,0.6,0,1,6.921,3.356,0.484,0.012,96,2,912,1.082
2382,0.599,0,1,6.925,3.356,0.513,0.015,96,2,913,1.081
2383,0.6,0,0,6.927,3.356,0.537,0.012,96,2,914,1.081
2384,0.6,0,2,6.93,3.356,0.537,0.013,96,2,915,1.08
2385,0.6,0,1,6.934,3.356,0.513,0.01,96,2,916,1.079
2386,0.6,0,1,6.936,3.356,0.484,0.011,96,2,917,1.079
2387,0.599,0,1,6.939,3.356,0.537,0.012,96,2,918,1.078
2388,0.599,0,1,6.943,3.356,0.513,0.011,96,2,919,1.077
2389,0.6,0,1,6.945,3.356,0.484,0.01,96,2,920,1.077
2390,0.6,0,1,6.948,3.356,0.513,0.011,96,2,921,1.076
2391,0.6,0,0,6.951,3.356,0.537,0.011,96,2,922,1.076
2392,0.6,0,1,6.954,3.356,0.484,0.011,96,2,923,1.075
2393,0.6,0,1,6.957,3.356,0.513,0.011,97,2,924,1.074
2394,0.6,0,1,6.96,3.356,0.484,0.012,97,2,925,1.074
2395,0.6,0,1,6.963,3.356,0.513,0.011,97,2,926,1.073
2396,0.599,0,1,6.966,3.356,0.484,0.01,97,2,927,1.072
2397,0.6,0,0,6.969,3.356,0.384,0.009,97,2,928,1.072
2398,0.6,0,2,6.973,3.356,0.424,0.01,97,2,929,1.071
2399,0.6,0,1,6.978,3.356,0.339,0.005,97,2,930,1.07
2400,0.6,0,1,6.981,3.356,0.384,0.009,97,2,931,1.07
2401,0.6,0,1,6.986,3.356,0.384,0.007,97,2,932,1.069
2402,0.599,0,1,6.99,3.356,0.3,0.009,97,2,933,1.068
2403,0.6,0,1,6.99,3.356,0.384,0.006,97,2,934,1.068
2404,0.6,0,1,6.991,3.356,0.339,0.005,98,2,935,1.067
2405,0.6,0,1,6.992,3.356,0.35,0.004,98,2,936,1.066
2406,0.6,0,1,6.992,3.356,0.339,0.005,98,2,937,1.066
2407,0.6,0,1,6.993,3.356,0.384,0.005,98,2,938,1.065
2408,0.6,0,1,6.994,3.356,0.35,0.005,98,2,939,1.064
2409,0.6,0,0,6.994,3.356,0.339,0.005,98,2,940,1.063
2410,0.6,0,1,6.995,3.356,0.339,0.005,98,2,941,1.063
2411,0.6,0,0,6.996,3.356,0.35,0.005,98,2,942,1.062
2412,0.6,0,1,6.996,3.356,0.339,0.005,98,2,943,1.062
2413,0.6,0,1,6.997,3.356,0.35,0.005,98,2,944,1.061
2414,0.6,0,1,6.998,3.356,0.339,0.005,98,2,945,1.06
2415,0.6,0,1,6.999,3.356,0.35,0.006,98,2,946,1.059
2416,0.6,0,1,6.999,3.356,0.339,0.005,98,2,947,1.059
2417,0.6,0,1,7.0,3.356,0.3,0.004,97,2,948,1.057
2418,0.6,0,1,7.001,3.356,0.384,0.005,97,2,949,1.057
2419,0.6,0,0,7.001,3.356,0.216,0.003,97,2,950,1.057
2420,0.6,0,2,7.002,3.356,0.216,0.004,97,2,951,1.056
2421,0.6,0,1,7.003,3.356,0.916,0.011,97,2,952,1.055
2422,0.6,0,1,7.004,3.356,1.191,0.013,97,2,953,1.054
2423,0.6,0,1,7.004,3.356,1.022,0.011,98,2,954,1.054
2424,0.599,0,1,7.005,3.356,0.469,0.006,98,2,955,1.052
2425,0.6,0,0,7.006,3.356,0.06,0.001,98,2,956,1.051
2426,0.6,0,1,7.006,3.356,0.17,0.003,98,2,957,1.051
2427,0.6,0,0,7.007,3.356,0.339,0.004,98,2,958,1.05
2428,0.6,0,2,7.008,3.356,0.339,0.005,98,2,959,1.05
2429,0.6,0,1,7.009,3.356,0.35,0.003,98,2,960,1.049
2430,0.6,0,1,7.009,3.356,0.339,0.005,98,2,961,1.049
2431,0.6,0,1,7.01,3.356,0.085,0.002,98,2,962,1.048
2432,0.599,0,1,7.011,3.356,0.085,0.002,98,2,963,1.046
2433,0.6,0,1,7.012,3.356,0.06,0.001,98,2,964,1.045
2434,0.6,0,1,7.013,3.356,0.085,0.001,98,2,965,1.044
2435,0.6,0,0,7.013,3.356,0.06,0.001,98,2,966,1.044
2436,0.6,0,2,7.014,3.356,0.06,0.001,98,2,967,1.043
2437,0.6,0,1,7.015,3.356,0.06,0.001,98,2,968,1.043
2438,0.6,0,2,7.016,3.356,0.06,0.001,98,2,969,1.042
2439,0.6,0,1,7.016,3.356,0.06,0.001,98,2,970,1.041
2440,0.6,0,1,7.017,3.356,0.085,0.001,98,2,971,1.04
2441,0.6,0,1,7.018,3.356,0.06,0.001,98,2,972,1.039
2442,0.6,0,1,7.019,3.356,0.085,0.001,98,2,973,1.038
2443,0.6,0,2,7.02,3.356,0.06,0.001,98,2,974,1.037
2444,0.6,0,2,7.021,3.356,0.06,0.001,98,2,975,1.037
2445,0.6,0,1,7.021,3.356,0.06,0.001,98,2,976,1.037
2446,0.6,0,1,7.022,3.356,0.085,0.001,98,2,977,1.036
2447,0.6,0,1,7.024,3.356,0.06,0.001,98,2,978,1.034
2448,0.599,0,1,7.025,3.356,0.06,0.001,98,2,979,1.033
2449,0.6,0,1,7.025,3.356,0.06,0.001,98,2,980,1.032
2450,0.6,0,1,7.026,3.356,0.085,0.001,98,2,981,1.031
2451,0.6,0,0,7.026,3.356,0.06,0.001,98,2,982,1.031
2452,0.6,0,2,7.026,3.356,0.085,0.001,98,2,983,1.03
2453,0.6,0,1,7.026,3.356,0.06,0.001,98,2,984,1.03
2454,0.6,0,2,7.026,3.356,0.085,0.002,98,2,985,1.029
2455,0.599,0,1,7.026,3.356,0.06,0.001,98,2,986,1.027
2456,0.6,0,0,7.026,3.356,0.06,0.001,98,2,987,1.026
2457,0.6,0,1,7.026,3.356,0.06,0.001,98,2,988,1.025
2458,0.6,0,0,7.026,3.356,0.06,0.001,98,2,989,1.024
2459,0.6,0,2,7.026,3.356,0.06,0.001,98,2,990,1.024
2460,0.6,0,1,7.026,3.356,0.06,0.001,98,2,991,1.023
2461,0.6,0,1,7.026,3.356,0.06,0.001,98,2,992,1.023
2462,0.6,0,1,7.026,3.356,0.06,0.001,98,2,993,1.022
2463,0.6,0,1,7.026,3.356,0.085,0.001,98,2,994,1.021
2464,0.6,0,0,7.026,3.356,0.06,0.001,98,2,995,1.019
2465,0.6,0,1,7.026,3.356,0.06,0.001,98,2,996,1.018
2466,0.6,0,0,7.026,3.356,0.06,0.001,98,2,997,1.017
2467,0.6,0,1,7.026,3.356,0.085,0.001,98,2,998,1.017
2468,0.6,0,1,7.026,3.356,0.06,0.001,98,2,999,1.016
2469,0.6,0,1,7.026,3.356,0.085,0.001,98,2,1000,1.015
2470,0.6,0,1,7.026,3.356,0.06,0.001,98,2,1001,1.014
2471,0.6,0,1,7.026,3.356,0.085,0.002,98,2,1002,1.013
2472,0.6,0,1,7.026,3.356,0.12,0.002,98,1,616,1.011
2473,0.599,0,1,7.026,3.356,0.06,0.001,98,2,617,1.01
2474,0.6,0,1,7.026,3.356,0.06,0.001,98,2,618,1.009
2475,0.599,0,1,7.026,3.356,0.06,0.001,98,2,619,1.008
2476,0.6,0,0,7.026,3.356,0.06,0.001,98,2,620,1.007
2477,0.6,0,2,7.026,3.356,0.085,0.001,98,2,621,1.006
2478,0.6,0,1,7.026,3.356,0.06,0.001,98,2,622,1.005
2479,0.6,0,2,7.026,3.356,0.06,0.001,98,2,623,1.004
2480,0.6,0,1,7.026,3.356,0.134,0.002,98,1,624,1.003
2481,0.599,0,1,7.026,3.356,0.085,0.001,98,2,625,1.001
2482,0.6,0,1,7.026,3.356,0.06,0.001,98,2,626,1.0
2483,0.599,0,1,7.026,3.356,0.085,0.001,98,2,627,0.999
2484,0.6,0,1,7.026,3.356,0.12,0.002,98,1,628,0.998
2485,0.6,0,0,7.026,3.356,0.06,0.001,98,2,629,0.996
2486,0.6,0,2,7.026,3.356,0.06,0.001,98,2,630,0.995
2487,0.6,0,1,7.026,3.356,0.06,0.001,98,2,631,0.994
2488,0.6,0,1,7.026,3.356,0.12,0.002,98,1,632,0.993
2489,0.6,0,1,7.026,3.356,0.06,0.001,98,2,633,0.991
2490,0.6,0,1,7.026,3.356,0.134,0.002,98,1,634,0.99
2491,0.6,0,1,7.026,3.356,0.06,0.001,98,2,635,0.988
2492,0.6,0,1,7.026,3.356,0.12,0.002,98,1,636,0.987
2493,0.6,0,0,7.026,3.356,0.06,0.001,98,2,637,0.985
2494,0.6,0,1,7.026,3.356,0.12,0.002,98,1,638,0.984
2495,0.6,0,0,7.026,3.356,0.06,0.001,98,2,639,0.982
2496,0.6,0,1,7.026,3.356,0.12,0.002,98,1,640,0.981
2497,0.6,0,1,7.026,3.356,0.12,0.002,98,1,641,0.979
2498,0.6,0,1,7.026,3.356,0.12,0.002,98,1,642,0.977
2499,0.6,0,1,7.026,3.356,0.06,0.001,98,2,643,0.976
2500,0.6,0,1,7.026,3.356,0.12,0.002,98,1,644,0.975
2501,0.6,0,1,7.026,3.356,0.134,0.003,98,0,0,0.973
2502,0.6,0,1,7.026,3.356,0.12,0.002,98,1,1,0.971
2503,0.599,0,1,7.026,3.356,0.18,0.003,98,1,2,0.969
2504,0.6,0,1,7.026,3.356,0.12,0.002,98,1,3,0.966
2505,0.599,0,1,7.026,3.356,0.18,0.003,98,0,0,0.964
2506,0.6,0,1,7.026,3.356,0.12,0.002,98,1,1,0.961
2507,0.6,0,1,7.026,3.356,0.18,0.003,98,1,2,0.959
2508,0.6,0,0,7.026,3.356,0.18,0.003,98,0,0,0.956
2509,0.6,0,1,7.026,3.356,0.24,0.003,98,1,1,0.953
2510,0.6,0,0,7.026,3.356,0.3,0.004,98,0,0,0.95
2511,0.6,0,0,7.026,3.356,0.36,0.005,98,0,0,0.945
2512,0.6,0,1,7.026,3.356,0.42,0.006,98,0,0,0.939
2513,0.6,0,0,7.026,3.356,0.42,0.005,98,0,0,0.933
2514,0.6,0,0,7.026,3.356,0.6,0.007,98,0,0,0.926
2515,0.6,0,0,7.026,3.356,0.6,0.008,98,0,0,0.916
2516,0.6,0,0,7.026,3.356,0.663,0.008,98,0,0,0.907
2517,0.6,0,1,7.026,3.356,0.6,0.008,98,0,0,0.896
2518,0.601,0,0,7.026,3.356,0.603,0.009,98,0,0,0.887
2519,0.6,0,1,7.026,3.356,0.543,0.008,98,0,0,0.877
2520,0.599,0,1,7.026,3.356,0.603,0.008,98,0,0,0.868
2521,0.6,0,1,7.026,3.356,0.603,0.009,98,0,0,0.859
2522,0.6,0,0,7.026,3.356,0.543,0.009,98,0,0,0.849
2523,0.6,0,1,7.026,3.356,0.612,0.009,98,0,0,0.84
2524,0.599,0,1,7.026,3.356,0.543,0.009,98,0,0,0.83
2525,0.6,0,1,7.026,3.356,0.553,0.008,98,0,0,0.821
2526,0.599,0,1,7.026,3.356,0.603,0.01,98,0,0,0.812
2527,0.6,0,0,7.026,3.356,0.569,0.009,98,0,0,0.802
2528,0.599,0,1,7.026,3.356,0.553,0.009,98,0,0,0.793
2529,0.6,0,0,7.026,3.356,0.553,0.01,98,0,0,0.784
2530,0.6,0,0,7.026,3.356,0.569,0.009,98,0,0,0.775
2531,0.6,0,1,7.026,3.356,0.569,0.01,98,0,0,0.765
2532,0.6,0,1,7.026,3.356,0.553,0.01,98,0,0,0.756
2533,0.6,0,0,7.026,3.356,0.591,0.01,98,0,0,0.747
2534,0.599,0,1,7.026,3.356,0.569,0.01,98,0,0,0.737
2535,0.6,0,0,7.026,3.356,0.591,0.01,98,0,0,0.727
2536,0.599,0,1,7.026,3.356,0.646,0.012,98,0,0,0.718
2537,0.6,0,1,7.026,3.356,0.671,0.013,98,0,0,0.707
2538,0.6,0,1,7.026,3.356,1.183,0.017,98,0,0,0.696
2539,0.6,0,0,7.026,3.356,1.37,0.019,98,0,0,0.676
2540,0.601,0,0,7.026,3.356,1.37,0.023,98,0,0,0.654
2541,0.599,0,1,7.026,3.356,1.37,0.023,98,0,0,0.631
2542,0.6,0,0,7.026,3.356,1.37,0.023,98,0,0,0.608
2543,0.604,0,0,7.026,3.356,1.37,0.022,98,0,0,0.586
2544,0.609,0,0,7.026,3.356,1.37,0.022,98,0,0,0.563
2545,0.617,0,0,7.026,3.356,1.37,0.021,98,0,0,0.541
2546,0.626,0,0,7.026,3.356,1.37,0.021,98,0,0,0.518
2547,0.637,0,0,7.026,3.356,1.399,0.021,98,0,0,0.496
2548,0.648,0,0,7.026,3.356,1.37,0.019,98,0,0,0.473
2549,0.662,0,0,7.026,3.356,1.317,0.018,98,0,0,0.451
2550,0.676,0,0,7.026,3.356,1.342,0.018,98,0,0,0.429
2551,0.692,0,0,7.026,3.356,1.37,0.017,98,0,0,0.407
2552,0.708,0,0,7.026,3.356,1.317,0.017,98,0,0,0.385
2553,0.718,0,0,7.026,3.356,1.37,0.022,98,0,0,0.364
2554,0.722,0,0,7.026,3.356,1.317,0.02,98,0,0,0.342
2555,0.725,0,0,7.026,3.356,1.37,0.022,98,0,0,0.321
2556,0.729,0,0,7.026,3.356,1.288,0.022,98,0,0,0.299
2557,0.732,0,0,7.026,3.356,1.317,0.022,98,0,0,0.279
2558,0.735,0,0,7.026,3.356,1.235,0.021,98,0,0,0.258
2559,0.739,0,0,7.026,3.356,1.288,0.021,98,0,0,0.239
2560,0.743,0,0,7.026,3.356,1.235,0.021,98,0,0,0.22
2561,0.747,0,0,7.026,3.356,1.235,0.021,98,0,0,0.201
2562,0.751,0,0,7.026,3.356,1.154,0.02,98,0,0,0.183
2563,0.755,0,0,7.026,3.356,1.101,0.019,98,0,0,0.167
2564,0.758,0,0,7.026,3.356,1.101,0.018,98,0,0,0.152
2565,0.764,0,0,7.026,3.356,1.02,0.015,98,0,0,0.138
2566,0.772,0,0,7.026,3.356,0.886,0.012,98,0,0,0.126
2567,0.781,0,0,7.026,3.356,0.805,0.012,98,0,0,0.116
2568,0.79,0,0,7.026,3.356,0.671,0.011,98,0,0,0.108
2569,0.796,0,0,7.026,3.356,0.591,0.01,98,0,0,0.102
2570,0.801,0,0,7.026,3.356,0.402,0.008,98,0,0,0.097
2571,0.804,0,0,7.026,3.356,0.402,0.009,98,0,0,0.095
2572,0.806,0,0,7.026,3.356,0.3,0.006,98,0,0,0.093
2573,0.806,0,0,7.026,3.356,1.08,0.018,98,0,0,0.091
2574,0.808,0,0,7.026,3.356,1.358,0.021,98,0,0,0.084
2575,0.819,0,0,7.026,3.356,1.298,0.02,98,0,0,0.077
2576,0.844,0,0,7.026,3.356,1.36,0.018,99,0,0,0.071
2577,0.864,0,0,7.026,3.356,0.424,0.009,99,0,0,0.065
2578,0.875,0,0,7.026,3.356,0.384,0.004,99,0,0,0.059
2579,0.88,0,0,7.026,3.356,0.402,0.008,99,0,0,0.053
2580,0.877,0,0,7.026,3.356,0.339,0.005,100,0,0,0.048
2581,0.88,0,0,7.026,3.356,0.384,0.005,100,0,0,0.042
2582,0.885,0,0,7.026,3.356,0.339,0.004,100,0,0,0.036
2583,0.888,0,0,7.026,3.356,0.384,0.004,100,0,0,0.03
2584,0.892,0,0,7.026,3.356,0.339,0.004,100,0,0,0.024
2585,0.896,0,0,7.026,3.356,0.384,0.005,100,0,0,0.019
2586,0.896,0,0,7.026,3.356,0.339,0.004,100,0,0,0.014
2587,0.896,0,0,7.026,3.356,0.384,0.005,100,0,0,0.011
2588,0.895,0,0,7.026,3.356,0.339,0.003,100,0,0,0.009
2589,0.891,0,0,7.026,3.356,0.3,0.004,100,0,0,0.012
2590,0.887,0,0,7.026,3.356,0.384,0.004,100,0,0,0.015
2591,0.883,0,0,7.026,3.356,0.339,0.005,100,0,0,0.021
2592,0.878,0,0,7.026,3.356,0.384,0.004,100,0,0,0.026
2593,0.874,0,0,7.026,3.356,0.339,0.004,100,0,0,0.032
2594,0.869,0,0,7.026,3.356,0.3,0.003,100,0,0,0.037
2595,0.866,0,0,7.026,3.356,0.17,0.002,100,0,0,0.042
2596,0.864,0,0,7.026,3.356,0.424,0.006,100,0,0,0.045
2597,0.865,0,0,7.026,3.356,1.316,0.014,100,0,0,0.04
2598,0.881,0,0,7.026,3.356,1.062,0.011,100,0,0,0.02
2599,0.894,0,0,7.026,3.356,0.0,0.0,100,0,0,0.009
2600,0.894,0,0,7.026,3.356,0.255,0.003,100,0,0,0.009
2601,0.897,0,0,7.026,3.356,0.3,0.003,100,0,0,0.005
2602,0.9,0,0,7.026,3.356,0.0,0.0,100,0,0,0.0
2603,0.9,0,0,7.026,3.356,0.0,0.0,100,0,0,0.0
2604,0.9,0,0,7.026,3.356,0.0,0.0,100,0,0,0.0
2605,0.9,0,0,7.026,3.356,0.0,0.0,100,0,0,0.0
2606,0.9,0,0,7.026,3.356,0.0,0.0,100,0,0,0.0
2607,0.9,0,0,7.026,3.356,0.0,0.0,100,0,0,0.0
2608,0.9,0,0,7.026,3.356,0.0,0.0,100,0,0,0.0
2609,0.9,0,0,7.026,3.356,0.0,0.0,100,0,0,0.0
2610,0.9,0,0,7.026,3.356,0.0,0.0,100,0,0,0.0
2611,0.9,0,0,7.026,3.356,0.0,0.0,100,0,0,0.0
2612,0.9,0,0,7.026,3.356,0.0,0.0,100,0,0,0.0
2613,0.9,0,0,7.026,3.356,0.0,0.0,100,0,0,0.0
2614,0.9,0,0,7.026,3.356,0.0,0.0,100,0,0,0.0
2615,0.9,0,0,7.026,3.356,0.0,0.0,100,0,0,0.0
2616,0.9,0,0,7.026,3.356,0.0,0.0,100,0,0,0.0
2617,0.9,0,0,7.026,3.356,0.0,0.0,100,0,0,0.0
2618,0.9,0,0,7.026,3.356,0.0,0.0,100,0,0,0.0
2619,0.9,0,0,7.026,3.356,0.0,0.0,100,0,0,0.0
2620,0.9,0,0,7.026,3.356,0.0,0.0,100,0,0,0.0
2621,0.9,0,0,7.026,3.356,0.0,0.0,100,0,0,0.0
2622,0.9,0,0,7.026,3.356,0.0,0.0,100,0,0,0.0
2623,0.9,0,0,7.026,3.356,0.0,0.0,100,0,0,0.0
2624,0.9,0,0,7.026,3.356,0.0,0.0,100,0,0,0.0
2625,0.9,0,0,7.026,3.356,0.0,0.0,100,0,0,0.0
2626,0.9,0,0,7.026,3.356,0.0,0.0,100,0,0,0.0
2627,0.9,0,0,7.026,3.356,0.0,0.0,100,0,0,0.0
2628,0.9,0,0,7.026,3.356,0.0,0.0,100,0,0,0.0
2629,0.9,0,0,7.026,3.356,0.0,0.0,100,0,0,0.0
2630,0.9,0,0,7.026,3.356,0.0,0.0,100,0,0,0.0
2631,0.9,0,0,7.026,3.356,0.0,0.0,100,0,0,0.0
2632,0.9,0,0,7.026,3.356,0.0,0.0,100,0,0,0.0
2633,0.9,0,0,7.026,3.356,0.0,0.0,100,0,0,0.0
2634,0.9,0,0,7.026,3.356,0.0,0.0,100,0,0,0.0
2635,0.9,0,0,7.026,3.356,0.0,0.0,100,0,0,0.0
2636,0.9,0,0,7.026,3.356,0.0,0.0,100,0,0,0.0
2637,0.9,0,0,7.026,3.356,0.0,0.0,100,0,0,0.0
2638,0.9,0,0,7.026,3.356,0.0,0.0,100,0,0,0.0
2639,0.9,0,0,7.026,3.356,0.0,0.0,100,0,0,0.0
2640,0.9,0,0,7.026,3.356,0.0,0.0,100,0,0,0.0
2641,0.9,0,0,7.026,3.356,0.0,0.0,100,0,0,0.0
2642,0.9,0,0,7.026,3.356,0.0,0.0,100,0,0,0.0
2643,0.9,0,0,7.026,3.356,0.0,0.0,100,0,0,0.0
2644,0.9,0,0,7.026,3.356,0.0,0.0,100,0,0,0.0
2645,0.9,0,0,7.026,3.356,0.0,0.0,100,0,0,0.0
2646,0.9,0,0,7.026,3.356,0.0,0.0,100,0,0,0.0
2647,0.9,0,0,7.026,3.356,0.0,0.0,100,0,0,0.0
2648,0.9,0,0,7.026,3.356,0.0,0.0,100,0,0,0.0
2649,0.9,0,0,7.026,3.356,0.0,0.0,100,0,0,0.0
2650,0.9,0,0,7.026,3.356,0.0,0.0,100,0,0,0.0
2651,0.9,0,0,7.026,3.356,0.0,0.0,100,0,0,0.0
2652,0.9,0,0,7.026,3.356,0.0,0.0,100,0,0,0.0
2653,0.9,0,0,7.026,3.356,0.0,0.0,100,0,0,0.0
2654,0.9,0,0,7.026,3.356,0.0,0.0,100,0,0,0.0
2655,0.9,0,0,7.026,3.356,0.0,0.0,100,0,0,0.0
2656,0.9,0,0,7.026,3.356,0.0,0.0,100,0,0,0.0
2657,0.9,0,0,7.026,3.356,0.0,0.0,100,0,0,0.0
2658,0.9,0,0,7.026,3.356,0.0,0.0,100,0,0,0.0
2659,0.9,0,0,7.026,3.356,0.0,0.0,100,0,0,0.0
2660,0.9,0,0,7.026,3.356,0.0,0.0,100,0,0,0.0
2661,0.9,0,0,7.026,3.356,0.0,0.0,100,0,0,0.0
2662,0.9,0,0,7.026,3.356,0.0,0.0,100,0,0,0.0
2663,0.9,0,0,7.026,3.356,0.0,0.0,100,0,0,0.0
2664,0.9,0,0,7.026,3.356,0.0,0.0,100,0,0,0.0
2665,0.9,0,0,7.026,3.356,0.0,0.0,100,0,0,0.0
2666,0.9,0,0,7.026,3.356,0.0,0.0,100,0,0,0.0
2667,0.9,0,0,7.026,3.356,0.0,0.0,100,0,0,0.0
2668,0.9,0,0,7.026,3.356,0.0,0.0,100,0,0,0.0
2669,0.9,0,0,7.026,3.356,0.0,0.0,100,0,0,0.0
2670,0.9,0,0,7.026,3.356,0.0,0.0,100,0,0,0.0
2671,0.9,0,0,7.026,3.356,0.0,0.0,100,0,0,0.0
2672,0.9,0,0,7.026,3.356,0.0,0.0,100,0,0,0.0
2673,0.9,0,0,7.026,3.356,0.0,0.0,100,0,0,0.0
2674,0.9,0,0,7.026,3.356,0.0,0.0,100,0,0,0.0
2675,0.9,0,0,7.026,3.356,0.0,0.0,100,0,0,0.0
2676,0.9,0,0,7.026,3.356,0.0,0.0,100,0,0,0.0
2677,0.9,0,0,7.026,3.356,0.0,0.0,100,0,0,0.0
2678,0.9,0,0,7.026,3.356,0.0,0.0,100,0,0,0.0
2679,0.9,0,0,7.026,3.356,0.0,0.0,100,0,0,0.0
2680,0.9,0,0,7.026,3.356,0.0,0.0,100,0,0,0.0
2681,0.9,0,0,7.026,3.356,0.0,0.0,100,0,0,0.0
2682,0.9,0,0,7.026,3.356,0.0,0.0,100,0,0,0.0
2683,0.9,0,0,7.026,3.356,0.0,0.0,100,0,0,0.0
2684,0.9,0,0,7.026,3.356,0.0,0.0,100,0,0,0.0
2685,0.9,0,0,7.026,3.356,0.0,0.0,100,0,0,0.0
2686,0.9,0,0,7.026,3.356,0.0,0.0,100,0,0,0.0
2687,0.9,0,0,7.026,3.356,0.0,0.0,100,0,0,0.0
2688,0.9,0,0,7.026,3.356,0.0,0.0,100,0,0,0.0
2689,0.9,0,0,7.026,3.356,0.0,0.0,100,0,0,0.0
2690,0.9,0,0,7.026,3.356,0.0,0.0,100,0,0,0.0
2691,0.9,0,0,7.026,3.356,0.0,0.0,100,0,0,0.0
2692,0.9,0,0,7.026,3.356,0.0,0.0,100,0,0,0.0
2693,0.9,0,0,7.026,3.356,0.0,0.0,100,0,0,0.0
2694,0.9,0,0,7.026,3.356,0.0,0.0,100,0,0,0.0
2695,0.9,0,0,7.026,3.356,0.0,0.0,100,0,0,0.0
2696,0.9,0,0,7.026,3.356,0.0,0.0,100,0,0,0.0
2697,0.9,0,0,7.026,3.356,0.0,0.0,100,0,0,0.0
2698,0.9,0,0,7.026,3.356,0.0,0.0,100,0,0,0.0
2699,0.9,0,0,7.026,3.356,0.0,0.0,100,0,0,0.0
2700,0.9,0,0,7.026,3.356,,,100,0,0,0.0
